"item1","item2","item3","item4","item5","item6","item7","item8","item9","item10","sector"
0.827390538225007,2.74386668704046,1.66484171960803,2.8526658423932,2.42871346956862,2.65415922171919,2.5142343233477,1.61745867181288,0.871212397437695,3.54767362482383,"private"
0.827390538225007,1.82924445802697,3.32968343921607,2.8526658423932,2.42871346956862,2.65415922171919,2.5142343233477,2.42618800771932,2.61363719231309,2.66075521861787,"private"
3.30956215290003,4.57311114506743,1.66484171960803,4.75444307065534,4.04785578261436,1.76943948114612,4.19039053891284,4.04364667953219,3.48484958975078,3.54767362482383,"private"
2.48217161467502,3.65848891605394,2.49726257941205,2.8526658423932,3.23828462609149,2.65415922171919,2.5142343233477,3.23491734362575,1.74242479487539,2.66075521861787,"private"
2.48217161467502,2.74386668704046,1.66484171960803,2.8526658423932,2.42871346956862,2.65415922171919,2.5142343233477,2.42618800771932,1.74242479487539,2.66075521861787,"private"
1.65478107645001,1.82924445802697,1.66484171960803,1.90177722826214,3.23828462609149,4.42359870286531,2.5142343233477,1.61745867181288,3.48484958975078,4.43459203102979,"private"
1.65478107645001,0.914622229013485,2.49726257941205,2.8526658423932,3.23828462609149,4.42359870286531,3.35231243113027,0.808729335906439,3.48484958975078,3.54767362482383,"private"
3.30956215290003,4.57311114506743,4.16210429902009,3.80355445652427,4.04785578261436,4.42359870286531,0.838078107782567,4.04364667953219,0.871212397437695,4.43459203102979,"private"
3.30956215290003,2.74386668704046,2.49726257941205,2.8526658423932,2.42871346956862,3.53887896229225,1.67615621556513,2.42618800771932,1.74242479487539,2.66075521861787,"private"
0.827390538225007,1.82924445802697,2.49726257941205,1.90177722826214,0.809571156522872,4.42359870286531,4.19039053891284,0.808729335906439,3.48484958975078,4.43459203102979,"private"
0.827390538225007,2.74386668704046,2.49726257941205,1.90177722826214,4.04785578261436,2.65415922171919,4.19039053891284,0.808729335906439,2.61363719231309,2.66075521861787,"private"
1.65478107645001,1.82924445802697,2.49726257941205,2.8526658423932,3.23828462609149,3.53887896229225,1.67615621556513,3.23491734362575,1.74242479487539,2.66075521861787,"private"
1.65478107645001,1.82924445802697,2.49726257941205,2.8526658423932,2.42871346956862,3.53887896229225,2.5142343233477,2.42618800771932,1.74242479487539,3.54767362482383,"private"
2.48217161467502,2.74386668704046,2.49726257941205,2.8526658423932,2.42871346956862,2.65415922171919,3.35231243113027,1.61745867181288,4.35606198718848,2.66075521861787,"private"
3.30956215290003,3.65848891605394,0.832420859804017,3.80355445652427,0.809571156522872,1.76943948114612,0.838078107782567,2.42618800771932,0.871212397437695,2.66075521861787,"private"
0.827390538225007,2.74386668704046,2.49726257941205,3.80355445652427,1.61914231304574,3.53887896229225,4.19039053891284,2.42618800771932,2.61363719231309,3.54767362482383,"private"
2.48217161467502,2.74386668704046,1.66484171960803,3.80355445652427,2.42871346956862,4.42359870286531,2.5142343233477,2.42618800771932,1.74242479487539,2.66075521861787,"private"
2.48217161467502,2.74386668704046,1.66484171960803,2.8526658423932,1.61914231304574,3.53887896229225,1.67615621556513,3.23491734362575,1.74242479487539,2.66075521861787,"private"
3.30956215290003,3.65848891605394,1.66484171960803,3.80355445652427,2.42871346956862,2.65415922171919,1.67615621556513,4.04364667953219,1.74242479487539,1.77383681241192,"private"
0.827390538225007,1.82924445802697,4.16210429902009,1.90177722826214,4.04785578261436,3.53887896229225,3.35231243113027,1.61745867181288,4.35606198718848,3.54767362482383,"private"
2.48217161467502,3.65848891605394,2.49726257941205,3.80355445652427,1.61914231304574,1.76943948114612,2.5142343233477,1.61745867181288,0.871212397437695,2.66075521861787,"private"
4.13695269112503,3.65848891605394,0.832420859804017,3.80355445652427,0.809571156522872,1.76943948114612,4.19039053891284,4.04364667953219,0.871212397437695,1.77383681241192,"private"
3.30956215290003,2.74386668704046,1.66484171960803,3.80355445652427,1.61914231304574,2.65415922171919,1.67615621556513,3.23491734362575,0.871212397437695,1.77383681241192,"private"
1.65478107645001,1.82924445802697,3.32968343921607,0.950888614131068,1.61914231304574,3.53887896229225,2.5142343233477,1.61745867181288,3.48484958975078,4.43459203102979,"private"
3.30956215290003,0.914622229013485,2.49726257941205,3.80355445652427,1.61914231304574,3.53887896229225,0.838078107782567,4.04364667953219,0.871212397437695,2.66075521861787,"private"
2.48217161467502,3.65848891605394,1.66484171960803,3.80355445652427,1.61914231304574,2.65415922171919,1.67615621556513,3.23491734362575,1.74242479487539,1.77383681241192,"private"
3.30956215290003,3.65848891605394,1.66484171960803,3.80355445652427,1.61914231304574,2.65415922171919,0.838078107782567,3.23491734362575,0.871212397437695,2.66075521861787,"private"
3.30956215290003,3.65848891605394,1.66484171960803,3.80355445652427,1.61914231304574,0.884719740573062,1.67615621556513,2.42618800771932,0.871212397437695,0.886918406205958,"private"
0.827390538225007,1.82924445802697,3.32968343921607,1.90177722826214,1.61914231304574,3.53887896229225,3.35231243113027,0.808729335906439,3.48484958975078,3.54767362482383,"private"
1.65478107645001,2.74386668704046,2.49726257941205,3.80355445652427,2.42871346956862,2.65415922171919,0.838078107782567,1.61745867181288,2.61363719231309,1.77383681241192,"private"
2.48217161467502,2.74386668704046,1.66484171960803,3.80355445652427,1.61914231304574,2.65415922171919,2.5142343233477,3.23491734362575,1.74242479487539,2.66075521861787,"private"
4.13695269112503,4.57311114506743,1.66484171960803,4.75444307065534,1.61914231304574,1.76943948114612,1.67615621556513,4.04364667953219,1.74242479487539,1.77383681241192,"private"
1.65478107645001,2.74386668704046,2.49726257941205,2.8526658423932,2.42871346956862,2.65415922171919,1.67615621556513,1.61745867181288,1.74242479487539,2.66075521861787,"private"
0.827390538225007,1.82924445802697,2.49726257941205,2.8526658423932,3.23828462609149,3.53887896229225,3.35231243113027,1.61745867181288,2.61363719231309,3.54767362482383,"private"
2.48217161467502,2.74386668704046,1.66484171960803,2.8526658423932,2.42871346956862,2.65415922171919,1.67615621556513,3.23491734362575,1.74242479487539,0.886918406205958,"private"
4.13695269112503,3.65848891605394,0.832420859804017,4.75444307065534,0.809571156522872,2.65415922171919,1.67615621556513,4.04364667953219,0.871212397437695,1.77383681241192,"private"
2.48217161467502,1.82924445802697,2.49726257941205,2.8526658423932,1.61914231304574,4.42359870286531,0.838078107782567,4.04364667953219,0.871212397437695,2.66075521861787,"private"
2.48217161467502,2.74386668704046,2.49726257941205,2.8526658423932,2.42871346956862,2.65415922171919,2.5142343233477,2.42618800771932,2.61363719231309,2.66075521861787,"private"
0.827390538225007,1.82924445802697,4.16210429902009,0.950888614131068,2.42871346956862,4.42359870286531,2.5142343233477,0.808729335906439,1.74242479487539,3.54767362482383,"private"
2.48217161467502,2.74386668704046,3.32968343921607,1.90177722826214,2.42871346956862,3.53887896229225,2.5142343233477,3.23491734362575,1.74242479487539,2.66075521861787,"private"
1.65478107645001,2.74386668704046,2.49726257941205,2.8526658423932,2.42871346956862,2.65415922171919,1.67615621556513,2.42618800771932,1.74242479487539,1.77383681241192,"private"
2.48217161467502,2.74386668704046,2.49726257941205,2.8526658423932,3.23828462609149,2.65415922171919,2.5142343233477,1.61745867181288,2.61363719231309,2.66075521861787,"private"
1.65478107645001,1.82924445802697,3.32968343921607,2.8526658423932,3.23828462609149,4.42359870286531,2.5142343233477,1.61745867181288,1.74242479487539,2.66075521861787,"private"
0.827390538225007,0.914622229013485,4.16210429902009,0.950888614131068,4.04785578261436,4.42359870286531,4.19039053891284,0.808729335906439,4.35606198718848,4.43459203102979,"private"
0.827390538225007,2.74386668704046,2.49726257941205,0.950888614131068,0.809571156522872,4.42359870286531,4.19039053891284,0.808729335906439,4.35606198718848,4.43459203102979,"private"
0.827390538225007,0.914622229013485,4.16210429902009,0.950888614131068,0.809571156522872,4.42359870286531,2.5142343233477,2.42618800771932,2.61363719231309,4.43459203102979,"private"
1.65478107645001,1.82924445802697,2.49726257941205,2.8526658423932,2.42871346956862,1.76943948114612,2.5142343233477,2.42618800771932,1.74242479487539,2.66075521861787,"private"
0.827390538225007,2.74386668704046,0.832420859804017,0.950888614131068,3.23828462609149,4.42359870286531,4.19039053891284,0.808729335906439,4.35606198718848,4.43459203102979,"private"
1.65478107645001,0.914622229013485,3.32968343921607,2.8526658423932,3.23828462609149,3.53887896229225,2.5142343233477,1.61745867181288,2.61363719231309,2.66075521861787,"private"
2.48217161467502,2.74386668704046,2.49726257941205,2.8526658423932,2.42871346956862,2.65415922171919,2.5142343233477,2.42618800771932,2.61363719231309,2.66075521861787,"private"
0.827390538225007,2.74386668704046,2.49726257941205,1.90177722826214,4.04785578261436,4.42359870286531,3.35231243113027,0.808729335906439,4.35606198718848,4.43459203102979,"private"
2.48217161467502,2.74386668704046,2.49726257941205,2.8526658423932,2.42871346956862,2.65415922171919,1.67615621556513,3.23491734362575,0.871212397437695,0.886918406205958,"private"
0.827390538225007,0.914622229013485,2.49726257941205,1.90177722826214,2.42871346956862,2.65415922171919,3.35231243113027,0.808729335906439,0.871212397437695,2.66075521861787,"private"
0.827390538225007,0.914622229013485,4.16210429902009,1.90177722826214,4.04785578261436,4.42359870286531,4.19039053891284,1.61745867181288,3.48484958975078,4.43459203102979,"private"
1.65478107645001,1.82924445802697,1.66484171960803,2.8526658423932,2.42871346956862,1.76943948114612,1.67615621556513,2.42618800771932,0.871212397437695,0.886918406205958,"private"
0.827390538225007,0.914622229013485,3.32968343921607,1.90177722826214,4.04785578261436,3.53887896229225,3.35231243113027,1.61745867181288,2.61363719231309,3.54767362482383,"private"
1.65478107645001,2.74386668704046,1.66484171960803,2.8526658423932,2.42871346956862,2.65415922171919,2.5142343233477,1.61745867181288,2.61363719231309,2.66075521861787,"private"
0.827390538225007,1.82924445802697,2.49726257941205,2.8526658423932,2.42871346956862,3.53887896229225,2.5142343233477,1.61745867181288,2.61363719231309,2.66075521861787,"private"
3.30956215290003,3.65848891605394,0.832420859804017,3.80355445652427,0.809571156522872,0.884719740573062,1.67615621556513,3.23491734362575,0.871212397437695,0.886918406205958,"private"
0.827390538225007,1.82924445802697,3.32968343921607,1.90177722826214,1.61914231304574,2.65415922171919,3.35231243113027,0.808729335906439,2.61363719231309,2.66075521861787,"private"
2.48217161467502,3.65848891605394,3.32968343921607,2.8526658423932,4.04785578261436,1.76943948114612,3.35231243113027,1.61745867181288,1.74242479487539,1.77383681241192,"private"
2.48217161467502,3.65848891605394,0.832420859804017,3.80355445652427,2.42871346956862,1.76943948114612,0.838078107782567,3.23491734362575,0.871212397437695,0.886918406205958,"private"
3.30956215290003,3.65848891605394,1.66484171960803,3.80355445652427,1.61914231304574,2.65415922171919,0.838078107782567,2.42618800771932,0.871212397437695,1.77383681241192,"private"
0.827390538225007,1.82924445802697,0.832420859804017,0.950888614131068,0.809571156522872,4.42359870286531,4.19039053891284,0.808729335906439,2.61363719231309,3.54767362482383,"private"
0.827390538225007,0.914622229013485,1.66484171960803,2.8526658423932,2.42871346956862,1.76943948114612,2.5142343233477,2.42618800771932,2.61363719231309,0.886918406205958,"private"
1.65478107645001,3.65848891605394,1.66484171960803,1.90177722826214,1.61914231304574,1.76943948114612,3.35231243113027,1.61745867181288,3.48484958975078,2.66075521861787,"private"
2.48217161467502,3.65848891605394,1.66484171960803,3.80355445652427,3.23828462609149,2.65415922171919,0.838078107782567,3.23491734362575,1.74242479487539,0.886918406205958,"private"
3.30956215290003,3.65848891605394,2.49726257941205,4.75444307065534,3.23828462609149,2.65415922171919,1.67615621556513,2.42618800771932,0.871212397437695,0.886918406205958,"private"
3.30956215290003,2.74386668704046,1.66484171960803,3.80355445652427,2.42871346956862,2.65415922171919,1.67615621556513,3.23491734362575,0.871212397437695,1.77383681241192,"private"
2.48217161467502,4.57311114506743,0.832420859804017,3.80355445652427,2.42871346956862,2.65415922171919,2.5142343233477,3.23491734362575,1.74242479487539,1.77383681241192,"private"
0.827390538225007,1.82924445802697,3.32968343921607,1.90177722826214,2.42871346956862,3.53887896229225,2.5142343233477,1.61745867181288,2.61363719231309,3.54767362482383,"private"
2.48217161467502,3.65848891605394,1.66484171960803,3.80355445652427,2.42871346956862,2.65415922171919,2.5142343233477,3.23491734362575,2.61363719231309,2.66075521861787,"private"
2.48217161467502,2.74386668704046,3.32968343921607,1.90177722826214,3.23828462609149,2.65415922171919,2.5142343233477,1.61745867181288,4.35606198718848,1.77383681241192,"private"
1.65478107645001,3.65848891605394,2.49726257941205,2.8526658423932,2.42871346956862,1.76943948114612,1.67615621556513,2.42618800771932,1.74242479487539,1.77383681241192,"private"
2.48217161467502,2.74386668704046,3.32968343921607,2.8526658423932,1.61914231304574,4.42359870286531,1.67615621556513,3.23491734362575,2.61363719231309,2.66075521861787,"private"
3.30956215290003,2.74386668704046,1.66484171960803,2.8526658423932,2.42871346956862,2.65415922171919,1.67615621556513,3.23491734362575,0.871212397437695,1.77383681241192,"private"
3.30956215290003,3.65848891605394,0.832420859804017,4.75444307065534,0.809571156522872,2.65415922171919,1.67615621556513,4.04364667953219,0.871212397437695,1.77383681241192,"private"
2.48217161467502,2.74386668704046,2.49726257941205,2.8526658423932,2.42871346956862,2.65415922171919,2.5142343233477,2.42618800771932,2.61363719231309,2.66075521861787,"private"
1.65478107645001,2.74386668704046,2.49726257941205,2.8526658423932,2.42871346956862,2.65415922171919,3.35231243113027,2.42618800771932,2.61363719231309,2.66075521861787,"private"
2.48217161467502,2.74386668704046,2.49726257941205,2.8526658423932,2.42871346956862,2.65415922171919,2.5142343233477,2.42618800771932,2.61363719231309,2.66075521861787,"private"
4.13695269112503,4.57311114506743,0.832420859804017,4.75444307065534,0.809571156522872,2.65415922171919,0.838078107782567,3.23491734362575,0.871212397437695,1.77383681241192,"private"
4.13695269112503,3.65848891605394,0.832420859804017,3.80355445652427,1.61914231304574,1.76943948114612,0.838078107782567,4.04364667953219,1.74242479487539,1.77383681241192,"private"
2.48217161467502,3.65848891605394,3.32968343921607,3.80355445652427,1.61914231304574,3.53887896229225,1.67615621556513,2.42618800771932,2.61363719231309,1.77383681241192,"private"
0.827390538225007,0.914622229013485,1.66484171960803,2.8526658423932,2.42871346956862,4.42359870286531,2.5142343233477,3.23491734362575,2.61363719231309,4.43459203102979,"private"
2.48217161467502,2.74386668704046,2.49726257941205,1.90177722826214,2.42871346956862,2.65415922171919,1.67615621556513,1.61745867181288,1.74242479487539,3.54767362482383,"private"
0.827390538225007,1.82924445802697,3.32968343921607,2.8526658423932,4.04785578261436,3.53887896229225,4.19039053891284,0.808729335906439,3.48484958975078,3.54767362482383,"private"
1.65478107645001,4.57311114506743,1.66484171960803,3.80355445652427,3.23828462609149,1.76943948114612,0.838078107782567,4.04364667953219,1.74242479487539,2.66075521861787,"private"
1.65478107645001,0.914622229013485,1.66484171960803,2.8526658423932,2.42871346956862,1.76943948114612,2.5142343233477,1.61745867181288,2.61363719231309,2.66075521861787,"private"
2.48217161467502,2.74386668704046,0.832420859804017,2.8526658423932,2.42871346956862,1.76943948114612,0.838078107782567,2.42618800771932,1.74242479487539,0.886918406205958,"private"
3.30956215290003,3.65848891605394,0.832420859804017,3.80355445652427,1.61914231304574,2.65415922171919,1.67615621556513,4.04364667953219,0.871212397437695,0.886918406205958,"private"
2.48217161467502,1.82924445802697,3.32968343921607,1.90177722826214,2.42871346956862,4.42359870286531,2.5142343233477,2.42618800771932,2.61363719231309,3.54767362482383,"private"
4.13695269112503,3.65848891605394,0.832420859804017,4.75444307065534,0.809571156522872,0.884719740573062,0.838078107782567,4.04364667953219,0.871212397437695,1.77383681241192,"private"
0.827390538225007,0.914622229013485,4.16210429902009,0.950888614131068,4.04785578261436,4.42359870286531,4.19039053891284,0.808729335906439,1.74242479487539,4.43459203102979,"private"
4.13695269112503,3.65848891605394,0.832420859804017,3.80355445652427,0.809571156522872,2.65415922171919,0.838078107782567,4.04364667953219,1.74242479487539,1.77383681241192,"private"
3.30956215290003,3.65848891605394,0.832420859804017,3.80355445652427,3.23828462609149,4.42359870286531,1.67615621556513,4.04364667953219,0.871212397437695,2.66075521861787,"private"
4.13695269112503,4.57311114506743,4.16210429902009,4.75444307065534,4.04785578261436,4.42359870286531,4.19039053891284,4.04364667953219,4.35606198718848,4.43459203102979,"private"
0.827390538225007,0.914622229013485,0.832420859804017,1.90177722826214,4.04785578261436,4.42359870286531,4.19039053891284,0.808729335906439,4.35606198718848,4.43459203102979,"private"
1.65478107645001,1.82924445802697,2.49726257941205,2.8526658423932,2.42871346956862,3.53887896229225,3.35231243113027,1.61745867181288,2.61363719231309,3.54767362482383,"private"
2.48217161467502,2.74386668704046,1.66484171960803,2.8526658423932,1.61914231304574,2.65415922171919,1.67615621556513,4.04364667953219,1.74242479487539,2.66075521861787,"private"
3.30956215290003,3.65848891605394,4.16210429902009,4.75444307065534,4.04785578261436,4.42359870286531,3.35231243113027,4.04364667953219,2.61363719231309,3.54767362482383,"private"
2.48217161467502,4.57311114506743,2.49726257941205,4.75444307065534,2.42871346956862,2.65415922171919,2.5142343233477,1.61745867181288,0.871212397437695,2.66075521861787,"private"
1.65478107645001,1.82924445802697,2.49726257941205,1.90177722826214,1.61914231304574,2.65415922171919,2.5142343233477,1.61745867181288,2.61363719231309,0.886918406205958,"private"
4.13695269112503,3.65848891605394,0.832420859804017,4.75444307065534,1.61914231304574,1.76943948114612,0.838078107782567,4.04364667953219,0.871212397437695,1.77383681241192,"private"
3.30956215290003,3.65848891605394,1.66484171960803,3.80355445652427,1.61914231304574,1.76943948114612,1.67615621556513,3.23491734362575,0.871212397437695,2.66075521861787,"private"
0.827390538225007,1.82924445802697,3.32968343921607,1.90177722826214,3.23828462609149,3.53887896229225,2.5142343233477,1.61745867181288,1.74242479487539,3.54767362482383,"private"
2.48217161467502,2.74386668704046,2.49726257941205,2.8526658423932,2.42871346956862,2.65415922171919,2.5142343233477,2.42618800771932,2.61363719231309,2.66075521861787,"private"
1.65478107645001,1.82924445802697,0.832420859804017,2.8526658423932,1.61914231304574,2.65415922171919,1.67615621556513,2.42618800771932,0.871212397437695,0.886918406205958,"private"
3.30956215290003,3.65848891605394,3.32968343921607,4.75444307065534,3.23828462609149,3.53887896229225,0.838078107782567,4.04364667953219,0.871212397437695,1.77383681241192,"private"
0.827390538225007,1.82924445802697,3.32968343921607,1.90177722826214,3.23828462609149,4.42359870286531,2.5142343233477,2.42618800771932,1.74242479487539,3.54767362482383,"private"
2.48217161467502,2.74386668704046,0.832420859804017,4.75444307065534,0.809571156522872,2.65415922171919,3.35231243113027,1.61745867181288,0.871212397437695,1.77383681241192,"private"
1.65478107645001,2.74386668704046,1.66484171960803,3.80355445652427,3.23828462609149,3.53887896229225,3.35231243113027,0.808729335906439,1.74242479487539,2.66075521861787,"private"
0.827390538225007,1.82924445802697,3.32968343921607,1.90177722826214,3.23828462609149,3.53887896229225,2.5142343233477,2.42618800771932,1.74242479487539,3.54767362482383,"private"
1.65478107645001,2.74386668704046,2.49726257941205,1.90177722826214,2.42871346956862,3.53887896229225,3.35231243113027,1.61745867181288,2.61363719231309,3.54767362482383,"private"
4.13695269112503,4.57311114506743,0.832420859804017,4.75444307065534,4.04785578261436,0.884719740573062,0.838078107782567,4.04364667953219,3.48484958975078,0.886918406205958,"private"
3.30956215290003,3.65848891605394,0.832420859804017,3.80355445652427,0.809571156522872,0.884719740573062,0.838078107782567,4.04364667953219,0.871212397437695,1.77383681241192,"private"
4.13695269112503,4.57311114506743,3.32968343921607,2.8526658423932,0.809571156522872,1.76943948114612,0.838078107782567,4.04364667953219,0.871212397437695,0.886918406205958,"private"
2.48217161467502,3.65848891605394,1.66484171960803,2.8526658423932,0.809571156522872,2.65415922171919,0.838078107782567,4.04364667953219,0.871212397437695,1.77383681241192,"private"
0.827390538225007,1.82924445802697,2.49726257941205,1.90177722826214,4.04785578261436,4.42359870286531,2.5142343233477,2.42618800771932,1.74242479487539,2.66075521861787,"private"
0.827390538225007,1.82924445802697,3.32968343921607,2.8526658423932,4.04785578261436,4.42359870286531,3.35231243113027,1.61745867181288,3.48484958975078,3.54767362482383,"private"
1.65478107645001,2.74386668704046,1.66484171960803,2.8526658423932,2.42871346956862,2.65415922171919,2.5142343233477,2.42618800771932,0.871212397437695,1.77383681241192,"private"
4.13695269112503,4.57311114506743,1.66484171960803,4.75444307065534,1.61914231304574,1.76943948114612,1.67615621556513,3.23491734362575,1.74242479487539,1.77383681241192,"private"
2.48217161467502,3.65848891605394,1.66484171960803,2.8526658423932,2.42871346956862,3.53887896229225,2.5142343233477,3.23491734362575,3.48484958975078,2.66075521861787,"private"
1.65478107645001,1.82924445802697,1.66484171960803,2.8526658423932,1.61914231304574,2.65415922171919,1.67615621556513,2.42618800771932,1.74242479487539,2.66075521861787,"private"
0.827390538225007,0.914622229013485,4.16210429902009,0.950888614131068,3.23828462609149,3.53887896229225,2.5142343233477,1.61745867181288,3.48484958975078,2.66075521861787,"private"
3.30956215290003,4.57311114506743,0.832420859804017,4.75444307065534,0.809571156522872,1.76943948114612,1.67615621556513,3.23491734362575,1.74242479487539,1.77383681241192,"private"
2.48217161467502,2.74386668704046,2.49726257941205,2.8526658423932,2.42871346956862,2.65415922171919,1.67615621556513,2.42618800771932,1.74242479487539,2.66075521861787,"private"
1.65478107645001,2.74386668704046,4.16210429902009,2.8526658423932,2.42871346956862,3.53887896229225,2.5142343233477,1.61745867181288,0.871212397437695,2.66075521861787,"private"
1.65478107645001,1.82924445802697,2.49726257941205,2.8526658423932,3.23828462609149,4.42359870286531,1.67615621556513,1.61745867181288,3.48484958975078,3.54767362482383,"private"
0.827390538225007,1.82924445802697,2.49726257941205,1.90177722826214,2.42871346956862,3.53887896229225,3.35231243113027,1.61745867181288,2.61363719231309,2.66075521861787,"private"
1.65478107645001,2.74386668704046,2.49726257941205,1.90177722826214,2.42871346956862,3.53887896229225,1.67615621556513,1.61745867181288,1.74242479487539,2.66075521861787,"private"
3.30956215290003,3.65848891605394,0.832420859804017,3.80355445652427,1.61914231304574,2.65415922171919,0.838078107782567,3.23491734362575,1.74242479487539,1.77383681241192,"private"
2.48217161467502,2.74386668704046,1.66484171960803,3.80355445652427,1.61914231304574,2.65415922171919,1.67615621556513,4.04364667953219,1.74242479487539,1.77383681241192,"private"
1.65478107645001,2.74386668704046,1.66484171960803,1.90177722826214,2.42871346956862,3.53887896229225,1.67615621556513,2.42618800771932,2.61363719231309,2.66075521861787,"private"
1.65478107645001,2.74386668704046,1.66484171960803,2.8526658423932,3.23828462609149,3.53887896229225,2.5142343233477,1.61745867181288,1.74242479487539,3.54767362482383,"private"
1.65478107645001,1.82924445802697,3.32968343921607,1.90177722826214,4.04785578261436,1.76943948114612,3.35231243113027,2.42618800771932,3.48484958975078,3.54767362482383,"private"
0.827390538225007,0.914622229013485,4.16210429902009,0.950888614131068,0.809571156522872,4.42359870286531,3.35231243113027,3.23491734362575,4.35606198718848,2.66075521861787,"private"
1.65478107645001,1.82924445802697,2.49726257941205,1.90177722826214,3.23828462609149,3.53887896229225,2.5142343233477,1.61745867181288,4.35606198718848,2.66075521861787,"private"
1.65478107645001,0.914622229013485,3.32968343921607,1.90177722826214,4.04785578261436,2.65415922171919,4.19039053891284,1.61745867181288,2.61363719231309,3.54767362482383,"private"
2.48217161467502,1.82924445802697,4.16210429902009,2.8526658423932,3.23828462609149,4.42359870286531,3.35231243113027,1.61745867181288,2.61363719231309,3.54767362482383,"private"
2.48217161467502,2.74386668704046,1.66484171960803,2.8526658423932,1.61914231304574,2.65415922171919,1.67615621556513,3.23491734362575,0.871212397437695,0.886918406205958,"private"
2.48217161467502,1.82924445802697,3.32968343921607,2.8526658423932,1.61914231304574,4.42359870286531,0.838078107782567,2.42618800771932,0.871212397437695,1.77383681241192,"private"
0.827390538225007,2.74386668704046,4.16210429902009,0.950888614131068,4.04785578261436,4.42359870286531,1.67615621556513,0.808729335906439,1.74242479487539,4.43459203102979,"private"
3.30956215290003,2.74386668704046,1.66484171960803,3.80355445652427,1.61914231304574,2.65415922171919,1.67615621556513,3.23491734362575,1.74242479487539,1.77383681241192,"private"
3.30956215290003,2.74386668704046,2.49726257941205,2.8526658423932,1.61914231304574,2.65415922171919,2.5142343233477,4.04364667953219,2.61363719231309,2.66075521861787,"private"
2.48217161467502,2.74386668704046,1.66484171960803,2.8526658423932,2.42871346956862,2.65415922171919,1.67615621556513,2.42618800771932,1.74242479487539,2.66075521861787,"private"
2.48217161467502,2.74386668704046,1.66484171960803,1.90177722826214,2.42871346956862,1.76943948114612,1.67615621556513,2.42618800771932,2.61363719231309,2.66075521861787,"private"
1.65478107645001,2.74386668704046,1.66484171960803,2.8526658423932,1.61914231304574,3.53887896229225,2.5142343233477,2.42618800771932,1.74242479487539,1.77383681241192,"private"
3.30956215290003,4.57311114506743,1.66484171960803,3.80355445652427,2.42871346956862,2.65415922171919,1.67615621556513,4.04364667953219,0.871212397437695,2.66075521861787,"private"
1.65478107645001,2.74386668704046,1.66484171960803,2.8526658423932,2.42871346956862,2.65415922171919,2.5142343233477,1.61745867181288,1.74242479487539,3.54767362482383,"private"
0.827390538225007,0.914622229013485,4.16210429902009,0.950888614131068,0.809571156522872,4.42359870286531,4.19039053891284,0.808729335906439,4.35606198718848,4.43459203102979,"private"
2.48217161467502,3.65848891605394,0.832420859804017,2.8526658423932,0.809571156522872,0.884719740573062,2.5142343233477,1.61745867181288,1.74242479487539,1.77383681241192,"private"
1.65478107645001,2.74386668704046,1.66484171960803,2.8526658423932,2.42871346956862,2.65415922171919,2.5142343233477,1.61745867181288,3.48484958975078,1.77383681241192,"private"
2.48217161467502,1.82924445802697,1.66484171960803,2.8526658423932,3.23828462609149,1.76943948114612,2.5142343233477,2.42618800771932,3.48484958975078,2.66075521861787,"private"
2.48217161467502,2.74386668704046,1.66484171960803,3.80355445652427,1.61914231304574,1.76943948114612,2.5142343233477,3.23491734362575,1.74242479487539,1.77383681241192,"private"
0.827390538225007,0.914622229013485,4.16210429902009,0.950888614131068,4.04785578261436,4.42359870286531,4.19039053891284,1.61745867181288,3.48484958975078,3.54767362482383,"private"
2.48217161467502,2.74386668704046,0.832420859804017,1.90177722826214,4.04785578261436,3.53887896229225,1.67615621556513,1.61745867181288,3.48484958975078,3.54767362482383,"private"
2.48217161467502,2.74386668704046,1.66484171960803,3.80355445652427,1.61914231304574,1.76943948114612,0.838078107782567,4.04364667953219,1.74242479487539,1.77383681241192,"private"
1.65478107645001,2.74386668704046,2.49726257941205,2.8526658423932,1.61914231304574,4.42359870286531,1.67615621556513,2.42618800771932,1.74242479487539,3.54767362482383,"private"
0.827390538225007,0.914622229013485,4.16210429902009,3.80355445652427,4.04785578261436,4.42359870286531,0.838078107782567,0.808729335906439,1.74242479487539,3.54767362482383,"private"
2.48217161467502,2.74386668704046,1.66484171960803,3.80355445652427,0.809571156522872,2.65415922171919,1.67615621556513,4.04364667953219,0.871212397437695,1.77383681241192,"private"
1.65478107645001,1.82924445802697,2.49726257941205,1.90177722826214,4.04785578261436,4.42359870286531,2.5142343233477,1.61745867181288,2.61363719231309,1.77383681241192,"private"
1.65478107645001,1.82924445802697,4.16210429902009,2.8526658423932,4.04785578261436,4.42359870286531,3.35231243113027,1.61745867181288,4.35606198718848,4.43459203102979,"private"
0.827390538225007,0.914622229013485,4.16210429902009,2.8526658423932,4.04785578261436,4.42359870286531,3.35231243113027,1.61745867181288,4.35606198718848,3.54767362482383,"private"
0.827390538225007,1.82924445802697,4.16210429902009,2.8526658423932,2.42871346956862,3.53887896229225,4.19039053891284,0.808729335906439,4.35606198718848,3.54767362482383,"private"
0.827390538225007,1.82924445802697,3.32968343921607,0.950888614131068,4.04785578261436,3.53887896229225,2.5142343233477,1.61745867181288,2.61363719231309,3.54767362482383,"private"
4.13695269112503,4.57311114506743,1.66484171960803,4.75444307065534,0.809571156522872,1.76943948114612,0.838078107782567,4.04364667953219,0.871212397437695,0.886918406205958,"private"
0.827390538225007,1.82924445802697,4.16210429902009,0.950888614131068,3.23828462609149,4.42359870286531,3.35231243113027,0.808729335906439,2.61363719231309,4.43459203102979,"private"
2.48217161467502,3.65848891605394,0.832420859804017,3.80355445652427,1.61914231304574,0.884719740573062,0.838078107782567,2.42618800771932,0.871212397437695,0.886918406205958,"private"
3.30956215290003,3.65848891605394,1.66484171960803,3.80355445652427,1.61914231304574,2.65415922171919,1.67615621556513,3.23491734362575,1.74242479487539,2.66075521861787,"private"
3.30956215290003,3.65848891605394,0.832420859804017,4.75444307065534,0.809571156522872,0.884719740573062,0.838078107782567,4.04364667953219,0.871212397437695,0.886918406205958,"private"
0.827390538225007,1.82924445802697,2.49726257941205,1.90177722826214,2.42871346956862,3.53887896229225,2.5142343233477,1.61745867181288,3.48484958975078,2.66075521861787,"private"
0.827390538225007,2.74386668704046,2.49726257941205,2.8526658423932,2.42871346956862,2.65415922171919,2.5142343233477,1.61745867181288,0.871212397437695,2.66075521861787,"private"
3.30956215290003,3.65848891605394,1.66484171960803,2.8526658423932,1.61914231304574,2.65415922171919,0.838078107782567,2.42618800771932,1.74242479487539,1.77383681241192,"private"
2.48217161467502,2.74386668704046,1.66484171960803,3.80355445652427,1.61914231304574,1.76943948114612,1.67615621556513,2.42618800771932,1.74242479487539,1.77383681241192,"private"
3.30956215290003,4.57311114506743,0.832420859804017,4.75444307065534,0.809571156522872,0.884719740573062,1.67615621556513,4.04364667953219,0.871212397437695,1.77383681241192,"private"
1.65478107645001,2.74386668704046,1.66484171960803,2.8526658423932,2.42871346956862,3.53887896229225,1.67615621556513,1.61745867181288,3.48484958975078,2.66075521861787,"private"
0.827390538225007,1.82924445802697,2.49726257941205,2.8526658423932,2.42871346956862,3.53887896229225,1.67615621556513,3.23491734362575,1.74242479487539,1.77383681241192,"private"
3.30956215290003,2.74386668704046,1.66484171960803,1.90177722826214,2.42871346956862,2.65415922171919,1.67615621556513,1.61745867181288,2.61363719231309,2.66075521861787,"private"
2.48217161467502,2.74386668704046,2.49726257941205,2.8526658423932,2.42871346956862,2.65415922171919,2.5142343233477,4.04364667953219,0.871212397437695,2.66075521861787,"private"
2.48217161467502,2.74386668704046,1.66484171960803,2.8526658423932,1.61914231304574,2.65415922171919,1.67615621556513,2.42618800771932,1.74242479487539,2.66075521861787,"private"
2.48217161467502,3.65848891605394,1.66484171960803,3.80355445652427,1.61914231304574,1.76943948114612,1.67615621556513,3.23491734362575,1.74242479487539,2.66075521861787,"private"
0.827390538225007,1.82924445802697,2.49726257941205,1.90177722826214,4.04785578261436,4.42359870286531,3.35231243113027,0.808729335906439,2.61363719231309,4.43459203102979,"private"
1.65478107645001,2.74386668704046,1.66484171960803,2.8526658423932,1.61914231304574,2.65415922171919,2.5142343233477,3.23491734362575,0.871212397437695,2.66075521861787,"private"
1.65478107645001,1.82924445802697,1.66484171960803,2.8526658423932,1.61914231304574,1.76943948114612,2.5142343233477,2.42618800771932,2.61363719231309,2.66075521861787,"private"
2.48217161467502,4.57311114506743,1.66484171960803,4.75444307065534,0.809571156522872,1.76943948114612,0.838078107782567,3.23491734362575,0.871212397437695,1.77383681241192,"private"
2.48217161467502,3.65848891605394,1.66484171960803,3.80355445652427,3.23828462609149,2.65415922171919,1.67615621556513,4.04364667953219,1.74242479487539,2.66075521861787,"private"
0.827390538225007,0.914622229013485,4.16210429902009,1.90177722826214,0.809571156522872,4.42359870286531,4.19039053891284,0.808729335906439,4.35606198718848,3.54767362482383,"private"
3.30956215290003,3.65848891605394,2.49726257941205,3.80355445652427,3.23828462609149,4.42359870286531,1.67615621556513,2.42618800771932,0.871212397437695,3.54767362482383,"private"
4.13695269112503,4.57311114506743,4.16210429902009,4.75444307065534,4.04785578261436,4.42359870286531,2.5142343233477,3.23491734362575,0.871212397437695,0.886918406205958,"private"
1.65478107645001,2.74386668704046,1.66484171960803,2.8526658423932,3.23828462609149,2.65415922171919,1.67615621556513,2.42618800771932,3.48484958975078,0.886918406205958,"private"
3.30956215290003,2.74386668704046,1.66484171960803,1.90177722826214,1.61914231304574,2.65415922171919,1.67615621556513,2.42618800771932,1.74242479487539,1.77383681241192,"private"
3.30956215290003,3.65848891605394,2.49726257941205,3.80355445652427,0.809571156522872,2.65415922171919,0.838078107782567,4.04364667953219,0.871212397437695,1.77383681241192,"private"
3.30956215290003,3.65848891605394,1.66484171960803,3.80355445652427,0.809571156522872,2.65415922171919,0.838078107782567,2.42618800771932,0.871212397437695,0.886918406205958,"private"
3.30956215290003,3.65848891605394,2.49726257941205,2.8526658423932,2.42871346956862,2.65415922171919,1.67615621556513,2.42618800771932,0.871212397437695,2.66075521861787,"private"
2.48217161467502,2.74386668704046,1.66484171960803,3.80355445652427,1.61914231304574,3.53887896229225,1.67615621556513,3.23491734362575,0.871212397437695,2.66075521861787,"private"
2.48217161467502,3.65848891605394,1.66484171960803,2.8526658423932,4.04785578261436,2.65415922171919,2.5142343233477,1.61745867181288,1.74242479487539,1.77383681241192,"private"
0.827390538225007,1.82924445802697,2.49726257941205,1.90177722826214,3.23828462609149,3.53887896229225,2.5142343233477,0.808729335906439,3.48484958975078,3.54767362482383,"private"
2.48217161467502,2.74386668704046,1.66484171960803,2.8526658423932,2.42871346956862,2.65415922171919,2.5142343233477,2.42618800771932,1.74242479487539,1.77383681241192,"private"
0.827390538225007,1.82924445802697,4.16210429902009,1.90177722826214,4.04785578261436,4.42359870286531,4.19039053891284,0.808729335906439,1.74242479487539,2.66075521861787,"private"
3.30956215290003,3.65848891605394,1.66484171960803,3.80355445652427,1.61914231304574,2.65415922171919,1.67615621556513,4.04364667953219,1.74242479487539,2.66075521861787,"private"
3.30956215290003,3.65848891605394,2.49726257941205,2.8526658423932,1.61914231304574,2.65415922171919,1.67615621556513,2.42618800771932,2.61363719231309,1.77383681241192,"private"
1.65478107645001,2.74386668704046,1.66484171960803,3.80355445652427,2.42871346956862,2.65415922171919,1.67615621556513,2.42618800771932,1.74242479487539,2.66075521861787,"private"
2.48217161467502,3.65848891605394,0.832420859804017,4.75444307065534,1.61914231304574,2.65415922171919,1.67615621556513,2.42618800771932,0.871212397437695,1.77383681241192,"private"
1.65478107645001,1.82924445802697,4.16210429902009,1.90177722826214,1.61914231304574,4.42359870286531,4.19039053891284,1.61745867181288,1.74242479487539,4.43459203102979,"private"
3.30956215290003,3.65848891605394,0.832420859804017,4.75444307065534,2.42871346956862,2.65415922171919,1.67615621556513,4.04364667953219,0.871212397437695,2.66075521861787,"private"
0.827390538225007,2.74386668704046,1.66484171960803,2.8526658423932,2.42871346956862,4.42359870286531,3.35231243113027,1.61745867181288,0.871212397437695,4.43459203102979,"private"
3.30956215290003,3.65848891605394,1.66484171960803,3.80355445652427,3.23828462609149,1.76943948114612,0.838078107782567,3.23491734362575,1.74242479487539,1.77383681241192,"private"
2.48217161467502,4.57311114506743,1.66484171960803,3.80355445652427,1.61914231304574,1.76943948114612,2.5142343233477,1.61745867181288,1.74242479487539,2.66075521861787,"private"
2.48217161467502,2.74386668704046,2.49726257941205,2.8526658423932,2.42871346956862,2.65415922171919,1.67615621556513,3.23491734362575,1.74242479487539,2.66075521861787,"private"
3.30956215290003,2.74386668704046,1.66484171960803,2.8526658423932,2.42871346956862,2.65415922171919,2.5142343233477,1.61745867181288,0.871212397437695,1.77383681241192,"private"
2.48217161467502,3.65848891605394,1.66484171960803,3.80355445652427,0.809571156522872,2.65415922171919,1.67615621556513,3.23491734362575,1.74242479487539,1.77383681241192,"private"
2.48217161467502,3.65848891605394,3.32968343921607,3.80355445652427,1.61914231304574,1.76943948114612,1.67615621556513,3.23491734362575,0.871212397437695,1.77383681241192,"private"
4.13695269112503,4.57311114506743,1.66484171960803,4.75444307065534,1.61914231304574,1.76943948114612,0.838078107782567,4.04364667953219,0.871212397437695,0.886918406205958,"private"
0.827390538225007,3.65848891605394,2.49726257941205,2.8526658423932,2.42871346956862,3.53887896229225,2.5142343233477,1.61745867181288,1.74242479487539,1.77383681241192,"private"
0.827390538225007,2.74386668704046,0.832420859804017,2.8526658423932,2.42871346956862,2.65415922171919,2.5142343233477,2.42618800771932,0.871212397437695,1.77383681241192,"private"
2.48217161467502,3.65848891605394,2.49726257941205,3.80355445652427,2.42871346956862,2.65415922171919,1.67615621556513,2.42618800771932,1.74242479487539,1.77383681241192,"private"
3.30956215290003,3.65848891605394,3.32968343921607,2.8526658423932,2.42871346956862,2.65415922171919,2.5142343233477,1.61745867181288,0.871212397437695,2.66075521861787,"private"
2.48217161467502,2.74386668704046,2.49726257941205,1.90177722826214,3.23828462609149,3.53887896229225,1.67615621556513,0.808729335906439,3.48484958975078,3.54767362482383,"private"
0.827390538225007,1.82924445802697,4.16210429902009,1.90177722826214,4.04785578261436,2.65415922171919,3.35231243113027,0.808729335906439,3.48484958975078,3.54767362482383,"private"
3.30956215290003,4.57311114506743,0.832420859804017,3.80355445652427,1.61914231304574,0.884719740573062,1.67615621556513,3.23491734362575,1.74242479487539,1.77383681241192,"private"
2.48217161467502,4.57311114506743,1.66484171960803,3.80355445652427,2.42871346956862,2.65415922171919,0.838078107782567,4.04364667953219,0.871212397437695,0.886918406205958,"private"
2.48217161467502,3.65848891605394,2.49726257941205,2.8526658423932,1.61914231304574,2.65415922171919,1.67615621556513,4.04364667953219,1.74242479487539,1.77383681241192,"private"
0.827390538225007,0.914622229013485,3.32968343921607,2.8526658423932,2.42871346956862,4.42359870286531,4.19039053891284,2.42618800771932,1.74242479487539,2.66075521861787,"private"
3.30956215290003,3.65848891605394,0.832420859804017,2.8526658423932,0.809571156522872,2.65415922171919,1.67615621556513,2.42618800771932,1.74242479487539,1.77383681241192,"private"
1.65478107645001,1.82924445802697,2.49726257941205,2.8526658423932,2.42871346956862,2.65415922171919,2.5142343233477,2.42618800771932,2.61363719231309,2.66075521861787,"private"
4.13695269112503,4.57311114506743,0.832420859804017,4.75444307065534,0.809571156522872,1.76943948114612,0.838078107782567,4.04364667953219,0.871212397437695,1.77383681241192,"private"
0.827390538225007,1.82924445802697,4.16210429902009,0.950888614131068,4.04785578261436,4.42359870286531,4.19039053891284,0.808729335906439,4.35606198718848,4.43459203102979,"private"
0.827390538225007,2.74386668704046,3.32968343921607,1.90177722826214,4.04785578261436,4.42359870286531,3.35231243113027,1.61745867181288,4.35606198718848,4.43459203102979,"private"
0.827390538225007,1.82924445802697,3.32968343921607,1.90177722826214,2.42871346956862,3.53887896229225,3.35231243113027,0.808729335906439,4.35606198718848,3.54767362482383,"private"
1.65478107645001,2.74386668704046,2.49726257941205,2.8526658423932,2.42871346956862,4.42359870286531,2.5142343233477,2.42618800771932,1.74242479487539,2.66075521861787,"private"
1.65478107645001,2.74386668704046,3.32968343921607,1.90177722826214,1.61914231304574,2.65415922171919,1.67615621556513,2.42618800771932,2.61363719231309,3.54767362482383,"private"
0.827390538225007,0.914622229013485,0.832420859804017,1.90177722826214,0.809571156522872,4.42359870286531,4.19039053891284,0.808729335906439,4.35606198718848,4.43459203102979,"private"
2.48217161467502,2.74386668704046,2.49726257941205,2.8526658423932,2.42871346956862,2.65415922171919,2.5142343233477,2.42618800771932,2.61363719231309,2.66075521861787,"private"
1.65478107645001,2.74386668704046,2.49726257941205,1.90177722826214,3.23828462609149,4.42359870286531,4.19039053891284,1.61745867181288,4.35606198718848,3.54767362482383,"private"
3.30956215290003,3.65848891605394,1.66484171960803,3.80355445652427,1.61914231304574,2.65415922171919,0.838078107782567,2.42618800771932,0.871212397437695,1.77383681241192,"private"
1.65478107645001,2.74386668704046,2.49726257941205,3.80355445652427,3.23828462609149,3.53887896229225,3.35231243113027,1.61745867181288,1.74242479487539,3.54767362482383,"private"
1.65478107645001,0.914622229013485,2.49726257941205,2.8526658423932,2.42871346956862,2.65415922171919,3.35231243113027,1.61745867181288,1.74242479487539,1.77383681241192,"private"
1.65478107645001,2.74386668704046,2.49726257941205,1.90177722826214,3.23828462609149,3.53887896229225,3.35231243113027,0.808729335906439,3.48484958975078,3.54767362482383,"private"
1.65478107645001,2.74386668704046,1.66484171960803,0.950888614131068,0.809571156522872,2.65415922171919,2.5142343233477,3.23491734362575,3.48484958975078,1.77383681241192,"private"
3.30956215290003,4.57311114506743,0.832420859804017,3.80355445652427,0.809571156522872,1.76943948114612,0.838078107782567,4.04364667953219,0.871212397437695,1.77383681241192,"private"
2.48217161467502,2.74386668704046,2.49726257941205,2.8526658423932,2.42871346956862,2.65415922171919,2.5142343233477,2.42618800771932,2.61363719231309,2.66075521861787,"private"
0.827390538225007,0.914622229013485,3.32968343921607,2.8526658423932,1.61914231304574,4.42359870286531,3.35231243113027,1.61745867181288,2.61363719231309,3.54767362482383,"private"
2.48217161467502,4.57311114506743,0.832420859804017,4.75444307065534,0.809571156522872,3.53887896229225,2.5142343233477,3.23491734362575,0.871212397437695,2.66075521861787,"private"
0.827390538225007,0.914622229013485,2.49726257941205,0.950888614131068,4.04785578261436,4.42359870286531,4.19039053891284,0.808729335906439,4.35606198718848,4.43459203102979,"private"
0.827390538225007,0.914622229013485,4.16210429902009,0.950888614131068,2.42871346956862,4.42359870286531,3.35231243113027,0.808729335906439,4.35606198718848,4.43459203102979,"private"
2.48217161467502,4.57311114506743,0.832420859804017,4.75444307065534,0.809571156522872,1.76943948114612,0.838078107782567,4.04364667953219,0.871212397437695,0.886918406205958,"private"
0.827390538225007,2.74386668704046,1.66484171960803,2.8526658423932,1.61914231304574,2.65415922171919,2.5142343233477,2.42618800771932,2.61363719231309,4.43459203102979,"private"
2.48217161467502,3.65848891605394,1.66484171960803,2.8526658423932,2.42871346956862,1.76943948114612,1.67615621556513,2.42618800771932,1.74242479487539,2.66075521861787,"private"
2.48217161467502,3.65848891605394,1.66484171960803,3.80355445652427,0.809571156522872,2.65415922171919,0.838078107782567,4.04364667953219,0.871212397437695,0.886918406205958,"private"
1.65478107645001,1.82924445802697,2.49726257941205,1.90177722826214,4.04785578261436,2.65415922171919,2.5142343233477,1.61745867181288,3.48484958975078,3.54767362482383,"private"
2.48217161467502,2.74386668704046,2.49726257941205,2.8526658423932,2.42871346956862,3.53887896229225,2.5142343233477,2.42618800771932,2.61363719231309,2.66075521861787,"private"
2.48217161467502,2.74386668704046,2.49726257941205,2.8526658423932,3.23828462609149,2.65415922171919,1.67615621556513,3.23491734362575,1.74242479487539,2.66075521861787,"private"
0.827390538225007,0.914622229013485,4.16210429902009,0.950888614131068,0.809571156522872,4.42359870286531,4.19039053891284,0.808729335906439,4.35606198718848,4.43459203102979,"private"
2.48217161467502,2.74386668704046,1.66484171960803,3.80355445652427,2.42871346956862,1.76943948114612,1.67615621556513,3.23491734362575,0.871212397437695,1.77383681241192,"private"
1.65478107645001,3.65848891605394,1.66484171960803,3.80355445652427,1.61914231304574,1.76943948114612,3.35231243113027,4.04364667953219,1.74242479487539,1.77383681241192,"private"
1.65478107645001,4.57311114506743,0.832420859804017,3.80355445652427,2.42871346956862,2.65415922171919,1.67615621556513,4.04364667953219,0.871212397437695,3.54767362482383,"private"
2.48217161467502,2.74386668704046,2.49726257941205,2.8526658423932,2.42871346956862,2.65415922171919,2.5142343233477,2.42618800771932,2.61363719231309,2.66075521861787,"private"
2.48217161467502,3.65848891605394,0.832420859804017,3.80355445652427,1.61914231304574,1.76943948114612,1.67615621556513,2.42618800771932,1.74242479487539,2.66075521861787,"private"
3.30956215290003,3.65848891605394,1.66484171960803,3.80355445652427,0.809571156522872,2.65415922171919,0.838078107782567,4.04364667953219,0.871212397437695,2.66075521861787,"private"
0.827390538225007,2.74386668704046,2.49726257941205,1.90177722826214,2.42871346956862,4.42359870286531,1.67615621556513,1.61745867181288,2.61363719231309,3.54767362482383,"private"
4.13695269112503,3.65848891605394,0.832420859804017,3.80355445652427,0.809571156522872,2.65415922171919,1.67615621556513,4.04364667953219,0.871212397437695,1.77383681241192,"private"
4.13695269112503,4.57311114506743,0.832420859804017,4.75444307065534,0.809571156522872,2.65415922171919,0.838078107782567,4.04364667953219,0.871212397437695,1.77383681241192,"private"
0.827390538225007,2.74386668704046,4.16210429902009,0.950888614131068,4.04785578261436,4.42359870286531,4.19039053891284,0.808729335906439,1.74242479487539,4.43459203102979,"private"
2.48217161467502,2.74386668704046,2.49726257941205,4.75444307065534,1.61914231304574,2.65415922171919,2.5142343233477,3.23491734362575,1.74242479487539,2.66075521861787,"private"
0.827390538225007,2.74386668704046,4.16210429902009,2.8526658423932,4.04785578261436,4.42359870286531,3.35231243113027,0.808729335906439,3.48484958975078,3.54767362482383,"private"
1.65478107645001,2.74386668704046,1.66484171960803,2.8526658423932,2.42871346956862,2.65415922171919,3.35231243113027,2.42618800771932,1.74242479487539,2.66075521861787,"private"
3.30956215290003,3.65848891605394,2.49726257941205,3.80355445652427,2.42871346956862,4.42359870286531,1.67615621556513,4.04364667953219,0.871212397437695,2.66075521861787,"private"
1.65478107645001,2.74386668704046,2.49726257941205,1.90177722826214,4.04785578261436,4.42359870286531,0.838078107782567,4.04364667953219,0.871212397437695,2.66075521861787,"private"
1.65478107645001,1.82924445802697,2.49726257941205,1.90177722826214,3.23828462609149,2.65415922171919,2.5142343233477,2.42618800771932,2.61363719231309,3.54767362482383,"private"
2.48217161467502,2.74386668704046,2.49726257941205,2.8526658423932,1.61914231304574,2.65415922171919,0.838078107782567,4.04364667953219,0.871212397437695,1.77383681241192,"private"
2.48217161467502,2.74386668704046,2.49726257941205,1.90177722826214,2.42871346956862,2.65415922171919,2.5142343233477,3.23491734362575,0.871212397437695,2.66075521861787,"private"
3.30956215290003,4.57311114506743,1.66484171960803,2.8526658423932,0.809571156522872,1.76943948114612,0.838078107782567,4.04364667953219,0.871212397437695,1.77383681241192,"private"
2.48217161467502,2.74386668704046,0.832420859804017,2.8526658423932,3.23828462609149,2.65415922171919,1.67615621556513,3.23491734362575,1.74242479487539,1.77383681241192,"private"
2.48217161467502,2.74386668704046,2.49726257941205,2.8526658423932,2.42871346956862,3.53887896229225,1.67615621556513,2.42618800771932,2.61363719231309,2.66075521861787,"private"
0.827390538225007,1.82924445802697,3.32968343921607,1.90177722826214,2.42871346956862,3.53887896229225,2.5142343233477,1.61745867181288,3.48484958975078,3.54767362482383,"private"
0.827390538225007,2.74386668704046,2.49726257941205,2.8526658423932,2.42871346956862,3.53887896229225,2.5142343233477,1.61745867181288,2.61363719231309,0.886918406205958,"private"
2.48217161467502,3.65848891605394,2.49726257941205,2.8526658423932,2.42871346956862,2.65415922171919,1.67615621556513,2.42618800771932,1.74242479487539,2.66075521861787,"private"
4.13695269112503,4.57311114506743,1.66484171960803,3.80355445652427,2.42871346956862,3.53887896229225,0.838078107782567,4.04364667953219,0.871212397437695,2.66075521861787,"private"
0.827390538225007,1.82924445802697,4.16210429902009,0.950888614131068,4.04785578261436,4.42359870286531,4.19039053891284,0.808729335906439,4.35606198718848,4.43459203102979,"private"
1.65478107645001,1.82924445802697,2.49726257941205,1.90177722826214,2.42871346956862,3.53887896229225,1.67615621556513,3.23491734362575,2.61363719231309,2.66075521861787,"private"
3.30956215290003,3.65848891605394,2.49726257941205,3.80355445652427,2.42871346956862,1.76943948114612,1.67615621556513,4.04364667953219,0.871212397437695,0.886918406205958,"private"
3.30956215290003,3.65848891605394,1.66484171960803,1.90177722826214,1.61914231304574,2.65415922171919,1.67615621556513,4.04364667953219,0.871212397437695,2.66075521861787,"private"
3.30956215290003,3.65848891605394,1.66484171960803,3.80355445652427,1.61914231304574,2.65415922171919,0.838078107782567,2.42618800771932,1.74242479487539,1.77383681241192,"private"
2.48217161467502,1.82924445802697,2.49726257941205,2.8526658423932,3.23828462609149,4.42359870286531,1.67615621556513,1.61745867181288,2.61363719231309,2.66075521861787,"private"
2.48217161467502,3.65848891605394,1.66484171960803,3.80355445652427,2.42871346956862,1.76943948114612,1.67615621556513,2.42618800771932,1.74242479487539,3.54767362482383,"private"
1.65478107645001,2.74386668704046,2.49726257941205,2.8526658423932,3.23828462609149,4.42359870286531,2.5142343233477,0.808729335906439,2.61363719231309,2.66075521861787,"private"
0.827390538225007,1.82924445802697,2.49726257941205,2.8526658423932,4.04785578261436,4.42359870286531,3.35231243113027,2.42618800771932,1.74242479487539,2.66075521861787,"private"
0.827390538225007,0.914622229013485,4.16210429902009,0.950888614131068,2.42871346956862,4.42359870286531,4.19039053891284,0.808729335906439,4.35606198718848,3.54767362482383,"private"
0.827390538225007,2.74386668704046,3.32968343921607,1.90177722826214,2.42871346956862,2.65415922171919,2.5142343233477,1.61745867181288,3.48484958975078,1.77383681241192,"private"
0.827390538225007,0.914622229013485,1.66484171960803,0.950888614131068,2.42871346956862,3.53887896229225,3.35231243113027,0.808729335906439,4.35606198718848,2.66075521861787,"private"
0.827390538225007,0.914622229013485,2.49726257941205,2.8526658423932,4.04785578261436,3.53887896229225,2.5142343233477,2.42618800771932,1.74242479487539,1.77383681241192,"private"
2.48217161467502,2.74386668704046,0.832420859804017,2.8526658423932,1.61914231304574,1.76943948114612,1.67615621556513,2.42618800771932,0.871212397437695,1.77383681241192,"private"
2.48217161467502,3.65848891605394,1.66484171960803,3.80355445652427,1.61914231304574,1.76943948114612,2.5142343233477,3.23491734362575,1.74242479487539,2.66075521861787,"private"
3.30956215290003,3.65848891605394,0.832420859804017,3.80355445652427,0.809571156522872,1.76943948114612,0.838078107782567,3.23491734362575,0.871212397437695,3.54767362482383,"private"
0.827390538225007,1.82924445802697,4.16210429902009,1.90177722826214,2.42871346956862,2.65415922171919,3.35231243113027,2.42618800771932,3.48484958975078,3.54767362482383,"private"
2.48217161467502,2.74386668704046,2.49726257941205,2.8526658423932,2.42871346956862,3.53887896229225,1.67615621556513,2.42618800771932,0.871212397437695,1.77383681241192,"private"
0.827390538225007,0.914622229013485,4.16210429902009,0.950888614131068,0.809571156522872,4.42359870286531,4.19039053891284,0.808729335906439,4.35606198718848,4.43459203102979,"private"
3.30956215290003,4.57311114506743,0.832420859804017,4.75444307065534,1.61914231304574,1.76943948114612,1.67615621556513,2.42618800771932,0.871212397437695,2.66075521861787,"private"
3.30956215290003,2.74386668704046,2.49726257941205,3.80355445652427,1.61914231304574,2.65415922171919,1.67615621556513,3.23491734362575,0.871212397437695,2.66075521861787,"private"
4.13695269112503,2.74386668704046,2.49726257941205,3.80355445652427,1.61914231304574,3.53887896229225,0.838078107782567,4.04364667953219,1.74242479487539,1.77383681241192,"private"
0.827390538225007,0.914622229013485,4.16210429902009,1.90177722826214,4.04785578261436,4.42359870286531,2.5142343233477,0.808729335906439,2.61363719231309,2.66075521861787,"private"
1.65478107645001,2.74386668704046,2.49726257941205,2.8526658423932,2.42871346956862,2.65415922171919,2.5142343233477,2.42618800771932,2.61363719231309,2.66075521861787,"private"
1.65478107645001,2.74386668704046,2.49726257941205,2.8526658423932,2.42871346956862,2.65415922171919,3.35231243113027,2.42618800771932,1.74242479487539,2.66075521861787,"private"
3.30956215290003,2.74386668704046,0.832420859804017,3.80355445652427,1.61914231304574,2.65415922171919,1.67615621556513,4.04364667953219,2.61363719231309,1.77383681241192,"private"
2.48217161467502,2.74386668704046,1.66484171960803,2.8526658423932,1.61914231304574,2.65415922171919,0.838078107782567,3.23491734362575,0.871212397437695,0.886918406205958,"private"
1.65478107645001,2.74386668704046,2.49726257941205,2.8526658423932,3.23828462609149,1.76943948114612,1.67615621556513,2.42618800771932,1.74242479487539,2.66075521861787,"private"
2.48217161467502,3.65848891605394,0.832420859804017,2.8526658423932,2.42871346956862,3.53887896229225,2.5142343233477,2.42618800771932,1.74242479487539,2.66075521861787,"private"
2.48217161467502,2.74386668704046,1.66484171960803,2.8526658423932,1.61914231304574,2.65415922171919,1.67615621556513,2.42618800771932,1.74242479487539,1.77383681241192,"private"
0.827390538225007,0.914622229013485,4.16210429902009,0.950888614131068,4.04785578261436,4.42359870286531,4.19039053891284,0.808729335906439,0.871212397437695,4.43459203102979,"private"
0.827390538225007,2.74386668704046,2.49726257941205,1.90177722826214,4.04785578261436,3.53887896229225,2.5142343233477,1.61745867181288,3.48484958975078,3.54767362482383,"private"
3.30956215290003,2.74386668704046,1.66484171960803,3.80355445652427,2.42871346956862,2.65415922171919,1.67615621556513,4.04364667953219,0.871212397437695,2.66075521861787,"private"
4.13695269112503,3.65848891605394,2.49726257941205,3.80355445652427,3.23828462609149,1.76943948114612,0.838078107782567,2.42618800771932,1.74242479487539,1.77383681241192,"private"
1.65478107645001,2.74386668704046,2.49726257941205,2.8526658423932,2.42871346956862,2.65415922171919,2.5142343233477,0.808729335906439,2.61363719231309,2.66075521861787,"private"
2.48217161467502,2.74386668704046,1.66484171960803,3.80355445652427,1.61914231304574,3.53887896229225,1.67615621556513,3.23491734362575,1.74242479487539,3.54767362482383,"private"
2.48217161467502,2.74386668704046,2.49726257941205,2.8526658423932,2.42871346956862,2.65415922171919,1.67615621556513,1.61745867181288,2.61363719231309,2.66075521861787,"private"
0.827390538225007,0.914622229013485,4.16210429902009,1.90177722826214,3.23828462609149,3.53887896229225,3.35231243113027,0.808729335906439,3.48484958975078,2.66075521861787,"private"
3.30956215290003,2.74386668704046,1.66484171960803,3.80355445652427,1.61914231304574,1.76943948114612,1.67615621556513,3.23491734362575,1.74242479487539,0.886918406205958,"private"
3.30956215290003,3.65848891605394,1.66484171960803,3.80355445652427,0.809571156522872,4.42359870286531,0.838078107782567,3.23491734362575,1.74242479487539,1.77383681241192,"private"
3.30956215290003,3.65848891605394,1.66484171960803,3.80355445652427,1.61914231304574,2.65415922171919,1.67615621556513,3.23491734362575,1.74242479487539,1.77383681241192,"private"
0.827390538225007,1.82924445802697,3.32968343921607,2.8526658423932,3.23828462609149,3.53887896229225,2.5142343233477,1.61745867181288,1.74242479487539,3.54767362482383,"private"
4.13695269112503,3.65848891605394,3.32968343921607,3.80355445652427,1.61914231304574,3.53887896229225,0.838078107782567,4.04364667953219,0.871212397437695,2.66075521861787,"private"
0.827390538225007,1.82924445802697,2.49726257941205,0.950888614131068,4.04785578261436,4.42359870286531,2.5142343233477,0.808729335906439,2.61363719231309,3.54767362482383,"private"
1.65478107645001,1.82924445802697,1.66484171960803,1.90177722826214,1.61914231304574,1.76943948114612,0.838078107782567,2.42618800771932,0.871212397437695,1.77383681241192,"private"
2.48217161467502,2.74386668704046,1.66484171960803,2.8526658423932,1.61914231304574,3.53887896229225,1.67615621556513,2.42618800771932,1.74242479487539,0.886918406205958,"private"
2.48217161467502,2.74386668704046,1.66484171960803,2.8526658423932,1.61914231304574,2.65415922171919,1.67615621556513,2.42618800771932,1.74242479487539,1.77383681241192,"private"
2.48217161467502,2.74386668704046,2.49726257941205,2.8526658423932,2.42871346956862,3.53887896229225,2.5142343233477,3.23491734362575,2.61363719231309,3.54767362482383,"private"
2.48217161467502,2.74386668704046,1.66484171960803,2.8526658423932,2.42871346956862,3.53887896229225,1.67615621556513,3.23491734362575,1.74242479487539,1.77383681241192,"private"
2.48217161467502,2.74386668704046,1.66484171960803,2.8526658423932,2.42871346956862,3.53887896229225,3.35231243113027,2.42618800771932,1.74242479487539,2.66075521861787,"private"
1.65478107645001,3.65848891605394,2.49726257941205,2.8526658423932,4.04785578261436,4.42359870286531,3.35231243113027,1.61745867181288,4.35606198718848,2.66075521861787,"private"
1.65478107645001,3.65848891605394,2.49726257941205,2.8526658423932,2.42871346956862,1.76943948114612,1.67615621556513,2.42618800771932,2.61363719231309,2.66075521861787,"private"
2.48217161467502,3.65848891605394,2.49726257941205,2.8526658423932,2.42871346956862,1.76943948114612,1.67615621556513,2.42618800771932,2.61363719231309,2.66075521861787,"private"
3.30956215290003,4.57311114506743,0.832420859804017,4.75444307065534,1.61914231304574,1.76943948114612,0.838078107782567,4.04364667953219,0.871212397437695,0.886918406205958,"private"
2.48217161467502,2.74386668704046,1.66484171960803,2.8526658423932,2.42871346956862,2.65415922171919,2.5142343233477,1.61745867181288,2.61363719231309,1.77383681241192,"private"
4.13695269112503,4.57311114506743,0.832420859804017,4.75444307065534,0.809571156522872,0.884719740573062,0.838078107782567,4.04364667953219,0.871212397437695,0.886918406205958,"private"
3.30956215290003,1.82924445802697,4.16210429902009,4.75444307065534,1.61914231304574,1.76943948114612,2.5142343233477,2.42618800771932,2.61363719231309,4.43459203102979,"private"
4.13695269112503,2.74386668704046,4.16210429902009,2.8526658423932,4.04785578261436,4.42359870286531,3.35231243113027,1.61745867181288,3.48484958975078,3.54767362482383,"private"
0.827390538225007,1.82924445802697,4.16210429902009,0.950888614131068,3.23828462609149,2.65415922171919,1.67615621556513,0.808729335906439,4.35606198718848,4.43459203102979,"private"
2.48217161467502,2.74386668704046,2.49726257941205,2.8526658423932,2.42871346956862,2.65415922171919,2.5142343233477,2.42618800771932,2.61363719231309,2.66075521861787,"private"
2.48217161467502,1.82924445802697,2.49726257941205,1.90177722826214,2.42871346956862,3.53887896229225,3.35231243113027,3.23491734362575,1.74242479487539,4.43459203102979,"private"
3.30956215290003,2.74386668704046,2.49726257941205,3.80355445652427,2.42871346956862,2.65415922171919,0.838078107782567,1.61745867181288,0.871212397437695,2.66075521861787,"private"
0.827390538225007,0.914622229013485,1.66484171960803,0.950888614131068,0.809571156522872,4.42359870286531,4.19039053891284,0.808729335906439,0.871212397437695,4.43459203102979,"private"
0.827390538225007,0.914622229013485,3.32968343921607,2.8526658423932,2.42871346956862,2.65415922171919,2.5142343233477,1.61745867181288,0.871212397437695,3.54767362482383,"private"
1.65478107645001,1.82924445802697,2.49726257941205,2.8526658423932,1.61914231304574,4.42359870286531,3.35231243113027,2.42618800771932,1.74242479487539,3.54767362482383,"private"
3.30956215290003,4.57311114506743,0.832420859804017,4.75444307065534,0.809571156522872,1.76943948114612,0.838078107782567,4.04364667953219,0.871212397437695,0.886918406205958,"private"
0.827390538225007,0.914622229013485,4.16210429902009,0.950888614131068,4.04785578261436,4.42359870286531,4.19039053891284,0.808729335906439,0.871212397437695,2.66075521861787,"private"
2.48217161467502,3.65848891605394,0.832420859804017,3.80355445652427,3.23828462609149,1.76943948114612,0.838078107782567,2.42618800771932,1.74242479487539,0.886918406205958,"private"
0.827390538225007,0.914622229013485,4.16210429902009,2.8526658423932,1.61914231304574,4.42359870286531,2.5142343233477,2.42618800771932,3.48484958975078,2.66075521861787,"private"
4.13695269112503,3.65848891605394,1.66484171960803,4.75444307065534,0.809571156522872,2.65415922171919,0.838078107782567,4.04364667953219,0.871212397437695,0.886918406205958,"private"
3.30956215290003,2.74386668704046,0.832420859804017,3.80355445652427,0.809571156522872,0.884719740573062,0.838078107782567,4.04364667953219,0.871212397437695,0.886918406205958,"private"
1.65478107645001,2.74386668704046,3.32968343921607,2.8526658423932,2.42871346956862,3.53887896229225,2.5142343233477,1.61745867181288,2.61363719231309,3.54767362482383,"private"
4.13695269112503,4.57311114506743,1.66484171960803,4.75444307065534,4.04785578261436,0.884719740573062,0.838078107782567,4.04364667953219,1.74242479487539,0.886918406205958,"private"
0.827390538225007,1.82924445802697,2.49726257941205,1.90177722826214,2.42871346956862,3.53887896229225,3.35231243113027,1.61745867181288,3.48484958975078,3.54767362482383,"private"
2.48217161467502,2.74386668704046,1.66484171960803,2.8526658423932,1.61914231304574,2.65415922171919,0.838078107782567,2.42618800771932,0.871212397437695,2.66075521861787,"private"
2.48217161467502,1.82924445802697,4.16210429902009,1.90177722826214,3.23828462609149,3.53887896229225,3.35231243113027,2.42618800771932,1.74242479487539,4.43459203102979,"private"
0.827390538225007,1.82924445802697,3.32968343921607,1.90177722826214,4.04785578261436,3.53887896229225,3.35231243113027,1.61745867181288,3.48484958975078,4.43459203102979,"private"
4.13695269112503,3.65848891605394,0.832420859804017,4.75444307065534,3.23828462609149,0.884719740573062,0.838078107782567,4.04364667953219,0.871212397437695,0.886918406205958,"private"
2.48217161467502,2.74386668704046,3.32968343921607,3.80355445652427,2.42871346956862,4.42359870286531,2.5142343233477,2.42618800771932,2.61363719231309,2.66075521861787,"private"
3.30956215290003,3.65848891605394,1.66484171960803,3.80355445652427,0.809571156522872,1.76943948114612,0.838078107782567,4.04364667953219,0.871212397437695,0.886918406205958,"private"
2.48217161467502,2.74386668704046,2.49726257941205,2.8526658423932,2.42871346956862,1.76943948114612,1.67615621556513,3.23491734362575,0.871212397437695,2.66075521861787,"private"
2.48217161467502,1.82924445802697,2.49726257941205,2.8526658423932,2.42871346956862,4.42359870286531,1.67615621556513,4.04364667953219,2.61363719231309,3.54767362482383,"private"
3.30956215290003,3.65848891605394,1.66484171960803,3.80355445652427,0.809571156522872,1.76943948114612,0.838078107782567,4.04364667953219,0.871212397437695,0.886918406205958,"private"
2.48217161467502,2.74386668704046,0.832420859804017,3.80355445652427,3.23828462609149,2.65415922171919,0.838078107782567,3.23491734362575,0.871212397437695,1.77383681241192,"private"
4.13695269112503,1.82924445802697,1.66484171960803,2.8526658423932,1.61914231304574,4.42359870286531,2.5142343233477,1.61745867181288,3.48484958975078,3.54767362482383,"private"
1.65478107645001,1.82924445802697,3.32968343921607,1.90177722826214,3.23828462609149,3.53887896229225,3.35231243113027,0.808729335906439,2.61363719231309,3.54767362482383,"private"
2.48217161467502,2.74386668704046,2.49726257941205,2.8526658423932,2.42871346956862,2.65415922171919,2.5142343233477,2.42618800771932,3.48484958975078,3.54767362482383,"private"
1.65478107645001,2.74386668704046,2.49726257941205,2.8526658423932,2.42871346956862,3.53887896229225,1.67615621556513,1.61745867181288,1.74242479487539,2.66075521861787,"private"
3.30956215290003,3.65848891605394,0.832420859804017,3.80355445652427,0.809571156522872,1.76943948114612,0.838078107782567,4.04364667953219,0.871212397437695,0.886918406205958,"private"
2.48217161467502,0.914622229013485,2.49726257941205,2.8526658423932,2.42871346956862,1.76943948114612,0.838078107782567,4.04364667953219,0.871212397437695,0.886918406205958,"private"
1.65478107645001,1.82924445802697,1.66484171960803,1.90177722826214,1.61914231304574,1.76943948114612,1.67615621556513,2.42618800771932,1.74242479487539,1.77383681241192,"private"
2.48217161467502,3.65848891605394,1.66484171960803,3.80355445652427,1.61914231304574,1.76943948114612,1.67615621556513,3.23491734362575,0.871212397437695,1.77383681241192,"private"
2.48217161467502,1.82924445802697,2.49726257941205,1.90177722826214,2.42871346956862,1.76943948114612,1.67615621556513,2.42618800771932,1.74242479487539,1.77383681241192,"private"
3.30956215290003,3.65848891605394,1.66484171960803,2.8526658423932,0.809571156522872,2.65415922171919,1.67615621556513,2.42618800771932,1.74242479487539,1.77383681241192,"private"
4.13695269112503,2.74386668704046,0.832420859804017,3.80355445652427,0.809571156522872,1.76943948114612,0.838078107782567,4.04364667953219,0.871212397437695,1.77383681241192,"private"
2.48217161467502,4.57311114506743,4.16210429902009,4.75444307065534,3.23828462609149,3.53887896229225,3.35231243113027,3.23491734362575,4.35606198718848,4.43459203102979,"private"
1.65478107645001,1.82924445802697,1.66484171960803,1.90177722826214,3.23828462609149,3.53887896229225,2.5142343233477,1.61745867181288,3.48484958975078,2.66075521861787,"private"
3.30956215290003,3.65848891605394,1.66484171960803,3.80355445652427,0.809571156522872,2.65415922171919,0.838078107782567,3.23491734362575,0.871212397437695,1.77383681241192,"private"
1.65478107645001,3.65848891605394,2.49726257941205,0.950888614131068,4.04785578261436,3.53887896229225,1.67615621556513,1.61745867181288,2.61363719231309,2.66075521861787,"private"
1.65478107645001,1.82924445802697,1.66484171960803,1.90177722826214,1.61914231304574,1.76943948114612,0.838078107782567,0.808729335906439,0.871212397437695,0.886918406205958,"private"
1.65478107645001,2.74386668704046,2.49726257941205,2.8526658423932,2.42871346956862,2.65415922171919,2.5142343233477,2.42618800771932,1.74242479487539,2.66075521861787,"private"
2.48217161467502,2.74386668704046,1.66484171960803,2.8526658423932,2.42871346956862,2.65415922171919,1.67615621556513,3.23491734362575,3.48484958975078,3.54767362482383,"private"
3.30956215290003,3.65848891605394,0.832420859804017,3.80355445652427,0.809571156522872,1.76943948114612,0.838078107782567,4.04364667953219,0.871212397437695,0.886918406205958,"private"
2.48217161467502,2.74386668704046,1.66484171960803,3.80355445652427,1.61914231304574,4.42359870286531,3.35231243113027,1.61745867181288,1.74242479487539,1.77383681241192,"private"
3.30956215290003,4.57311114506743,0.832420859804017,3.80355445652427,0.809571156522872,1.76943948114612,0.838078107782567,3.23491734362575,0.871212397437695,1.77383681241192,"private"
1.65478107645001,2.74386668704046,3.32968343921607,1.90177722826214,3.23828462609149,3.53887896229225,2.5142343233477,2.42618800771932,1.74242479487539,2.66075521861787,"private"
4.13695269112503,3.65848891605394,0.832420859804017,4.75444307065534,1.61914231304574,1.76943948114612,0.838078107782567,4.04364667953219,0.871212397437695,1.77383681241192,"private"
3.30956215290003,3.65848891605394,1.66484171960803,3.80355445652427,3.23828462609149,1.76943948114612,1.67615621556513,2.42618800771932,1.74242479487539,2.66075521861787,"private"
2.48217161467502,2.74386668704046,1.66484171960803,2.8526658423932,2.42871346956862,3.53887896229225,2.5142343233477,2.42618800771932,2.61363719231309,2.66075521861787,"private"
1.65478107645001,2.74386668704046,0.832420859804017,2.8526658423932,2.42871346956862,2.65415922171919,2.5142343233477,1.61745867181288,1.74242479487539,2.66075521861787,"private"
2.48217161467502,2.74386668704046,1.66484171960803,2.8526658423932,2.42871346956862,1.76943948114612,2.5142343233477,2.42618800771932,0.871212397437695,4.43459203102979,"private"
2.48217161467502,2.74386668704046,2.49726257941205,1.90177722826214,2.42871346956862,2.65415922171919,3.35231243113027,2.42618800771932,2.61363719231309,2.66075521861787,"private"
3.30956215290003,3.65848891605394,1.66484171960803,3.80355445652427,0.809571156522872,1.76943948114612,0.838078107782567,4.04364667953219,0.871212397437695,0.886918406205958,"private"
2.48217161467502,1.82924445802697,4.16210429902009,0.950888614131068,4.04785578261436,4.42359870286531,3.35231243113027,1.61745867181288,0.871212397437695,0.886918406205958,"private"
3.30956215290003,3.65848891605394,1.66484171960803,3.80355445652427,1.61914231304574,2.65415922171919,1.67615621556513,4.04364667953219,1.74242479487539,1.77383681241192,"private"
2.48217161467502,2.74386668704046,0.832420859804017,2.8526658423932,2.42871346956862,2.65415922171919,1.67615621556513,3.23491734362575,2.61363719231309,1.77383681241192,"private"
2.48217161467502,3.65848891605394,1.66484171960803,2.8526658423932,2.42871346956862,2.65415922171919,1.67615621556513,1.61745867181288,0.871212397437695,2.66075521861787,"private"
2.48217161467502,3.65848891605394,1.66484171960803,2.8526658423932,1.61914231304574,1.76943948114612,0.838078107782567,3.23491734362575,1.74242479487539,1.77383681241192,"private"
4.13695269112503,4.57311114506743,4.16210429902009,3.80355445652427,4.04785578261436,4.42359870286531,2.5142343233477,4.04364667953219,2.61363719231309,2.66075521861787,"private"
0.827390538225007,0.914622229013485,0.832420859804017,0.950888614131068,3.23828462609149,1.76943948114612,2.5142343233477,2.42618800771932,2.61363719231309,2.66075521861787,"private"
2.48217161467502,3.65848891605394,2.49726257941205,0.950888614131068,3.23828462609149,2.65415922171919,0.838078107782567,0.808729335906439,0.871212397437695,0.886918406205958,"private"
3.30956215290003,2.74386668704046,1.66484171960803,3.80355445652427,0.809571156522872,2.65415922171919,0.838078107782567,3.23491734362575,0.871212397437695,1.77383681241192,"private"
1.65478107645001,1.82924445802697,2.49726257941205,2.8526658423932,3.23828462609149,3.53887896229225,2.5142343233477,1.61745867181288,0.871212397437695,2.66075521861787,"private"
2.48217161467502,3.65848891605394,1.66484171960803,3.80355445652427,2.42871346956862,2.65415922171919,2.5142343233477,2.42618800771932,1.74242479487539,2.66075521861787,"private"
2.48217161467502,3.65848891605394,0.832420859804017,3.80355445652427,1.61914231304574,1.76943948114612,1.67615621556513,4.04364667953219,1.74242479487539,1.77383681241192,"private"
3.30956215290003,2.74386668704046,1.66484171960803,2.8526658423932,1.61914231304574,2.65415922171919,1.67615621556513,3.23491734362575,1.74242479487539,1.77383681241192,"private"
2.48217161467502,3.65848891605394,1.66484171960803,3.80355445652427,2.42871346956862,3.53887896229225,1.67615621556513,3.23491734362575,0.871212397437695,0.886918406205958,"private"
2.48217161467502,3.65848891605394,0.832420859804017,2.8526658423932,0.809571156522872,1.76943948114612,1.67615621556513,2.42618800771932,1.74242479487539,1.77383681241192,"private"
1.65478107645001,0.914622229013485,1.66484171960803,1.90177722826214,4.04785578261436,4.42359870286531,4.19039053891284,2.42618800771932,1.74242479487539,3.54767362482383,"private"
2.48217161467502,0.914622229013485,3.32968343921607,2.8526658423932,2.42871346956862,4.42359870286531,2.5142343233477,2.42618800771932,2.61363719231309,3.54767362482383,"private"
2.48217161467502,2.74386668704046,1.66484171960803,2.8526658423932,2.42871346956862,1.76943948114612,1.67615621556513,2.42618800771932,1.74242479487539,1.77383681241192,"private"
0.827390538225007,1.82924445802697,3.32968343921607,2.8526658423932,2.42871346956862,3.53887896229225,2.5142343233477,2.42618800771932,1.74242479487539,2.66075521861787,"private"
2.48217161467502,2.74386668704046,3.32968343921607,3.80355445652427,3.23828462609149,3.53887896229225,3.35231243113027,1.61745867181288,1.74242479487539,3.54767362482383,"private"
2.48217161467502,2.74386668704046,4.16210429902009,1.90177722826214,2.42871346956862,2.65415922171919,4.19039053891284,0.808729335906439,2.61363719231309,2.66075521861787,"private"
0.827390538225007,0.914622229013485,4.16210429902009,1.90177722826214,2.42871346956862,0.884719740573062,4.19039053891284,0.808729335906439,3.48484958975078,2.66075521861787,"private"
2.48217161467502,4.57311114506743,1.66484171960803,3.80355445652427,1.61914231304574,3.53887896229225,0.838078107782567,3.23491734362575,1.74242479487539,2.66075521861787,"private"
2.48217161467502,2.74386668704046,2.49726257941205,2.8526658423932,2.42871346956862,2.65415922171919,2.5142343233477,2.42618800771932,2.61363719231309,2.66075521861787,"private"
1.65478107645001,1.82924445802697,0.832420859804017,2.8526658423932,2.42871346956862,2.65415922171919,1.67615621556513,2.42618800771932,1.74242479487539,2.66075521861787,"private"
1.65478107645001,2.74386668704046,2.49726257941205,3.80355445652427,2.42871346956862,4.42359870286531,2.5142343233477,2.42618800771932,2.61363719231309,2.66075521861787,"private"
1.65478107645001,2.74386668704046,1.66484171960803,1.90177722826214,1.61914231304574,3.53887896229225,1.67615621556513,3.23491734362575,0.871212397437695,1.77383681241192,"private"
0.827390538225007,1.82924445802697,2.49726257941205,2.8526658423932,3.23828462609149,4.42359870286531,1.67615621556513,3.23491734362575,2.61363719231309,2.66075521861787,"private"
0.827390538225007,1.82924445802697,1.66484171960803,1.90177722826214,2.42871346956862,2.65415922171919,1.67615621556513,1.61745867181288,1.74242479487539,2.66075521861787,"private"
0.827390538225007,0.914622229013485,4.16210429902009,0.950888614131068,0.809571156522872,4.42359870286531,4.19039053891284,0.808729335906439,0.871212397437695,4.43459203102979,"private"
1.65478107645001,1.82924445802697,2.49726257941205,2.8526658423932,2.42871346956862,4.42359870286531,2.5142343233477,1.61745867181288,1.74242479487539,0.886918406205958,"private"
4.13695269112503,4.57311114506743,0.832420859804017,4.75444307065534,0.809571156522872,2.65415922171919,0.838078107782567,4.04364667953219,0.871212397437695,1.77383681241192,"private"
4.13695269112503,4.57311114506743,0.832420859804017,4.75444307065534,0.809571156522872,2.65415922171919,0.838078107782567,4.04364667953219,0.871212397437695,0.886918406205958,"private"
1.65478107645001,2.74386668704046,2.49726257941205,2.8526658423932,2.42871346956862,2.65415922171919,2.5142343233477,2.42618800771932,4.35606198718848,3.54767362482383,"private"
2.48217161467502,2.74386668704046,2.49726257941205,2.8526658423932,2.42871346956862,2.65415922171919,1.67615621556513,3.23491734362575,1.74242479487539,2.66075521861787,"private"
1.65478107645001,4.57311114506743,4.16210429902009,3.80355445652427,4.04785578261436,3.53887896229225,4.19039053891284,4.04364667953219,4.35606198718848,4.43459203102979,"private"
0.827390538225007,0.914622229013485,3.32968343921607,1.90177722826214,4.04785578261436,4.42359870286531,3.35231243113027,1.61745867181288,4.35606198718848,4.43459203102979,"private"
2.48217161467502,2.74386668704046,2.49726257941205,2.8526658423932,3.23828462609149,3.53887896229225,2.5142343233477,3.23491734362575,1.74242479487539,2.66075521861787,"private"
0.827390538225007,1.82924445802697,3.32968343921607,2.8526658423932,4.04785578261436,4.42359870286531,3.35231243113027,1.61745867181288,1.74242479487539,3.54767362482383,"private"
2.48217161467502,1.82924445802697,2.49726257941205,2.8526658423932,2.42871346956862,4.42359870286531,2.5142343233477,2.42618800771932,1.74242479487539,2.66075521861787,"private"
1.65478107645001,2.74386668704046,2.49726257941205,1.90177722826214,3.23828462609149,3.53887896229225,2.5142343233477,0.808729335906439,1.74242479487539,3.54767362482383,"private"
0.827390538225007,0.914622229013485,4.16210429902009,0.950888614131068,3.23828462609149,4.42359870286531,3.35231243113027,3.23491734362575,3.48484958975078,4.43459203102979,"private"
3.30956215290003,3.65848891605394,0.832420859804017,3.80355445652427,0.809571156522872,0.884719740573062,1.67615621556513,4.04364667953219,0.871212397437695,0.886918406205958,"private"
2.48217161467502,2.74386668704046,0.832420859804017,2.8526658423932,0.809571156522872,1.76943948114612,0.838078107782567,4.04364667953219,0.871212397437695,1.77383681241192,"private"
2.48217161467502,2.74386668704046,3.32968343921607,3.80355445652427,2.42871346956862,2.65415922171919,2.5142343233477,2.42618800771932,1.74242479487539,3.54767362482383,"private"
2.48217161467502,2.74386668704046,2.49726257941205,2.8526658423932,0.809571156522872,2.65415922171919,1.67615621556513,4.04364667953219,0.871212397437695,2.66075521861787,"private"
3.30956215290003,3.65848891605394,0.832420859804017,3.80355445652427,0.809571156522872,1.76943948114612,0.838078107782567,4.04364667953219,0.871212397437695,1.77383681241192,"private"
3.30956215290003,2.74386668704046,1.66484171960803,1.90177722826214,1.61914231304574,2.65415922171919,1.67615621556513,2.42618800771932,1.74242479487539,1.77383681241192,"private"
3.30956215290003,1.82924445802697,2.49726257941205,2.8526658423932,2.42871346956862,2.65415922171919,1.67615621556513,2.42618800771932,0.871212397437695,3.54767362482383,"private"
2.48217161467502,1.82924445802697,2.49726257941205,1.90177722826214,1.61914231304574,2.65415922171919,1.67615621556513,2.42618800771932,2.61363719231309,1.77383681241192,"private"
2.48217161467502,2.74386668704046,2.49726257941205,2.8526658423932,2.42871346956862,3.53887896229225,2.5142343233477,2.42618800771932,2.61363719231309,2.66075521861787,"private"
3.30956215290003,3.65848891605394,1.66484171960803,3.80355445652427,1.61914231304574,1.76943948114612,2.5142343233477,1.61745867181288,2.61363719231309,2.66075521861787,"private"
2.48217161467502,1.82924445802697,4.16210429902009,2.8526658423932,4.04785578261436,4.42359870286531,1.67615621556513,3.23491734362575,1.74242479487539,2.66075521861787,"private"
2.48217161467502,4.57311114506743,0.832420859804017,3.80355445652427,2.42871346956862,1.76943948114612,0.838078107782567,2.42618800771932,2.61363719231309,0.886918406205958,"private"
2.48217161467502,2.74386668704046,0.832420859804017,3.80355445652427,0.809571156522872,2.65415922171919,1.67615621556513,3.23491734362575,0.871212397437695,1.77383681241192,"private"
3.30956215290003,3.65848891605394,1.66484171960803,2.8526658423932,1.61914231304574,1.76943948114612,1.67615621556513,3.23491734362575,1.74242479487539,2.66075521861787,"private"
3.30956215290003,3.65848891605394,0.832420859804017,4.75444307065534,0.809571156522872,1.76943948114612,1.67615621556513,3.23491734362575,0.871212397437695,1.77383681241192,"private"
2.48217161467502,2.74386668704046,2.49726257941205,2.8526658423932,2.42871346956862,2.65415922171919,2.5142343233477,2.42618800771932,2.61363719231309,2.66075521861787,"private"
1.65478107645001,2.74386668704046,2.49726257941205,2.8526658423932,3.23828462609149,3.53887896229225,2.5142343233477,2.42618800771932,1.74242479487539,1.77383681241192,"private"
4.13695269112503,4.57311114506743,0.832420859804017,3.80355445652427,1.61914231304574,1.76943948114612,1.67615621556513,4.04364667953219,1.74242479487539,2.66075521861787,"private"
3.30956215290003,3.65848891605394,1.66484171960803,3.80355445652427,0.809571156522872,2.65415922171919,0.838078107782567,4.04364667953219,0.871212397437695,2.66075521861787,"private"
3.30956215290003,2.74386668704046,2.49726257941205,2.8526658423932,2.42871346956862,2.65415922171919,1.67615621556513,4.04364667953219,1.74242479487539,2.66075521861787,"private"
0.827390538225007,2.74386668704046,2.49726257941205,0.950888614131068,4.04785578261436,4.42359870286531,2.5142343233477,2.42618800771932,3.48484958975078,3.54767362482383,"private"
0.827390538225007,2.74386668704046,2.49726257941205,1.90177722826214,4.04785578261436,2.65415922171919,3.35231243113027,1.61745867181288,2.61363719231309,3.54767362482383,"private"
1.65478107645001,2.74386668704046,2.49726257941205,2.8526658423932,2.42871346956862,2.65415922171919,2.5142343233477,1.61745867181288,0.871212397437695,2.66075521861787,"private"
3.30956215290003,2.74386668704046,1.66484171960803,2.8526658423932,1.61914231304574,2.65415922171919,1.67615621556513,2.42618800771932,1.74242479487539,2.66075521861787,"private"
2.48217161467502,2.74386668704046,2.49726257941205,1.90177722826214,2.42871346956862,2.65415922171919,0.838078107782567,2.42618800771932,0.871212397437695,2.66075521861787,"private"
0.827390538225007,0.914622229013485,1.66484171960803,1.90177722826214,4.04785578261436,4.42359870286531,4.19039053891284,0.808729335906439,1.74242479487539,0.886918406205958,"private"
4.13695269112503,3.65848891605394,0.832420859804017,3.80355445652427,0.809571156522872,0.884719740573062,0.838078107782567,4.04364667953219,0.871212397437695,0.886918406205958,"private"
1.65478107645001,3.65848891605394,2.49726257941205,2.8526658423932,4.04785578261436,4.42359870286531,2.5142343233477,2.42618800771932,2.61363719231309,4.43459203102979,"private"
2.48217161467502,3.65848891605394,1.66484171960803,2.8526658423932,2.42871346956862,2.65415922171919,1.67615621556513,2.42618800771932,1.74242479487539,2.66075521861787,"private"
3.30956215290003,3.65848891605394,0.832420859804017,3.80355445652427,1.61914231304574,1.76943948114612,2.5142343233477,4.04364667953219,0.871212397437695,2.66075521861787,"private"
3.30956215290003,2.74386668704046,2.49726257941205,2.8526658423932,1.61914231304574,2.65415922171919,1.67615621556513,4.04364667953219,0.871212397437695,2.66075521861787,"private"
1.65478107645001,2.74386668704046,0.832420859804017,2.8526658423932,1.61914231304574,2.65415922171919,1.67615621556513,2.42618800771932,0.871212397437695,1.77383681241192,"private"
1.65478107645001,1.82924445802697,1.66484171960803,1.90177722826214,1.61914231304574,1.76943948114612,1.67615621556513,2.42618800771932,0.871212397437695,3.54767362482383,"private"
1.65478107645001,3.65848891605394,1.66484171960803,2.8526658423932,2.42871346956862,2.65415922171919,3.35231243113027,3.23491734362575,2.61363719231309,1.77383681241192,"private"
2.48217161467502,1.82924445802697,1.66484171960803,2.8526658423932,1.61914231304574,1.76943948114612,0.838078107782567,1.61745867181288,2.61363719231309,1.77383681241192,"private"
3.30956215290003,3.65848891605394,1.66484171960803,3.80355445652427,1.61914231304574,1.76943948114612,2.5142343233477,3.23491734362575,1.74242479487539,1.77383681241192,"private"
3.30956215290003,2.74386668704046,0.832420859804017,2.8526658423932,1.61914231304574,1.76943948114612,0.838078107782567,3.23491734362575,0.871212397437695,2.66075521861787,"private"
2.48217161467502,2.74386668704046,2.49726257941205,3.80355445652427,3.23828462609149,2.65415922171919,2.5142343233477,3.23491734362575,1.74242479487539,3.54767362482383,"private"
1.65478107645001,2.74386668704046,3.32968343921607,1.90177722826214,3.23828462609149,3.53887896229225,2.5142343233477,1.61745867181288,2.61363719231309,3.54767362482383,"private"
3.30956215290003,3.65848891605394,0.832420859804017,3.80355445652427,1.61914231304574,1.76943948114612,1.67615621556513,2.42618800771932,1.74242479487539,1.77383681241192,"private"
2.48217161467502,2.74386668704046,2.49726257941205,1.90177722826214,3.23828462609149,2.65415922171919,2.5142343233477,2.42618800771932,1.74242479487539,2.66075521861787,"private"
3.30956215290003,3.65848891605394,1.66484171960803,3.80355445652427,3.23828462609149,1.76943948114612,1.67615621556513,4.04364667953219,0.871212397437695,1.77383681241192,"private"
1.65478107645001,2.74386668704046,3.32968343921607,2.8526658423932,3.23828462609149,4.42359870286531,2.5142343233477,1.61745867181288,1.74242479487539,3.54767362482383,"private"
3.30956215290003,3.65848891605394,1.66484171960803,3.80355445652427,1.61914231304574,1.76943948114612,1.67615621556513,3.23491734362575,1.74242479487539,1.77383681241192,"private"
3.30956215290003,3.65848891605394,2.49726257941205,3.80355445652427,1.61914231304574,2.65415922171919,1.67615621556513,4.04364667953219,1.74242479487539,2.66075521861787,"private"
1.65478107645001,2.74386668704046,2.49726257941205,2.8526658423932,3.23828462609149,3.53887896229225,1.67615621556513,1.61745867181288,1.74242479487539,2.66075521861787,"private"
1.65478107645001,2.74386668704046,1.66484171960803,2.8526658423932,2.42871346956862,2.65415922171919,1.67615621556513,1.61745867181288,1.74242479487539,1.77383681241192,"private"
1.65478107645001,1.82924445802697,2.49726257941205,2.8526658423932,2.42871346956862,4.42359870286531,2.5142343233477,2.42618800771932,1.74242479487539,0.886918406205958,"private"
0.827390538225007,0.914622229013485,3.32968343921607,1.90177722826214,4.04785578261436,4.42359870286531,4.19039053891284,1.61745867181288,4.35606198718848,0.886918406205958,"private"
2.48217161467502,3.65848891605394,1.66484171960803,2.8526658423932,1.61914231304574,2.65415922171919,0.838078107782567,4.04364667953219,1.74242479487539,0.886918406205958,"private"
3.30956215290003,3.65848891605394,0.832420859804017,3.80355445652427,0.809571156522872,1.76943948114612,0.838078107782567,4.04364667953219,0.871212397437695,0.886918406205958,"private"
1.65478107645001,2.74386668704046,2.49726257941205,2.8526658423932,2.42871346956862,2.65415922171919,1.67615621556513,2.42618800771932,1.74242479487539,2.66075521861787,"private"
0.827390538225007,2.74386668704046,2.49726257941205,2.8526658423932,4.04785578261436,3.53887896229225,1.67615621556513,1.61745867181288,3.48484958975078,2.66075521861787,"private"
2.48217161467502,3.65848891605394,2.49726257941205,3.80355445652427,1.61914231304574,2.65415922171919,1.67615621556513,3.23491734362575,1.74242479487539,1.77383681241192,"private"
3.30956215290003,3.65848891605394,1.66484171960803,3.80355445652427,1.61914231304574,2.65415922171919,1.67615621556513,2.42618800771932,1.74242479487539,0.886918406205958,"private"
1.65478107645001,2.74386668704046,4.16210429902009,2.8526658423932,4.04785578261436,4.42359870286531,3.35231243113027,3.23491734362575,2.61363719231309,4.43459203102979,"private"
2.48217161467502,2.74386668704046,2.49726257941205,2.8526658423932,2.42871346956862,3.53887896229225,1.67615621556513,2.42618800771932,2.61363719231309,3.54767362482383,"private"
3.30956215290003,3.65848891605394,3.32968343921607,3.80355445652427,4.04785578261436,4.42359870286531,4.19039053891284,1.61745867181288,1.74242479487539,4.43459203102979,"private"
0.827390538225007,1.82924445802697,2.49726257941205,1.90177722826214,2.42871346956862,2.65415922171919,3.35231243113027,1.61745867181288,1.74242479487539,3.54767362482383,"private"
0.827390538225007,1.82924445802697,3.32968343921607,2.8526658423932,3.23828462609149,2.65415922171919,2.5142343233477,1.61745867181288,2.61363719231309,2.66075521861787,"private"
2.48217161467502,2.74386668704046,2.49726257941205,2.8526658423932,2.42871346956862,3.53887896229225,2.5142343233477,2.42618800771932,0.871212397437695,2.66075521861787,"private"
0.827390538225007,2.74386668704046,2.49726257941205,1.90177722826214,3.23828462609149,1.76943948114612,3.35231243113027,1.61745867181288,1.74242479487539,3.54767362482383,"private"
2.48217161467502,2.74386668704046,0.832420859804017,3.80355445652427,1.61914231304574,2.65415922171919,1.67615621556513,3.23491734362575,0.871212397437695,3.54767362482383,"private"
0.827390538225007,2.74386668704046,3.32968343921607,1.90177722826214,4.04785578261436,3.53887896229225,3.35231243113027,2.42618800771932,2.61363719231309,4.43459203102979,"private"
0.827390538225007,1.82924445802697,4.16210429902009,0.950888614131068,4.04785578261436,4.42359870286531,3.35231243113027,0.808729335906439,3.48484958975078,3.54767362482383,"private"
1.65478107645001,1.82924445802697,4.16210429902009,1.90177722826214,3.23828462609149,4.42359870286531,1.67615621556513,2.42618800771932,4.35606198718848,4.43459203102979,"private"
3.30956215290003,3.65848891605394,0.832420859804017,3.80355445652427,0.809571156522872,1.76943948114612,1.67615621556513,3.23491734362575,0.871212397437695,1.77383681241192,"private"
2.48217161467502,1.82924445802697,2.49726257941205,2.8526658423932,2.42871346956862,3.53887896229225,1.67615621556513,2.42618800771932,2.61363719231309,0.886918406205958,"private"
1.65478107645001,1.82924445802697,4.16210429902009,2.8526658423932,4.04785578261436,4.42359870286531,4.19039053891284,2.42618800771932,0.871212397437695,0.886918406205958,"private"
4.13695269112503,3.65848891605394,0.832420859804017,4.75444307065534,0.809571156522872,1.76943948114612,0.838078107782567,4.04364667953219,0.871212397437695,1.77383681241192,"private"
2.48217161467502,3.65848891605394,1.66484171960803,2.8526658423932,1.61914231304574,3.53887896229225,1.67615621556513,3.23491734362575,1.74242479487539,1.77383681241192,"private"
3.30956215290003,3.65848891605394,0.832420859804017,3.80355445652427,1.61914231304574,3.53887896229225,0.838078107782567,4.04364667953219,0.871212397437695,1.77383681241192,"private"
2.48217161467502,3.65848891605394,0.832420859804017,3.80355445652427,0.809571156522872,0.884719740573062,1.67615621556513,1.61745867181288,1.74242479487539,1.77383681241192,"private"
4.13695269112503,3.65848891605394,0.832420859804017,3.80355445652427,1.61914231304574,1.76943948114612,0.838078107782567,4.04364667953219,0.871212397437695,0.886918406205958,"private"
2.48217161467502,2.74386668704046,0.832420859804017,2.8526658423932,0.809571156522872,2.65415922171919,0.838078107782567,4.04364667953219,0.871212397437695,0.886918406205958,"private"
1.65478107645001,2.74386668704046,2.49726257941205,1.90177722826214,2.42871346956862,2.65415922171919,2.5142343233477,2.42618800771932,2.61363719231309,2.66075521861787,"private"
3.30956215290003,4.57311114506743,3.32968343921607,3.80355445652427,4.04785578261436,4.42359870286531,2.5142343233477,1.61745867181288,2.61363719231309,2.66075521861787,"private"
1.65478107645001,1.82924445802697,2.49726257941205,1.90177722826214,3.23828462609149,4.42359870286531,1.67615621556513,1.61745867181288,3.48484958975078,2.66075521861787,"private"
2.48217161467502,3.65848891605394,1.66484171960803,3.80355445652427,3.23828462609149,2.65415922171919,1.67615621556513,3.23491734362575,1.74242479487539,1.77383681241192,"private"
2.48217161467502,2.74386668704046,2.49726257941205,2.8526658423932,1.61914231304574,2.65415922171919,2.5142343233477,1.61745867181288,2.61363719231309,4.43459203102979,"private"
1.65478107645001,2.74386668704046,2.49726257941205,1.90177722826214,2.42871346956862,2.65415922171919,1.67615621556513,2.42618800771932,1.74242479487539,1.77383681241192,"private"
1.65478107645001,1.82924445802697,2.49726257941205,1.90177722826214,4.04785578261436,1.76943948114612,3.35231243113027,1.61745867181288,3.48484958975078,2.66075521861787,"private"
1.65478107645001,1.82924445802697,2.49726257941205,2.8526658423932,1.61914231304574,4.42359870286531,2.5142343233477,1.61745867181288,2.61363719231309,1.77383681241192,"private"
3.30956215290003,2.74386668704046,2.49726257941205,2.8526658423932,1.61914231304574,3.53887896229225,0.838078107782567,3.23491734362575,1.74242479487539,2.66075521861787,"private"
3.30956215290003,3.65848891605394,1.66484171960803,3.80355445652427,3.23828462609149,3.53887896229225,2.5142343233477,1.61745867181288,0.871212397437695,1.77383681241192,"private"
2.48217161467502,2.74386668704046,1.66484171960803,3.80355445652427,2.42871346956862,2.65415922171919,1.67615621556513,3.23491734362575,0.871212397437695,2.66075521861787,"private"
1.65478107645001,1.82924445802697,0.832420859804017,2.8526658423932,3.23828462609149,2.65415922171919,2.5142343233477,2.42618800771932,1.74242479487539,1.77383681241192,"private"
2.48217161467502,3.65848891605394,2.49726257941205,2.8526658423932,1.61914231304574,1.76943948114612,2.5142343233477,2.42618800771932,1.74242479487539,1.77383681241192,"private"
0.827390538225007,0.914622229013485,2.49726257941205,1.90177722826214,2.42871346956862,3.53887896229225,3.35231243113027,2.42618800771932,0.871212397437695,4.43459203102979,"private"
2.48217161467502,2.74386668704046,0.832420859804017,3.80355445652427,0.809571156522872,2.65415922171919,1.67615621556513,3.23491734362575,1.74242479487539,1.77383681241192,"private"
1.65478107645001,2.74386668704046,2.49726257941205,2.8526658423932,2.42871346956862,4.42359870286531,2.5142343233477,1.61745867181288,2.61363719231309,2.66075521861787,"private"
0.827390538225007,1.82924445802697,4.16210429902009,1.90177722826214,4.04785578261436,4.42359870286531,1.67615621556513,0.808729335906439,0.871212397437695,3.54767362482383,"private"
3.30956215290003,2.74386668704046,1.66484171960803,2.8526658423932,1.61914231304574,1.76943948114612,1.67615621556513,3.23491734362575,1.74242479487539,0.886918406205958,"private"
0.827390538225007,1.82924445802697,2.49726257941205,1.90177722826214,4.04785578261436,2.65415922171919,2.5142343233477,2.42618800771932,3.48484958975078,2.66075521861787,"private"
2.48217161467502,3.65848891605394,3.32968343921607,3.80355445652427,3.23828462609149,3.53887896229225,2.5142343233477,1.61745867181288,2.61363719231309,4.43459203102979,"private"
3.30956215290003,2.74386668704046,1.66484171960803,3.80355445652427,1.61914231304574,2.65415922171919,1.67615621556513,3.23491734362575,0.871212397437695,1.77383681241192,"private"
2.48217161467502,1.82924445802697,1.66484171960803,3.80355445652427,1.61914231304574,2.65415922171919,1.67615621556513,2.42618800771932,1.74242479487539,3.54767362482383,"private"
0.827390538225007,1.82924445802697,4.16210429902009,1.90177722826214,4.04785578261436,4.42359870286531,4.19039053891284,0.808729335906439,2.61363719231309,4.43459203102979,"private"
3.30956215290003,1.82924445802697,4.16210429902009,3.80355445652427,3.23828462609149,4.42359870286531,3.35231243113027,1.61745867181288,1.74242479487539,3.54767362482383,"private"
1.65478107645001,1.82924445802697,0.832420859804017,4.75444307065534,0.809571156522872,1.76943948114612,2.5142343233477,2.42618800771932,0.871212397437695,0.886918406205958,"private"
1.65478107645001,1.82924445802697,3.32968343921607,2.8526658423932,1.61914231304574,1.76943948114612,1.67615621556513,2.42618800771932,1.74242479487539,0.886918406205958,"private"
1.65478107645001,0.914622229013485,2.49726257941205,2.8526658423932,1.61914231304574,4.42359870286531,2.5142343233477,3.23491734362575,0.871212397437695,3.54767362482383,"private"
1.65478107645001,2.74386668704046,2.49726257941205,2.8526658423932,3.23828462609149,3.53887896229225,3.35231243113027,1.61745867181288,2.61363719231309,3.54767362482383,"private"
3.30956215290003,3.65848891605394,2.49726257941205,3.80355445652427,0.809571156522872,2.65415922171919,0.838078107782567,3.23491734362575,0.871212397437695,1.77383681241192,"private"
3.30956215290003,4.57311114506743,0.832420859804017,3.80355445652427,0.809571156522872,0.884719740573062,0.838078107782567,4.04364667953219,3.48484958975078,0.886918406205958,"private"
3.30956215290003,3.65848891605394,2.49726257941205,3.80355445652427,2.42871346956862,2.65415922171919,1.67615621556513,3.23491734362575,1.74242479487539,2.66075521861787,"private"
2.48217161467502,3.65848891605394,1.66484171960803,3.80355445652427,1.61914231304574,1.76943948114612,1.67615621556513,3.23491734362575,1.74242479487539,2.66075521861787,"private"
1.65478107645001,2.74386668704046,2.49726257941205,2.8526658423932,3.23828462609149,4.42359870286531,2.5142343233477,3.23491734362575,2.61363719231309,3.54767362482383,"private"
0.827390538225007,0.914622229013485,2.49726257941205,1.90177722826214,3.23828462609149,3.53887896229225,2.5142343233477,1.61745867181288,2.61363719231309,3.54767362482383,"private"
2.48217161467502,2.74386668704046,2.49726257941205,2.8526658423932,2.42871346956862,2.65415922171919,1.67615621556513,3.23491734362575,1.74242479487539,1.77383681241192,"private"
4.13695269112503,3.65848891605394,1.66484171960803,3.80355445652427,0.809571156522872,1.76943948114612,0.838078107782567,4.04364667953219,0.871212397437695,1.77383681241192,"private"
4.13695269112503,4.57311114506743,0.832420859804017,4.75444307065534,0.809571156522872,2.65415922171919,1.67615621556513,3.23491734362575,0.871212397437695,1.77383681241192,"private"
3.30956215290003,3.65848891605394,0.832420859804017,0.950888614131068,0.809571156522872,2.65415922171919,0.838078107782567,4.04364667953219,0.871212397437695,0.886918406205958,"private"
2.48217161467502,1.82924445802697,3.32968343921607,1.90177722826214,3.23828462609149,3.53887896229225,3.35231243113027,1.61745867181288,3.48484958975078,2.66075521861787,"private"
2.48217161467502,2.74386668704046,1.66484171960803,3.80355445652427,2.42871346956862,2.65415922171919,1.67615621556513,3.23491734362575,1.74242479487539,1.77383681241192,"private"
1.65478107645001,2.74386668704046,2.49726257941205,2.8526658423932,1.61914231304574,4.42359870286531,2.5142343233477,1.61745867181288,2.61363719231309,3.54767362482383,"private"
1.65478107645001,2.74386668704046,2.49726257941205,2.8526658423932,2.42871346956862,2.65415922171919,1.67615621556513,0.808729335906439,2.61363719231309,1.77383681241192,"private"
1.65478107645001,2.74386668704046,2.49726257941205,2.8526658423932,2.42871346956862,2.65415922171919,2.5142343233477,2.42618800771932,2.61363719231309,1.77383681241192,"private"
4.13695269112503,4.57311114506743,1.66484171960803,4.75444307065534,1.61914231304574,2.65415922171919,0.838078107782567,4.04364667953219,0.871212397437695,0.886918406205958,"private"
1.65478107645001,1.82924445802697,2.49726257941205,2.8526658423932,4.04785578261436,2.65415922171919,3.35231243113027,1.61745867181288,2.61363719231309,3.54767362482383,"private"
0.827390538225007,0.914622229013485,1.66484171960803,2.8526658423932,0.809571156522872,0.884719740573062,2.5142343233477,1.61745867181288,2.61363719231309,3.54767362482383,"private"
2.48217161467502,1.82924445802697,1.66484171960803,1.90177722826214,1.61914231304574,3.53887896229225,1.67615621556513,2.42618800771932,1.74242479487539,1.77383681241192,"private"
0.827390538225007,1.82924445802697,4.16210429902009,1.90177722826214,3.23828462609149,4.42359870286531,3.35231243113027,1.61745867181288,4.35606198718848,3.54767362482383,"private"
2.48217161467502,2.74386668704046,2.49726257941205,2.8526658423932,2.42871346956862,2.65415922171919,2.5142343233477,2.42618800771932,2.61363719231309,2.66075521861787,"private"
2.48217161467502,3.65848891605394,0.832420859804017,3.80355445652427,1.61914231304574,1.76943948114612,1.67615621556513,2.42618800771932,1.74242479487539,2.66075521861787,"private"
3.30956215290003,4.57311114506743,2.49726257941205,3.80355445652427,4.04785578261436,4.42359870286531,3.35231243113027,2.42618800771932,2.61363719231309,3.54767362482383,"private"
1.65478107645001,1.82924445802697,1.66484171960803,1.90177722826214,3.23828462609149,1.76943948114612,2.5142343233477,1.61745867181288,3.48484958975078,3.54767362482383,"private"
2.48217161467502,2.74386668704046,2.49726257941205,2.8526658423932,2.42871346956862,2.65415922171919,2.5142343233477,2.42618800771932,2.61363719231309,2.66075521861787,"private"
1.65478107645001,2.74386668704046,2.49726257941205,2.8526658423932,2.42871346956862,3.53887896229225,1.67615621556513,2.42618800771932,0.871212397437695,2.66075521861787,"private"
0.827390538225007,1.82924445802697,4.16210429902009,0.950888614131068,3.23828462609149,2.65415922171919,3.35231243113027,0.808729335906439,2.61363719231309,2.66075521861787,"private"
1.65478107645001,1.82924445802697,4.16210429902009,1.90177722826214,3.23828462609149,3.53887896229225,2.5142343233477,2.42618800771932,2.61363719231309,2.66075521861787,"private"
1.65478107645001,3.65848891605394,2.49726257941205,2.8526658423932,2.42871346956862,2.65415922171919,1.67615621556513,2.42618800771932,1.74242479487539,2.66075521861787,"private"
4.13695269112503,2.74386668704046,1.66484171960803,4.75444307065534,0.809571156522872,2.65415922171919,0.838078107782567,3.23491734362575,0.871212397437695,2.66075521861787,"private"
3.30956215290003,3.65848891605394,3.32968343921607,3.80355445652427,3.23828462609149,3.53887896229225,3.35231243113027,3.23491734362575,3.48484958975078,3.54767362482383,"private"
4.13695269112503,3.65848891605394,1.66484171960803,4.75444307065534,1.61914231304574,0.884719740573062,0.838078107782567,4.04364667953219,0.871212397437695,1.77383681241192,"private"
0.827390538225007,2.74386668704046,4.16210429902009,1.90177722826214,4.04785578261436,3.53887896229225,2.5142343233477,3.23491734362575,1.74242479487539,4.43459203102979,"private"
3.30956215290003,2.74386668704046,2.49726257941205,2.8526658423932,2.42871346956862,3.53887896229225,2.5142343233477,3.23491734362575,1.74242479487539,2.66075521861787,"private"
0.827390538225007,2.74386668704046,3.32968343921607,1.90177722826214,4.04785578261436,3.53887896229225,2.5142343233477,1.61745867181288,3.48484958975078,3.54767362482383,"private"
4.13695269112503,3.65848891605394,1.66484171960803,3.80355445652427,0.809571156522872,2.65415922171919,0.838078107782567,4.04364667953219,1.74242479487539,2.66075521861787,"private"
1.65478107645001,0.914622229013485,4.16210429902009,1.90177722826214,4.04785578261436,4.42359870286531,2.5142343233477,0.808729335906439,1.74242479487539,3.54767362482383,"private"
1.65478107645001,1.82924445802697,2.49726257941205,1.90177722826214,2.42871346956862,3.53887896229225,2.5142343233477,1.61745867181288,3.48484958975078,2.66075521861787,"private"
2.48217161467502,2.74386668704046,0.832420859804017,2.8526658423932,2.42871346956862,2.65415922171919,2.5142343233477,2.42618800771932,0.871212397437695,1.77383681241192,"private"
0.827390538225007,0.914622229013485,3.32968343921607,1.90177722826214,4.04785578261436,4.42359870286531,4.19039053891284,0.808729335906439,4.35606198718848,4.43459203102979,"private"
2.48217161467502,2.74386668704046,2.49726257941205,2.8526658423932,3.23828462609149,3.53887896229225,1.67615621556513,2.42618800771932,1.74242479487539,2.66075521861787,"private"
2.48217161467502,2.74386668704046,1.66484171960803,3.80355445652427,1.61914231304574,1.76943948114612,2.5142343233477,4.04364667953219,0.871212397437695,1.77383681241192,"private"
2.48217161467502,2.74386668704046,1.66484171960803,3.80355445652427,2.42871346956862,2.65415922171919,1.67615621556513,3.23491734362575,1.74242479487539,2.66075521861787,"private"
1.65478107645001,1.82924445802697,2.49726257941205,1.90177722826214,2.42871346956862,2.65415922171919,2.5142343233477,2.42618800771932,2.61363719231309,3.54767362482383,"private"
4.13695269112503,3.65848891605394,1.66484171960803,2.8526658423932,1.61914231304574,2.65415922171919,0.838078107782567,4.04364667953219,0.871212397437695,2.66075521861787,"private"
2.48217161467502,2.74386668704046,1.66484171960803,2.8526658423932,1.61914231304574,1.76943948114612,2.5142343233477,2.42618800771932,1.74242479487539,2.66075521861787,"private"
3.30956215290003,3.65848891605394,1.66484171960803,3.80355445652427,1.61914231304574,2.65415922171919,1.67615621556513,4.04364667953219,1.74242479487539,2.66075521861787,"private"
1.65478107645001,1.82924445802697,2.49726257941205,2.8526658423932,0.809571156522872,2.65415922171919,1.67615621556513,2.42618800771932,1.74242479487539,1.77383681241192,"private"
2.48217161467502,2.74386668704046,4.16210429902009,2.8526658423932,2.42871346956862,2.65415922171919,2.5142343233477,2.42618800771932,3.48484958975078,2.66075521861787,"private"
1.65478107645001,0.914622229013485,1.66484171960803,0.950888614131068,3.23828462609149,2.65415922171919,3.35231243113027,1.61745867181288,3.48484958975078,0.886918406205958,"private"
1.65478107645001,2.74386668704046,1.66484171960803,1.90177722826214,3.23828462609149,4.42359870286531,2.5142343233477,2.42618800771932,0.871212397437695,2.66075521861787,"private"
2.48217161467502,2.74386668704046,1.66484171960803,3.80355445652427,1.61914231304574,0.884719740573062,1.67615621556513,2.42618800771932,0.871212397437695,2.66075521861787,"private"
4.13695269112503,4.57311114506743,1.66484171960803,3.80355445652427,0.809571156522872,1.76943948114612,0.838078107782567,3.23491734362575,0.871212397437695,0.886918406205958,"private"
2.48217161467502,2.74386668704046,2.49726257941205,2.8526658423932,2.42871346956862,2.65415922171919,2.5142343233477,2.42618800771932,2.61363719231309,2.66075521861787,"private"
2.48217161467502,3.65848891605394,3.32968343921607,3.80355445652427,3.23828462609149,3.53887896229225,4.19039053891284,4.04364667953219,2.61363719231309,4.43459203102979,"private"
3.30956215290003,3.65848891605394,2.49726257941205,3.80355445652427,0.809571156522872,1.76943948114612,1.67615621556513,4.04364667953219,0.871212397437695,1.77383681241192,"private"
0.827390538225007,1.82924445802697,4.16210429902009,1.90177722826214,3.23828462609149,4.42359870286531,3.35231243113027,1.61745867181288,3.48484958975078,3.54767362482383,"private"
2.48217161467502,3.65848891605394,2.49726257941205,2.8526658423932,2.42871346956862,2.65415922171919,2.5142343233477,2.42618800771932,1.74242479487539,2.66075521861787,"private"
2.48217161467502,2.74386668704046,2.49726257941205,2.8526658423932,1.61914231304574,3.53887896229225,2.5142343233477,2.42618800771932,1.74242479487539,2.66075521861787,"private"
1.65478107645001,2.74386668704046,2.49726257941205,2.8526658423932,3.23828462609149,2.65415922171919,2.5142343233477,2.42618800771932,2.61363719231309,2.66075521861787,"private"
1.65478107645001,2.74386668704046,3.32968343921607,2.8526658423932,3.23828462609149,4.42359870286531,2.5142343233477,2.42618800771932,1.74242479487539,2.66075521861787,"private"
2.48217161467502,2.74386668704046,1.66484171960803,2.8526658423932,2.42871346956862,2.65415922171919,2.5142343233477,4.04364667953219,1.74242479487539,2.66075521861787,"private"
2.48217161467502,2.74386668704046,2.49726257941205,4.75444307065534,2.42871346956862,4.42359870286531,4.19039053891284,2.42618800771932,2.61363719231309,2.66075521861787,"private"
2.48217161467502,2.74386668704046,2.49726257941205,2.8526658423932,1.61914231304574,4.42359870286531,1.67615621556513,3.23491734362575,1.74242479487539,1.77383681241192,"private"
4.13695269112503,0.914622229013485,4.16210429902009,0.950888614131068,4.04785578261436,4.42359870286531,3.35231243113027,0.808729335906439,3.48484958975078,3.54767362482383,"private"
1.65478107645001,2.74386668704046,2.49726257941205,1.90177722826214,2.42871346956862,3.53887896229225,3.35231243113027,1.61745867181288,2.61363719231309,3.54767362482383,"private"
2.48217161467502,2.74386668704046,2.49726257941205,2.8526658423932,3.23828462609149,3.53887896229225,3.35231243113027,1.61745867181288,2.61363719231309,2.66075521861787,"private"
2.48217161467502,3.65848891605394,0.832420859804017,3.80355445652427,1.61914231304574,2.65415922171919,1.67615621556513,3.23491734362575,1.74242479487539,1.77383681241192,"private"
2.48217161467502,1.82924445802697,2.49726257941205,2.8526658423932,2.42871346956862,1.76943948114612,1.67615621556513,2.42618800771932,1.74242479487539,2.66075521861787,"private"
4.13695269112503,2.74386668704046,3.32968343921607,2.8526658423932,1.61914231304574,3.53887896229225,1.67615621556513,3.23491734362575,1.74242479487539,2.66075521861787,"private"
3.30956215290003,3.65848891605394,0.832420859804017,3.80355445652427,0.809571156522872,1.76943948114612,0.838078107782567,4.04364667953219,0.871212397437695,1.77383681241192,"private"
1.65478107645001,2.74386668704046,2.49726257941205,1.90177722826214,2.42871346956862,2.65415922171919,2.5142343233477,2.42618800771932,2.61363719231309,3.54767362482383,"private"
4.13695269112503,4.57311114506743,0.832420859804017,4.75444307065534,0.809571156522872,2.65415922171919,0.838078107782567,4.04364667953219,0.871212397437695,1.77383681241192,"private"
3.30956215290003,3.65848891605394,1.66484171960803,3.80355445652427,0.809571156522872,1.76943948114612,0.838078107782567,4.04364667953219,1.74242479487539,2.66075521861787,"private"
3.30956215290003,2.74386668704046,1.66484171960803,3.80355445652427,1.61914231304574,2.65415922171919,1.67615621556513,3.23491734362575,1.74242479487539,1.77383681241192,"private"
2.48217161467502,2.74386668704046,2.49726257941205,2.8526658423932,1.61914231304574,3.53887896229225,0.838078107782567,4.04364667953219,0.871212397437695,2.66075521861787,"private"
4.13695269112503,4.57311114506743,0.832420859804017,4.75444307065534,0.809571156522872,0.884719740573062,0.838078107782567,4.04364667953219,0.871212397437695,0.886918406205958,"private"
3.30956215290003,2.74386668704046,1.66484171960803,2.8526658423932,1.61914231304574,2.65415922171919,1.67615621556513,4.04364667953219,0.871212397437695,1.77383681241192,"private"
3.30956215290003,3.65848891605394,1.66484171960803,3.80355445652427,1.61914231304574,2.65415922171919,1.67615621556513,4.04364667953219,0.871212397437695,1.77383681241192,"private"
2.48217161467502,3.65848891605394,1.66484171960803,2.8526658423932,1.61914231304574,2.65415922171919,0.838078107782567,3.23491734362575,0.871212397437695,1.77383681241192,"private"
2.48217161467502,3.65848891605394,0.832420859804017,3.80355445652427,1.61914231304574,1.76943948114612,0.838078107782567,3.23491734362575,0.871212397437695,2.66075521861787,"private"
4.13695269112503,4.57311114506743,0.832420859804017,4.75444307065534,0.809571156522872,1.76943948114612,0.838078107782567,4.04364667953219,0.871212397437695,1.77383681241192,"private"
2.48217161467502,3.65848891605394,1.66484171960803,1.90177722826214,2.42871346956862,2.65415922171919,1.67615621556513,2.42618800771932,0.871212397437695,0.886918406205958,"private"
1.65478107645001,1.82924445802697,2.49726257941205,1.90177722826214,2.42871346956862,2.65415922171919,0.838078107782567,1.61745867181288,2.61363719231309,2.66075521861787,"private"
1.65478107645001,1.82924445802697,4.16210429902009,1.90177722826214,4.04785578261436,4.42359870286531,3.35231243113027,0.808729335906439,0.871212397437695,3.54767362482383,"private"
0.827390538225007,0.914622229013485,4.16210429902009,1.90177722826214,4.04785578261436,4.42359870286531,4.19039053891284,0.808729335906439,3.48484958975078,4.43459203102979,"private"
3.30956215290003,3.65848891605394,2.49726257941205,4.75444307065534,1.61914231304574,3.53887896229225,0.838078107782567,4.04364667953219,0.871212397437695,1.77383681241192,"private"
4.13695269112503,3.65848891605394,3.32968343921607,4.75444307065534,3.23828462609149,1.76943948114612,0.838078107782567,4.04364667953219,0.871212397437695,0.886918406205958,"private"
2.48217161467502,2.74386668704046,1.66484171960803,2.8526658423932,1.61914231304574,1.76943948114612,1.67615621556513,2.42618800771932,0.871212397437695,2.66075521861787,"private"
0.827390538225007,1.82924445802697,1.66484171960803,2.8526658423932,3.23828462609149,4.42359870286531,4.19039053891284,1.61745867181288,3.48484958975078,3.54767362482383,"private"
0.827390538225007,0.914622229013485,4.16210429902009,0.950888614131068,4.04785578261436,4.42359870286531,3.35231243113027,0.808729335906439,4.35606198718848,4.43459203102979,"private"
0.827390538225007,0.914622229013485,4.16210429902009,0.950888614131068,4.04785578261436,4.42359870286531,4.19039053891284,0.808729335906439,4.35606198718848,4.43459203102979,"private"
0.827390538225007,3.65848891605394,1.66484171960803,1.90177722826214,3.23828462609149,1.76943948114612,3.35231243113027,1.61745867181288,2.61363719231309,3.54767362482383,"private"
0.827390538225007,1.82924445802697,3.32968343921607,1.90177722826214,2.42871346956862,2.65415922171919,2.5142343233477,1.61745867181288,2.61363719231309,1.77383681241192,"private"
3.30956215290003,3.65848891605394,1.66484171960803,3.80355445652427,3.23828462609149,2.65415922171919,1.67615621556513,2.42618800771932,1.74242479487539,2.66075521861787,"private"
4.13695269112503,4.57311114506743,2.49726257941205,4.75444307065534,2.42871346956862,2.65415922171919,0.838078107782567,4.04364667953219,1.74242479487539,2.66075521861787,"private"
3.30956215290003,3.65848891605394,0.832420859804017,3.80355445652427,1.61914231304574,1.76943948114612,0.838078107782567,4.04364667953219,0.871212397437695,1.77383681241192,"private"
1.65478107645001,0.914622229013485,3.32968343921607,1.90177722826214,2.42871346956862,4.42359870286531,0.838078107782567,3.23491734362575,0.871212397437695,1.77383681241192,"private"
4.13695269112503,3.65848891605394,1.66484171960803,2.8526658423932,3.23828462609149,4.42359870286531,1.67615621556513,1.61745867181288,3.48484958975078,3.54767362482383,"private"
1.65478107645001,4.57311114506743,1.66484171960803,3.80355445652427,1.61914231304574,2.65415922171919,1.67615621556513,4.04364667953219,1.74242479487539,1.77383681241192,"private"
0.827390538225007,2.74386668704046,1.66484171960803,2.8526658423932,2.42871346956862,4.42359870286531,3.35231243113027,4.04364667953219,2.61363719231309,3.54767362482383,"private"
0.827390538225007,2.74386668704046,1.66484171960803,2.8526658423932,4.04785578261436,2.65415922171919,1.67615621556513,2.42618800771932,1.74242479487539,3.54767362482383,"private"
2.48217161467502,3.65848891605394,1.66484171960803,3.80355445652427,2.42871346956862,2.65415922171919,1.67615621556513,3.23491734362575,1.74242479487539,1.77383681241192,"private"
1.65478107645001,3.65848891605394,1.66484171960803,2.8526658423932,2.42871346956862,1.76943948114612,1.67615621556513,3.23491734362575,1.74242479487539,1.77383681241192,"private"
2.48217161467502,2.74386668704046,2.49726257941205,2.8526658423932,2.42871346956862,3.53887896229225,1.67615621556513,2.42618800771932,1.74242479487539,2.66075521861787,"private"
0.827390538225007,1.82924445802697,3.32968343921607,0.950888614131068,4.04785578261436,4.42359870286531,3.35231243113027,1.61745867181288,3.48484958975078,3.54767362482383,"private"
1.65478107645001,2.74386668704046,3.32968343921607,2.8526658423932,2.42871346956862,2.65415922171919,2.5142343233477,1.61745867181288,0.871212397437695,3.54767362482383,"private"
2.48217161467502,2.74386668704046,2.49726257941205,1.90177722826214,2.42871346956862,3.53887896229225,0.838078107782567,2.42618800771932,0.871212397437695,1.77383681241192,"private"
3.30956215290003,3.65848891605394,1.66484171960803,3.80355445652427,1.61914231304574,1.76943948114612,0.838078107782567,4.04364667953219,0.871212397437695,2.66075521861787,"private"
3.30956215290003,2.74386668704046,1.66484171960803,3.80355445652427,1.61914231304574,1.76943948114612,1.67615621556513,4.04364667953219,1.74242479487539,0.886918406205958,"private"
0.827390538225007,2.74386668704046,2.49726257941205,2.8526658423932,3.23828462609149,4.42359870286531,2.5142343233477,2.42618800771932,1.74242479487539,2.66075521861787,"private"
0.827390538225007,0.914622229013485,4.16210429902009,0.950888614131068,2.42871346956862,4.42359870286531,4.19039053891284,0.808729335906439,4.35606198718848,4.43459203102979,"private"
3.30956215290003,3.65848891605394,0.832420859804017,3.80355445652427,1.61914231304574,1.76943948114612,0.838078107782567,3.23491734362575,0.871212397437695,0.886918406205958,"private"
0.827390538225007,1.82924445802697,4.16210429902009,0.950888614131068,0.809571156522872,4.42359870286531,4.19039053891284,0.808729335906439,4.35606198718848,4.43459203102979,"private"
1.65478107645001,2.74386668704046,1.66484171960803,2.8526658423932,2.42871346956862,2.65415922171919,2.5142343233477,1.61745867181288,1.74242479487539,1.77383681241192,"private"
4.13695269112503,2.74386668704046,1.66484171960803,2.8526658423932,1.61914231304574,3.53887896229225,0.838078107782567,3.23491734362575,0.871212397437695,0.886918406205958,"private"
1.65478107645001,1.82924445802697,2.49726257941205,2.8526658423932,2.42871346956862,4.42359870286531,2.5142343233477,2.42618800771932,1.74242479487539,2.66075521861787,"private"
3.30956215290003,3.65848891605394,1.66484171960803,3.80355445652427,1.61914231304574,2.65415922171919,1.67615621556513,3.23491734362575,1.74242479487539,0.886918406205958,"private"
2.48217161467502,1.82924445802697,2.49726257941205,3.80355445652427,2.42871346956862,2.65415922171919,2.5142343233477,2.42618800771932,2.61363719231309,1.77383681241192,"private"
1.65478107645001,2.74386668704046,2.49726257941205,2.8526658423932,3.23828462609149,2.65415922171919,2.5142343233477,1.61745867181288,1.74242479487539,2.66075521861787,"private"
1.65478107645001,1.82924445802697,1.66484171960803,2.8526658423932,2.42871346956862,2.65415922171919,2.5142343233477,3.23491734362575,1.74242479487539,2.66075521861787,"private"
2.48217161467502,2.74386668704046,2.49726257941205,3.80355445652427,2.42871346956862,2.65415922171919,1.67615621556513,2.42618800771932,0.871212397437695,2.66075521861787,"private"
2.48217161467502,0.914622229013485,2.49726257941205,1.90177722826214,2.42871346956862,2.65415922171919,2.5142343233477,2.42618800771932,1.74242479487539,1.77383681241192,"private"
0.827390538225007,0.914622229013485,4.16210429902009,0.950888614131068,4.04785578261436,4.42359870286531,4.19039053891284,0.808729335906439,4.35606198718848,4.43459203102979,"private"
2.48217161467502,2.74386668704046,2.49726257941205,2.8526658423932,1.61914231304574,3.53887896229225,3.35231243113027,3.23491734362575,0.871212397437695,2.66075521861787,"private"
0.827390538225007,0.914622229013485,1.66484171960803,1.90177722826214,2.42871346956862,1.76943948114612,2.5142343233477,1.61745867181288,2.61363719231309,2.66075521861787,"private"
0.827390538225007,2.74386668704046,2.49726257941205,2.8526658423932,2.42871346956862,3.53887896229225,1.67615621556513,2.42618800771932,1.74242479487539,1.77383681241192,"private"
1.65478107645001,0.914622229013485,3.32968343921607,0.950888614131068,0.809571156522872,4.42359870286531,4.19039053891284,1.61745867181288,2.61363719231309,4.43459203102979,"private"
2.48217161467502,2.74386668704046,3.32968343921607,4.75444307065534,4.04785578261436,3.53887896229225,2.5142343233477,3.23491734362575,2.61363719231309,2.66075521861787,"private"
0.827390538225007,1.82924445802697,4.16210429902009,1.90177722826214,4.04785578261436,4.42359870286531,4.19039053891284,0.808729335906439,2.61363719231309,3.54767362482383,"private"
2.48217161467502,4.57311114506743,1.66484171960803,2.8526658423932,2.42871346956862,1.76943948114612,2.5142343233477,3.23491734362575,1.74242479487539,3.54767362482383,"private"
0.827390538225007,4.57311114506743,1.66484171960803,2.8526658423932,4.04785578261436,1.76943948114612,2.5142343233477,0.808729335906439,2.61363719231309,2.66075521861787,"private"
4.13695269112503,3.65848891605394,1.66484171960803,3.80355445652427,1.61914231304574,1.76943948114612,0.838078107782567,4.04364667953219,0.871212397437695,0.886918406205958,"private"
2.48217161467502,2.74386668704046,0.832420859804017,3.80355445652427,1.61914231304574,0.884719740573062,0.838078107782567,4.04364667953219,0.871212397437695,0.886918406205958,"private"
2.48217161467502,2.74386668704046,2.49726257941205,2.8526658423932,2.42871346956862,2.65415922171919,0.838078107782567,2.42618800771932,2.61363719231309,2.66075521861787,"private"
1.65478107645001,1.82924445802697,2.49726257941205,2.8526658423932,2.42871346956862,3.53887896229225,2.5142343233477,2.42618800771932,2.61363719231309,2.66075521861787,"private"
0.827390538225007,0.914622229013485,4.16210429902009,0.950888614131068,0.809571156522872,4.42359870286531,2.5142343233477,0.808729335906439,0.871212397437695,4.43459203102979,"private"
2.48217161467502,1.82924445802697,4.16210429902009,1.90177722826214,2.42871346956862,3.53887896229225,2.5142343233477,1.61745867181288,3.48484958975078,3.54767362482383,"private"
3.30956215290003,2.74386668704046,3.32968343921607,3.80355445652427,2.42871346956862,2.65415922171919,2.5142343233477,3.23491734362575,3.48484958975078,2.66075521861787,"private"
0.827390538225007,2.74386668704046,2.49726257941205,2.8526658423932,2.42871346956862,2.65415922171919,4.19039053891284,1.61745867181288,1.74242479487539,3.54767362482383,"private"
1.65478107645001,1.82924445802697,3.32968343921607,2.8526658423932,4.04785578261436,2.65415922171919,3.35231243113027,0.808729335906439,1.74242479487539,3.54767362482383,"private"
1.65478107645001,1.82924445802697,3.32968343921607,2.8526658423932,3.23828462609149,4.42359870286531,1.67615621556513,2.42618800771932,3.48484958975078,3.54767362482383,"private"
4.13695269112503,3.65848891605394,1.66484171960803,3.80355445652427,0.809571156522872,1.76943948114612,0.838078107782567,3.23491734362575,0.871212397437695,0.886918406205958,"private"
2.48217161467502,2.74386668704046,0.832420859804017,2.8526658423932,2.42871346956862,2.65415922171919,4.19039053891284,4.04364667953219,1.74242479487539,1.77383681241192,"private"
2.48217161467502,1.82924445802697,2.49726257941205,2.8526658423932,3.23828462609149,3.53887896229225,3.35231243113027,1.61745867181288,1.74242479487539,2.66075521861787,"private"
3.30956215290003,2.74386668704046,1.66484171960803,3.80355445652427,0.809571156522872,2.65415922171919,2.5142343233477,4.04364667953219,1.74242479487539,2.66075521861787,"private"
3.30956215290003,2.74386668704046,2.49726257941205,1.90177722826214,3.23828462609149,3.53887896229225,1.67615621556513,1.61745867181288,1.74242479487539,2.66075521861787,"private"
1.65478107645001,2.74386668704046,0.832420859804017,3.80355445652427,2.42871346956862,1.76943948114612,1.67615621556513,4.04364667953219,0.871212397437695,1.77383681241192,"private"
4.13695269112503,4.57311114506743,0.832420859804017,4.75444307065534,0.809571156522872,1.76943948114612,0.838078107782567,4.04364667953219,0.871212397437695,1.77383681241192,"private"
4.13695269112503,3.65848891605394,1.66484171960803,3.80355445652427,1.61914231304574,1.76943948114612,1.67615621556513,3.23491734362575,0.871212397437695,1.77383681241192,"private"
2.48217161467502,2.74386668704046,3.32968343921607,2.8526658423932,1.61914231304574,4.42359870286531,2.5142343233477,2.42618800771932,1.74242479487539,3.54767362482383,"private"
0.827390538225007,0.914622229013485,2.49726257941205,1.90177722826214,4.04785578261436,3.53887896229225,3.35231243113027,1.61745867181288,3.48484958975078,2.66075521861787,"private"
3.30956215290003,3.65848891605394,1.66484171960803,4.75444307065534,3.23828462609149,1.76943948114612,1.67615621556513,2.42618800771932,1.74242479487539,2.66075521861787,"private"
0.827390538225007,2.74386668704046,0.832420859804017,1.90177722826214,0.809571156522872,1.76943948114612,4.19039053891284,0.808729335906439,4.35606198718848,0.886918406205958,"private"
2.48217161467502,3.65848891605394,1.66484171960803,3.80355445652427,2.42871346956862,3.53887896229225,3.35231243113027,2.42618800771932,1.74242479487539,1.77383681241192,"private"
2.48217161467502,1.82924445802697,2.49726257941205,2.8526658423932,3.23828462609149,4.42359870286531,3.35231243113027,1.61745867181288,1.74242479487539,2.66075521861787,"private"
2.48217161467502,0.914622229013485,0.832420859804017,1.90177722826214,1.61914231304574,1.76943948114612,2.5142343233477,3.23491734362575,0.871212397437695,0.886918406205958,"private"
2.48217161467502,3.65848891605394,0.832420859804017,3.80355445652427,1.61914231304574,2.65415922171919,1.67615621556513,3.23491734362575,1.74242479487539,1.77383681241192,"private"
0.827390538225007,2.74386668704046,2.49726257941205,2.8526658423932,3.23828462609149,2.65415922171919,3.35231243113027,0.808729335906439,1.74242479487539,2.66075521861787,"private"
0.827390538225007,1.82924445802697,4.16210429902009,0.950888614131068,4.04785578261436,2.65415922171919,2.5142343233477,1.61745867181288,3.48484958975078,3.54767362482383,"private"
0.827390538225007,1.82924445802697,2.49726257941205,1.90177722826214,2.42871346956862,4.42359870286531,3.35231243113027,1.61745867181288,0.871212397437695,3.54767362482383,"private"
3.30956215290003,4.57311114506743,0.832420859804017,4.75444307065534,0.809571156522872,3.53887896229225,0.838078107782567,4.04364667953219,0.871212397437695,1.77383681241192,"private"
3.30956215290003,3.65848891605394,3.32968343921607,3.80355445652427,4.04785578261436,2.65415922171919,2.5142343233477,2.42618800771932,1.74242479487539,1.77383681241192,"private"
2.48217161467502,2.74386668704046,1.66484171960803,1.90177722826214,1.61914231304574,3.53887896229225,1.67615621556513,3.23491734362575,1.74242479487539,1.77383681241192,"private"
2.48217161467502,2.74386668704046,2.49726257941205,2.8526658423932,2.42871346956862,2.65415922171919,2.5142343233477,2.42618800771932,2.61363719231309,2.66075521861787,"private"
2.48217161467502,3.65848891605394,3.32968343921607,4.75444307065534,3.23828462609149,3.53887896229225,0.838078107782567,4.04364667953219,3.48484958975078,4.43459203102979,"private"
3.30956215290003,3.65848891605394,1.66484171960803,2.8526658423932,3.23828462609149,2.65415922171919,1.67615621556513,3.23491734362575,1.74242479487539,2.66075521861787,"private"
2.48217161467502,3.65848891605394,0.832420859804017,2.8526658423932,0.809571156522872,2.65415922171919,0.838078107782567,2.42618800771932,1.74242479487539,2.66075521861787,"private"
2.48217161467502,2.74386668704046,1.66484171960803,2.8526658423932,2.42871346956862,1.76943948114612,1.67615621556513,3.23491734362575,1.74242479487539,1.77383681241192,"private"
2.48217161467502,2.74386668704046,2.49726257941205,2.8526658423932,2.42871346956862,2.65415922171919,2.5142343233477,2.42618800771932,2.61363719231309,2.66075521861787,"private"
3.30956215290003,3.65848891605394,1.66484171960803,3.80355445652427,3.23828462609149,3.53887896229225,1.67615621556513,4.04364667953219,1.74242479487539,2.66075521861787,"private"
2.48217161467502,2.74386668704046,0.832420859804017,3.80355445652427,2.42871346956862,2.65415922171919,2.5142343233477,3.23491734362575,4.35606198718848,1.77383681241192,"private"
3.30956215290003,2.74386668704046,0.832420859804017,2.8526658423932,0.809571156522872,2.65415922171919,0.838078107782567,4.04364667953219,0.871212397437695,0.886918406205958,"private"
3.30956215290003,2.74386668704046,2.49726257941205,2.8526658423932,3.23828462609149,2.65415922171919,1.67615621556513,3.23491734362575,1.74242479487539,2.66075521861787,"private"
0.827390538225007,0.914622229013485,3.32968343921607,1.90177722826214,4.04785578261436,4.42359870286531,3.35231243113027,1.61745867181288,2.61363719231309,4.43459203102979,"private"
3.30956215290003,2.74386668704046,1.66484171960803,2.8526658423932,0.809571156522872,2.65415922171919,0.838078107782567,4.04364667953219,0.871212397437695,1.77383681241192,"private"
2.48217161467502,2.74386668704046,1.66484171960803,2.8526658423932,2.42871346956862,1.76943948114612,1.67615621556513,2.42618800771932,1.74242479487539,1.77383681241192,"private"
2.48217161467502,0.914622229013485,1.66484171960803,2.8526658423932,2.42871346956862,2.65415922171919,2.5142343233477,1.61745867181288,1.74242479487539,2.66075521861787,"private"
0.827390538225007,0.914622229013485,4.16210429902009,1.90177722826214,2.42871346956862,4.42359870286531,2.5142343233477,2.42618800771932,1.74242479487539,3.54767362482383,"private"
1.65478107645001,1.82924445802697,1.66484171960803,1.90177722826214,1.61914231304574,1.76943948114612,2.5142343233477,2.42618800771932,2.61363719231309,2.66075521861787,"private"
1.65478107645001,1.82924445802697,2.49726257941205,2.8526658423932,2.42871346956862,2.65415922171919,2.5142343233477,1.61745867181288,2.61363719231309,2.66075521861787,"private"
2.48217161467502,2.74386668704046,3.32968343921607,2.8526658423932,2.42871346956862,4.42359870286531,2.5142343233477,1.61745867181288,1.74242479487539,2.66075521861787,"private"
0.827390538225007,1.82924445802697,3.32968343921607,0.950888614131068,3.23828462609149,3.53887896229225,3.35231243113027,2.42618800771932,1.74242479487539,3.54767362482383,"private"
4.13695269112503,4.57311114506743,1.66484171960803,4.75444307065534,0.809571156522872,1.76943948114612,0.838078107782567,4.04364667953219,0.871212397437695,2.66075521861787,"private"
2.48217161467502,2.74386668704046,2.49726257941205,4.75444307065534,2.42871346956862,2.65415922171919,4.19039053891284,4.04364667953219,2.61363719231309,1.77383681241192,"private"
4.13695269112503,2.74386668704046,2.49726257941205,2.8526658423932,2.42871346956862,3.53887896229225,1.67615621556513,3.23491734362575,0.871212397437695,1.77383681241192,"private"
2.48217161467502,2.74386668704046,2.49726257941205,2.8526658423932,1.61914231304574,1.76943948114612,2.5142343233477,3.23491734362575,1.74242479487539,3.54767362482383,"private"
0.827390538225007,2.74386668704046,1.66484171960803,2.8526658423932,4.04785578261436,3.53887896229225,2.5142343233477,2.42618800771932,3.48484958975078,3.54767362482383,"private"
2.48217161467502,3.65848891605394,1.66484171960803,2.8526658423932,2.42871346956862,1.76943948114612,1.67615621556513,2.42618800771932,1.74242479487539,2.66075521861787,"private"
0.827390538225007,2.74386668704046,3.32968343921607,2.8526658423932,4.04785578261436,3.53887896229225,2.5142343233477,1.61745867181288,2.61363719231309,3.54767362482383,"private"
3.30956215290003,2.74386668704046,0.832420859804017,3.80355445652427,3.23828462609149,2.65415922171919,0.838078107782567,3.23491734362575,0.871212397437695,0.886918406205958,"private"
2.48217161467502,2.74386668704046,2.49726257941205,3.80355445652427,2.42871346956862,2.65415922171919,1.67615621556513,3.23491734362575,1.74242479487539,2.66075521861787,"private"
1.65478107645001,2.74386668704046,2.49726257941205,1.90177722826214,2.42871346956862,2.65415922171919,2.5142343233477,1.61745867181288,1.74242479487539,2.66075521861787,"private"
4.13695269112503,4.57311114506743,0.832420859804017,4.75444307065534,0.809571156522872,0.884719740573062,0.838078107782567,4.04364667953219,0.871212397437695,0.886918406205958,"private"
2.48217161467502,2.74386668704046,2.49726257941205,2.8526658423932,3.23828462609149,2.65415922171919,2.5142343233477,3.23491734362575,2.61363719231309,3.54767362482383,"private"
4.13695269112503,2.74386668704046,2.49726257941205,4.75444307065534,2.42871346956862,2.65415922171919,3.35231243113027,2.42618800771932,0.871212397437695,2.66075521861787,"private"
4.13695269112503,3.65848891605394,0.832420859804017,3.80355445652427,0.809571156522872,1.76943948114612,0.838078107782567,4.04364667953219,1.74242479487539,0.886918406205958,"private"
0.827390538225007,0.914622229013485,2.49726257941205,2.8526658423932,4.04785578261436,4.42359870286531,0.838078107782567,1.61745867181288,2.61363719231309,2.66075521861787,"private"
2.48217161467502,2.74386668704046,1.66484171960803,2.8526658423932,1.61914231304574,1.76943948114612,1.67615621556513,4.04364667953219,0.871212397437695,1.77383681241192,"private"
4.13695269112503,4.57311114506743,0.832420859804017,4.75444307065534,4.04785578261436,0.884719740573062,0.838078107782567,3.23491734362575,0.871212397437695,0.886918406205958,"private"
0.827390538225007,0.914622229013485,2.49726257941205,1.90177722826214,2.42871346956862,2.65415922171919,1.67615621556513,0.808729335906439,1.74242479487539,1.77383681241192,"private"
4.13695269112503,3.65848891605394,1.66484171960803,3.80355445652427,0.809571156522872,2.65415922171919,0.838078107782567,4.04364667953219,0.871212397437695,1.77383681241192,"private"
0.827390538225007,0.914622229013485,4.16210429902009,1.90177722826214,4.04785578261436,4.42359870286531,4.19039053891284,0.808729335906439,3.48484958975078,4.43459203102979,"private"
0.827390538225007,0.914622229013485,4.16210429902009,4.75444307065534,1.61914231304574,4.42359870286531,4.19039053891284,0.808729335906439,3.48484958975078,4.43459203102979,"private"
1.65478107645001,1.82924445802697,2.49726257941205,2.8526658423932,2.42871346956862,1.76943948114612,1.67615621556513,1.61745867181288,1.74242479487539,1.77383681241192,"private"
1.65478107645001,1.82924445802697,3.32968343921607,2.8526658423932,2.42871346956862,2.65415922171919,2.5142343233477,2.42618800771932,2.61363719231309,2.66075521861787,"private"
0.827390538225007,2.74386668704046,1.66484171960803,1.90177722826214,2.42871346956862,2.65415922171919,2.5142343233477,3.23491734362575,1.74242479487539,1.77383681241192,"private"
2.48217161467502,2.74386668704046,4.16210429902009,2.8526658423932,3.23828462609149,2.65415922171919,3.35231243113027,1.61745867181288,2.61363719231309,3.54767362482383,"private"
1.65478107645001,1.82924445802697,3.32968343921607,1.90177722826214,2.42871346956862,3.53887896229225,2.5142343233477,2.42618800771932,3.48484958975078,3.54767362482383,"private"
2.48217161467502,1.82924445802697,1.66484171960803,2.8526658423932,2.42871346956862,2.65415922171919,2.5142343233477,3.23491734362575,0.871212397437695,3.54767362482383,"private"
3.30956215290003,3.65848891605394,2.49726257941205,3.80355445652427,3.23828462609149,2.65415922171919,0.838078107782567,4.04364667953219,0.871212397437695,1.77383681241192,"private"
1.65478107645001,2.74386668704046,3.32968343921607,2.8526658423932,3.23828462609149,3.53887896229225,2.5142343233477,2.42618800771932,2.61363719231309,3.54767362482383,"private"
0.827390538225007,3.65848891605394,2.49726257941205,1.90177722826214,2.42871346956862,4.42359870286531,1.67615621556513,2.42618800771932,2.61363719231309,0.886918406205958,"private"
2.48217161467502,3.65848891605394,1.66484171960803,2.8526658423932,0.809571156522872,1.76943948114612,1.67615621556513,3.23491734362575,0.871212397437695,1.77383681241192,"private"
3.30956215290003,3.65848891605394,1.66484171960803,3.80355445652427,0.809571156522872,1.76943948114612,1.67615621556513,4.04364667953219,1.74242479487539,1.77383681241192,"private"
1.65478107645001,2.74386668704046,2.49726257941205,2.8526658423932,2.42871346956862,2.65415922171919,1.67615621556513,1.61745867181288,2.61363719231309,1.77383681241192,"private"
1.65478107645001,3.65848891605394,1.66484171960803,3.80355445652427,3.23828462609149,1.76943948114612,1.67615621556513,3.23491734362575,1.74242479487539,1.77383681241192,"private"
2.48217161467502,1.82924445802697,2.49726257941205,1.90177722826214,2.42871346956862,2.65415922171919,2.5142343233477,2.42618800771932,2.61363719231309,2.66075521861787,"private"
2.48217161467502,2.74386668704046,2.49726257941205,2.8526658423932,1.61914231304574,2.65415922171919,2.5142343233477,2.42618800771932,2.61363719231309,2.66075521861787,"private"
4.13695269112503,4.57311114506743,0.832420859804017,4.75444307065534,0.809571156522872,2.65415922171919,0.838078107782567,4.04364667953219,0.871212397437695,1.77383681241192,"private"
2.48217161467502,3.65848891605394,2.49726257941205,2.8526658423932,2.42871346956862,3.53887896229225,2.5142343233477,3.23491734362575,1.74242479487539,1.77383681241192,"private"
2.48217161467502,2.74386668704046,1.66484171960803,1.90177722826214,0.809571156522872,4.42359870286531,0.838078107782567,2.42618800771932,1.74242479487539,2.66075521861787,"private"
0.827390538225007,0.914622229013485,4.16210429902009,1.90177722826214,3.23828462609149,4.42359870286531,4.19039053891284,1.61745867181288,4.35606198718848,4.43459203102979,"private"
1.65478107645001,2.74386668704046,2.49726257941205,2.8526658423932,4.04785578261436,4.42359870286531,2.5142343233477,1.61745867181288,2.61363719231309,1.77383681241192,"private"
0.827390538225007,1.82924445802697,4.16210429902009,3.80355445652427,4.04785578261436,4.42359870286531,4.19039053891284,2.42618800771932,1.74242479487539,4.43459203102979,"private"
2.48217161467502,2.74386668704046,2.49726257941205,2.8526658423932,2.42871346956862,2.65415922171919,2.5142343233477,2.42618800771932,1.74242479487539,2.66075521861787,"private"
3.30956215290003,3.65848891605394,1.66484171960803,3.80355445652427,0.809571156522872,1.76943948114612,0.838078107782567,3.23491734362575,0.871212397437695,1.77383681241192,"private"
1.65478107645001,4.57311114506743,0.832420859804017,3.80355445652427,1.61914231304574,2.65415922171919,1.67615621556513,4.04364667953219,0.871212397437695,1.77383681241192,"private"
0.827390538225007,1.82924445802697,2.49726257941205,2.8526658423932,2.42871346956862,2.65415922171919,2.5142343233477,2.42618800771932,0.871212397437695,2.66075521861787,"private"
3.30956215290003,3.65848891605394,0.832420859804017,3.80355445652427,3.23828462609149,1.76943948114612,0.838078107782567,3.23491734362575,1.74242479487539,2.66075521861787,"private"
0.827390538225007,0.914622229013485,1.66484171960803,2.8526658423932,2.42871346956862,3.53887896229225,2.5142343233477,1.61745867181288,1.74242479487539,2.66075521861787,"private"
0.827390538225007,1.82924445802697,2.49726257941205,0.950888614131068,4.04785578261436,3.53887896229225,3.35231243113027,1.61745867181288,3.48484958975078,2.66075521861787,"private"
2.48217161467502,1.82924445802697,3.32968343921607,4.75444307065534,0.809571156522872,4.42359870286531,0.838078107782567,4.04364667953219,0.871212397437695,2.66075521861787,"private"
2.48217161467502,2.74386668704046,3.32968343921607,2.8526658423932,3.23828462609149,2.65415922171919,2.5142343233477,2.42618800771932,0.871212397437695,1.77383681241192,"private"
1.65478107645001,4.57311114506743,0.832420859804017,4.75444307065534,3.23828462609149,2.65415922171919,4.19039053891284,2.42618800771932,0.871212397437695,2.66075521861787,"private"
2.48217161467502,1.82924445802697,3.32968343921607,2.8526658423932,2.42871346956862,3.53887896229225,1.67615621556513,2.42618800771932,1.74242479487539,1.77383681241192,"private"
1.65478107645001,3.65848891605394,1.66484171960803,2.8526658423932,2.42871346956862,1.76943948114612,2.5142343233477,2.42618800771932,1.74242479487539,2.66075521861787,"private"
2.48217161467502,2.74386668704046,1.66484171960803,0.950888614131068,2.42871346956862,3.53887896229225,0.838078107782567,3.23491734362575,1.74242479487539,2.66075521861787,"private"
0.827390538225007,0.914622229013485,3.32968343921607,2.8526658423932,4.04785578261436,4.42359870286531,4.19039053891284,1.61745867181288,4.35606198718848,3.54767362482383,"private"
2.48217161467502,2.74386668704046,2.49726257941205,2.8526658423932,2.42871346956862,2.65415922171919,2.5142343233477,2.42618800771932,1.74242479487539,2.66075521861787,"private"
2.48217161467502,2.74386668704046,2.49726257941205,2.8526658423932,2.42871346956862,2.65415922171919,1.67615621556513,3.23491734362575,1.74242479487539,1.77383681241192,"private"
2.48217161467502,2.74386668704046,1.66484171960803,2.8526658423932,1.61914231304574,2.65415922171919,1.67615621556513,3.23491734362575,1.74242479487539,2.66075521861787,"private"
0.827390538225007,2.74386668704046,3.32968343921607,2.8526658423932,3.23828462609149,2.65415922171919,3.35231243113027,1.61745867181288,2.61363719231309,2.66075521861787,"private"
0.827390538225007,2.74386668704046,1.66484171960803,2.8526658423932,2.42871346956862,3.53887896229225,3.35231243113027,1.61745867181288,2.61363719231309,3.54767362482383,"private"
2.48217161467502,3.65848891605394,2.49726257941205,2.8526658423932,3.23828462609149,2.65415922171919,1.67615621556513,3.23491734362575,1.74242479487539,0.886918406205958,"private"
1.65478107645001,1.82924445802697,3.32968343921607,2.8526658423932,2.42871346956862,2.65415922171919,1.67615621556513,3.23491734362575,1.74242479487539,1.77383681241192,"private"
1.65478107645001,2.74386668704046,2.49726257941205,1.90177722826214,2.42871346956862,3.53887896229225,2.5142343233477,3.23491734362575,1.74242479487539,2.66075521861787,"private"
2.48217161467502,2.74386668704046,0.832420859804017,2.8526658423932,3.23828462609149,1.76943948114612,0.838078107782567,3.23491734362575,0.871212397437695,0.886918406205958,"private"
0.827390538225007,2.74386668704046,3.32968343921607,0.950888614131068,4.04785578261436,3.53887896229225,3.35231243113027,1.61745867181288,4.35606198718848,4.43459203102979,"private"
4.13695269112503,4.57311114506743,0.832420859804017,4.75444307065534,0.809571156522872,0.884719740573062,0.838078107782567,4.04364667953219,0.871212397437695,4.43459203102979,"private"
0.827390538225007,2.74386668704046,4.16210429902009,2.8526658423932,4.04785578261436,4.42359870286531,4.19039053891284,1.61745867181288,0.871212397437695,2.66075521861787,"private"
0.827390538225007,1.82924445802697,1.66484171960803,2.8526658423932,2.42871346956862,3.53887896229225,2.5142343233477,3.23491734362575,2.61363719231309,2.66075521861787,"private"
1.65478107645001,2.74386668704046,1.66484171960803,3.80355445652427,2.42871346956862,2.65415922171919,2.5142343233477,2.42618800771932,1.74242479487539,2.66075521861787,"private"
1.65478107645001,3.65848891605394,1.66484171960803,3.80355445652427,1.61914231304574,2.65415922171919,1.67615621556513,3.23491734362575,0.871212397437695,2.66075521861787,"private"
0.827390538225007,1.82924445802697,3.32968343921607,0.950888614131068,4.04785578261436,3.53887896229225,3.35231243113027,0.808729335906439,4.35606198718848,3.54767362482383,"private"
0.827390538225007,2.74386668704046,3.32968343921607,2.8526658423932,4.04785578261436,4.42359870286531,3.35231243113027,2.42618800771932,0.871212397437695,4.43459203102979,"private"
1.65478107645001,1.82924445802697,2.49726257941205,2.8526658423932,2.42871346956862,4.42359870286531,2.5142343233477,1.61745867181288,1.74242479487539,2.66075521861787,"private"
2.48217161467502,2.74386668704046,1.66484171960803,2.8526658423932,2.42871346956862,2.65415922171919,2.5142343233477,2.42618800771932,1.74242479487539,2.66075521861787,"private"
1.65478107645001,2.74386668704046,3.32968343921607,2.8526658423932,4.04785578261436,2.65415922171919,2.5142343233477,2.42618800771932,1.74242479487539,2.66075521861787,"private"
1.65478107645001,1.82924445802697,4.16210429902009,2.8526658423932,4.04785578261436,4.42359870286531,2.5142343233477,2.42618800771932,2.61363719231309,2.66075521861787,"private"
0.827390538225007,0.914622229013485,4.16210429902009,1.90177722826214,4.04785578261436,4.42359870286531,2.5142343233477,1.61745867181288,1.74242479487539,2.66075521861787,"private"
3.30956215290003,1.82924445802697,2.49726257941205,2.8526658423932,2.42871346956862,3.53887896229225,0.838078107782567,1.61745867181288,1.74242479487539,2.66075521861787,"private"
4.13695269112503,4.57311114506743,0.832420859804017,4.75444307065534,0.809571156522872,0.884719740573062,0.838078107782567,4.04364667953219,0.871212397437695,0.886918406205958,"private"
1.65478107645001,1.82924445802697,1.66484171960803,2.8526658423932,1.61914231304574,0.884719740573062,4.19039053891284,1.61745867181288,1.74242479487539,1.77383681241192,"private"
3.30956215290003,4.57311114506743,1.66484171960803,4.75444307065534,1.61914231304574,3.53887896229225,1.67615621556513,2.42618800771932,0.871212397437695,2.66075521861787,"private"
0.827390538225007,0.914622229013485,2.49726257941205,2.8526658423932,2.42871346956862,2.65415922171919,2.5142343233477,0.808729335906439,2.61363719231309,3.54767362482383,"private"
0.827390538225007,1.82924445802697,2.49726257941205,1.90177722826214,3.23828462609149,2.65415922171919,4.19039053891284,0.808729335906439,2.61363719231309,3.54767362482383,"private"
2.48217161467502,0.914622229013485,2.49726257941205,2.8526658423932,3.23828462609149,2.65415922171919,4.19039053891284,1.61745867181288,1.74242479487539,3.54767362482383,"private"
1.65478107645001,0.914622229013485,1.66484171960803,2.8526658423932,3.23828462609149,3.53887896229225,1.67615621556513,3.23491734362575,3.48484958975078,1.77383681241192,"private"
3.30956215290003,3.65848891605394,2.49726257941205,3.80355445652427,2.42871346956862,2.65415922171919,0.838078107782567,4.04364667953219,0.871212397437695,3.54767362482383,"private"
1.65478107645001,2.74386668704046,1.66484171960803,2.8526658423932,3.23828462609149,3.53887896229225,3.35231243113027,1.61745867181288,2.61363719231309,2.66075521861787,"private"
2.48217161467502,2.74386668704046,1.66484171960803,2.8526658423932,4.04785578261436,2.65415922171919,3.35231243113027,2.42618800771932,2.61363719231309,4.43459203102979,"private"
1.65478107645001,2.74386668704046,3.32968343921607,2.8526658423932,3.23828462609149,3.53887896229225,3.35231243113027,2.42618800771932,2.61363719231309,3.54767362482383,"private"
1.65478107645001,1.82924445802697,3.32968343921607,1.90177722826214,2.42871346956862,2.65415922171919,2.5142343233477,1.61745867181288,3.48484958975078,4.43459203102979,"private"
0.827390538225007,1.82924445802697,2.49726257941205,1.90177722826214,2.42871346956862,2.65415922171919,3.35231243113027,2.42618800771932,2.61363719231309,0.886918406205958,"private"
1.65478107645001,1.82924445802697,2.49726257941205,1.90177722826214,3.23828462609149,2.65415922171919,3.35231243113027,1.61745867181288,2.61363719231309,3.54767362482383,"private"
0.827390538225007,0.914622229013485,3.32968343921607,2.8526658423932,2.42871346956862,4.42359870286531,2.5142343233477,1.61745867181288,3.48484958975078,2.66075521861787,"private"
2.48217161467502,3.65848891605394,2.49726257941205,2.8526658423932,0.809571156522872,2.65415922171919,1.67615621556513,2.42618800771932,1.74242479487539,1.77383681241192,"private"
3.30956215290003,3.65848891605394,1.66484171960803,3.80355445652427,1.61914231304574,1.76943948114612,0.838078107782567,4.04364667953219,0.871212397437695,1.77383681241192,"private"
3.30956215290003,3.65848891605394,1.66484171960803,3.80355445652427,0.809571156522872,1.76943948114612,1.67615621556513,4.04364667953219,0.871212397437695,0.886918406205958,"private"
2.48217161467502,2.74386668704046,2.49726257941205,2.8526658423932,2.42871346956862,3.53887896229225,2.5142343233477,1.61745867181288,0.871212397437695,3.54767362482383,"private"
1.65478107645001,1.82924445802697,3.32968343921607,1.90177722826214,1.61914231304574,2.65415922171919,3.35231243113027,1.61745867181288,2.61363719231309,3.54767362482383,"private"
2.48217161467502,1.82924445802697,1.66484171960803,3.80355445652427,1.61914231304574,1.76943948114612,1.67615621556513,3.23491734362575,1.74242479487539,1.77383681241192,"private"
2.48217161467502,2.74386668704046,3.32968343921607,2.8526658423932,2.42871346956862,3.53887896229225,2.5142343233477,2.42618800771932,2.61363719231309,2.66075521861787,"private"
4.13695269112503,4.57311114506743,0.832420859804017,4.75444307065534,4.04785578261436,0.884719740573062,0.838078107782567,4.04364667953219,0.871212397437695,0.886918406205958,"private"
4.13695269112503,4.57311114506743,0.832420859804017,4.75444307065534,1.61914231304574,2.65415922171919,1.67615621556513,2.42618800771932,0.871212397437695,1.77383681241192,"private"
1.65478107645001,2.74386668704046,2.49726257941205,2.8526658423932,2.42871346956862,2.65415922171919,2.5142343233477,1.61745867181288,1.74242479487539,1.77383681241192,"private"
2.48217161467502,0.914622229013485,0.832420859804017,0.950888614131068,2.42871346956862,2.65415922171919,0.838078107782567,3.23491734362575,0.871212397437695,1.77383681241192,"private"
2.48217161467502,1.82924445802697,1.66484171960803,2.8526658423932,1.61914231304574,2.65415922171919,1.67615621556513,3.23491734362575,1.74242479487539,2.66075521861787,"private"
3.30956215290003,3.65848891605394,1.66484171960803,3.80355445652427,1.61914231304574,1.76943948114612,1.67615621556513,4.04364667953219,0.871212397437695,1.77383681241192,"private"
3.30956215290003,2.74386668704046,0.832420859804017,2.8526658423932,0.809571156522872,3.53887896229225,0.838078107782567,3.23491734362575,1.74242479487539,1.77383681241192,"private"
2.48217161467502,2.74386668704046,1.66484171960803,2.8526658423932,2.42871346956862,1.76943948114612,0.838078107782567,3.23491734362575,1.74242479487539,1.77383681241192,"private"
3.30956215290003,3.65848891605394,1.66484171960803,3.80355445652427,2.42871346956862,1.76943948114612,1.67615621556513,4.04364667953219,1.74242479487539,2.66075521861787,"private"
0.827390538225007,0.914622229013485,4.16210429902009,0.950888614131068,0.809571156522872,4.42359870286531,4.19039053891284,0.808729335906439,4.35606198718848,4.43459203102979,"private"
0.827390538225007,0.914622229013485,4.16210429902009,2.8526658423932,1.61914231304574,4.42359870286531,4.19039053891284,1.61745867181288,2.61363719231309,4.43459203102979,"private"
2.48217161467502,2.74386668704046,2.49726257941205,2.8526658423932,3.23828462609149,2.65415922171919,1.67615621556513,2.42618800771932,0.871212397437695,4.43459203102979,"private"
2.48217161467502,3.65848891605394,1.66484171960803,3.80355445652427,2.42871346956862,1.76943948114612,2.5142343233477,2.42618800771932,0.871212397437695,2.66075521861787,"private"
3.30956215290003,3.65848891605394,1.66484171960803,3.80355445652427,0.809571156522872,2.65415922171919,0.838078107782567,4.04364667953219,0.871212397437695,0.886918406205958,"private"
2.48217161467502,2.74386668704046,1.66484171960803,2.8526658423932,1.61914231304574,2.65415922171919,0.838078107782567,3.23491734362575,1.74242479487539,1.77383681241192,"private"
1.65478107645001,1.82924445802697,2.49726257941205,1.90177722826214,1.61914231304574,2.65415922171919,1.67615621556513,2.42618800771932,2.61363719231309,2.66075521861787,"private"
1.65478107645001,1.82924445802697,3.32968343921607,2.8526658423932,3.23828462609149,3.53887896229225,2.5142343233477,1.61745867181288,2.61363719231309,2.66075521861787,"private"
1.65478107645001,1.82924445802697,1.66484171960803,1.90177722826214,2.42871346956862,2.65415922171919,1.67615621556513,2.42618800771932,1.74242479487539,1.77383681241192,"private"
3.30956215290003,3.65848891605394,1.66484171960803,3.80355445652427,0.809571156522872,3.53887896229225,2.5142343233477,1.61745867181288,0.871212397437695,3.54767362482383,"private"
2.48217161467502,1.82924445802697,0.832420859804017,2.8526658423932,2.42871346956862,2.65415922171919,1.67615621556513,2.42618800771932,1.74242479487539,1.77383681241192,"private"
0.827390538225007,0.914622229013485,3.32968343921607,0.950888614131068,3.23828462609149,0.884719740573062,4.19039053891284,0.808729335906439,2.61363719231309,2.66075521861787,"private"
3.30956215290003,2.74386668704046,1.66484171960803,3.80355445652427,1.61914231304574,2.65415922171919,1.67615621556513,4.04364667953219,1.74242479487539,1.77383681241192,"private"
0.827390538225007,2.74386668704046,1.66484171960803,2.8526658423932,2.42871346956862,3.53887896229225,2.5142343233477,1.61745867181288,3.48484958975078,2.66075521861787,"private"
0.827390538225007,1.82924445802697,3.32968343921607,1.90177722826214,4.04785578261436,2.65415922171919,4.19039053891284,1.61745867181288,4.35606198718848,2.66075521861787,"private"
4.13695269112503,4.57311114506743,0.832420859804017,4.75444307065534,0.809571156522872,1.76943948114612,0.838078107782567,4.04364667953219,0.871212397437695,1.77383681241192,"private"
3.30956215290003,3.65848891605394,1.66484171960803,3.80355445652427,0.809571156522872,2.65415922171919,0.838078107782567,4.04364667953219,0.871212397437695,1.77383681241192,"private"
2.48217161467502,0.914622229013485,2.49726257941205,1.90177722826214,1.61914231304574,2.65415922171919,1.67615621556513,2.42618800771932,2.61363719231309,2.66075521861787,"private"
3.30956215290003,3.65848891605394,0.832420859804017,3.80355445652427,0.809571156522872,2.65415922171919,0.838078107782567,4.04364667953219,0.871212397437695,1.77383681241192,"private"
1.65478107645001,2.74386668704046,2.49726257941205,2.8526658423932,2.42871346956862,3.53887896229225,3.35231243113027,2.42618800771932,1.74242479487539,2.66075521861787,"private"
2.48217161467502,3.65848891605394,0.832420859804017,2.8526658423932,1.61914231304574,4.42359870286531,0.838078107782567,4.04364667953219,1.74242479487539,2.66075521861787,"private"
0.827390538225007,2.74386668704046,2.49726257941205,1.90177722826214,2.42871346956862,3.53887896229225,2.5142343233477,1.61745867181288,0.871212397437695,3.54767362482383,"private"
3.30956215290003,3.65848891605394,2.49726257941205,2.8526658423932,1.61914231304574,2.65415922171919,1.67615621556513,4.04364667953219,0.871212397437695,0.886918406205958,"private"
2.48217161467502,2.74386668704046,2.49726257941205,2.8526658423932,2.42871346956862,2.65415922171919,2.5142343233477,2.42618800771932,2.61363719231309,2.66075521861787,"private"
2.48217161467502,1.82924445802697,1.66484171960803,2.8526658423932,1.61914231304574,3.53887896229225,1.67615621556513,2.42618800771932,2.61363719231309,2.66075521861787,"private"
0.827390538225007,0.914622229013485,4.16210429902009,1.90177722826214,4.04785578261436,4.42359870286531,4.19039053891284,1.61745867181288,1.74242479487539,4.43459203102979,"private"
3.30956215290003,2.74386668704046,3.32968343921607,3.80355445652427,3.23828462609149,3.53887896229225,1.67615621556513,2.42618800771932,2.61363719231309,2.66075521861787,"private"
3.30956215290003,3.65848891605394,0.832420859804017,2.8526658423932,0.809571156522872,0.884719740573062,0.838078107782567,3.23491734362575,0.871212397437695,0.886918406205958,"private"
1.65478107645001,2.74386668704046,0.832420859804017,4.75444307065534,1.61914231304574,2.65415922171919,1.67615621556513,4.04364667953219,1.74242479487539,1.77383681241192,"private"
3.30956215290003,3.65848891605394,1.66484171960803,3.80355445652427,0.809571156522872,2.65415922171919,1.67615621556513,4.04364667953219,1.74242479487539,2.66075521861787,"private"
2.48217161467502,2.74386668704046,1.66484171960803,2.8526658423932,2.42871346956862,2.65415922171919,1.67615621556513,3.23491734362575,1.74242479487539,1.77383681241192,"private"
4.13695269112503,1.82924445802697,1.66484171960803,4.75444307065534,0.809571156522872,2.65415922171919,0.838078107782567,4.04364667953219,0.871212397437695,0.886918406205958,"private"
4.13695269112503,3.65848891605394,2.49726257941205,3.80355445652427,3.23828462609149,2.65415922171919,3.35231243113027,3.23491734362575,3.48484958975078,3.54767362482383,"private"
2.48217161467502,3.65848891605394,2.49726257941205,2.8526658423932,1.61914231304574,2.65415922171919,0.838078107782567,4.04364667953219,0.871212397437695,2.66075521861787,"private"
4.13695269112503,2.74386668704046,2.49726257941205,3.80355445652427,2.42871346956862,2.65415922171919,0.838078107782567,2.42618800771932,0.871212397437695,0.886918406205958,"private"
0.827390538225007,1.82924445802697,3.32968343921607,0.950888614131068,4.04785578261436,3.53887896229225,3.35231243113027,0.808729335906439,3.48484958975078,4.43459203102979,"private"
0.827390538225007,1.82924445802697,4.16210429902009,1.90177722826214,3.23828462609149,4.42359870286531,3.35231243113027,1.61745867181288,2.61363719231309,3.54767362482383,"private"
1.65478107645001,0.914622229013485,1.66484171960803,1.90177722826214,2.42871346956862,4.42359870286531,1.67615621556513,2.42618800771932,0.871212397437695,2.66075521861787,"private"
2.48217161467502,3.65848891605394,2.49726257941205,3.80355445652427,2.42871346956862,2.65415922171919,2.5142343233477,3.23491734362575,1.74242479487539,2.66075521861787,"private"
1.65478107645001,1.82924445802697,3.32968343921607,1.90177722826214,2.42871346956862,4.42359870286531,2.5142343233477,3.23491734362575,0.871212397437695,3.54767362482383,"private"
2.48217161467502,3.65848891605394,1.66484171960803,3.80355445652427,1.61914231304574,1.76943948114612,1.67615621556513,3.23491734362575,0.871212397437695,1.77383681241192,"private"
2.48217161467502,2.74386668704046,2.49726257941205,2.8526658423932,1.61914231304574,4.42359870286531,1.67615621556513,1.61745867181288,0.871212397437695,2.66075521861787,"private"
3.30956215290003,2.74386668704046,1.66484171960803,3.80355445652427,2.42871346956862,3.53887896229225,0.838078107782567,3.23491734362575,1.74242479487539,1.77383681241192,"private"
4.13695269112503,4.57311114506743,0.832420859804017,3.80355445652427,0.809571156522872,1.76943948114612,0.838078107782567,4.04364667953219,0.871212397437695,2.66075521861787,"private"
1.65478107645001,1.82924445802697,2.49726257941205,2.8526658423932,4.04785578261436,4.42359870286531,2.5142343233477,1.61745867181288,2.61363719231309,3.54767362482383,"private"
2.48217161467502,2.74386668704046,1.66484171960803,3.80355445652427,0.809571156522872,3.53887896229225,2.5142343233477,3.23491734362575,1.74242479487539,2.66075521861787,"private"
3.30956215290003,3.65848891605394,1.66484171960803,3.80355445652427,0.809571156522872,2.65415922171919,0.838078107782567,4.04364667953219,0.871212397437695,0.886918406205958,"private"
2.48217161467502,2.74386668704046,1.66484171960803,2.8526658423932,0.809571156522872,1.76943948114612,1.67615621556513,3.23491734362575,0.871212397437695,1.77383681241192,"private"
1.65478107645001,2.74386668704046,2.49726257941205,1.90177722826214,2.42871346956862,3.53887896229225,2.5142343233477,2.42618800771932,2.61363719231309,3.54767362482383,"private"
0.827390538225007,0.914622229013485,2.49726257941205,2.8526658423932,2.42871346956862,2.65415922171919,2.5142343233477,2.42618800771932,1.74242479487539,2.66075521861787,"private"
2.48217161467502,3.65848891605394,1.66484171960803,3.80355445652427,1.61914231304574,2.65415922171919,2.5142343233477,3.23491734362575,0.871212397437695,2.66075521861787,"private"
0.827390538225007,0.914622229013485,3.32968343921607,0.950888614131068,0.809571156522872,4.42359870286531,4.19039053891284,1.61745867181288,2.61363719231309,4.43459203102979,"private"
1.65478107645001,2.74386668704046,1.66484171960803,2.8526658423932,2.42871346956862,3.53887896229225,1.67615621556513,2.42618800771932,2.61363719231309,1.77383681241192,"private"
2.48217161467502,2.74386668704046,2.49726257941205,2.8526658423932,2.42871346956862,4.42359870286531,2.5142343233477,3.23491734362575,1.74242479487539,3.54767362482383,"private"
0.827390538225007,3.65848891605394,3.32968343921607,1.90177722826214,3.23828462609149,2.65415922171919,4.19039053891284,1.61745867181288,1.74242479487539,2.66075521861787,"private"
1.65478107645001,2.74386668704046,3.32968343921607,2.8526658423932,2.42871346956862,4.42359870286531,2.5142343233477,2.42618800771932,3.48484958975078,2.66075521861787,"private"
2.48217161467502,3.65848891605394,2.49726257941205,3.80355445652427,2.42871346956862,2.65415922171919,2.5142343233477,3.23491734362575,2.61363719231309,2.66075521861787,"private"
2.48217161467502,2.74386668704046,1.66484171960803,3.80355445652427,1.61914231304574,2.65415922171919,0.838078107782567,3.23491734362575,1.74242479487539,1.77383681241192,"private"
0.827390538225007,0.914622229013485,2.49726257941205,1.90177722826214,3.23828462609149,2.65415922171919,3.35231243113027,1.61745867181288,2.61363719231309,2.66075521861787,"private"
2.48217161467502,3.65848891605394,1.66484171960803,2.8526658423932,0.809571156522872,1.76943948114612,1.67615621556513,2.42618800771932,0.871212397437695,1.77383681241192,"private"
0.827390538225007,2.74386668704046,4.16210429902009,0.950888614131068,4.04785578261436,4.42359870286531,1.67615621556513,1.61745867181288,2.61363719231309,2.66075521861787,"private"
1.65478107645001,2.74386668704046,0.832420859804017,1.90177722826214,1.61914231304574,2.65415922171919,1.67615621556513,1.61745867181288,1.74242479487539,0.886918406205958,"private"
2.48217161467502,2.74386668704046,2.49726257941205,2.8526658423932,2.42871346956862,2.65415922171919,2.5142343233477,2.42618800771932,2.61363719231309,2.66075521861787,"private"
1.65478107645001,1.82924445802697,4.16210429902009,1.90177722826214,3.23828462609149,4.42359870286531,2.5142343233477,2.42618800771932,1.74242479487539,3.54767362482383,"private"
2.48217161467502,3.65848891605394,1.66484171960803,3.80355445652427,2.42871346956862,1.76943948114612,1.67615621556513,2.42618800771932,1.74242479487539,0.886918406205958,"private"
2.48217161467502,2.74386668704046,1.66484171960803,2.8526658423932,1.61914231304574,2.65415922171919,2.5142343233477,2.42618800771932,0.871212397437695,1.77383681241192,"private"
3.30956215290003,2.74386668704046,0.832420859804017,3.80355445652427,1.61914231304574,3.53887896229225,1.67615621556513,3.23491734362575,0.871212397437695,1.77383681241192,"private"
4.13695269112503,1.82924445802697,2.49726257941205,3.80355445652427,2.42871346956862,2.65415922171919,2.5142343233477,1.61745867181288,3.48484958975078,3.54767362482383,"private"
0.827390538225007,2.74386668704046,2.49726257941205,2.8526658423932,2.42871346956862,2.65415922171919,2.5142343233477,2.42618800771932,2.61363719231309,3.54767362482383,"private"
2.48217161467502,2.74386668704046,2.49726257941205,2.8526658423932,2.42871346956862,2.65415922171919,2.5142343233477,2.42618800771932,2.61363719231309,2.66075521861787,"private"
0.827390538225007,2.74386668704046,2.49726257941205,2.8526658423932,2.42871346956862,1.76943948114612,2.5142343233477,3.23491734362575,1.74242479487539,3.54767362482383,"private"
4.13695269112503,4.57311114506743,0.832420859804017,4.75444307065534,0.809571156522872,2.65415922171919,0.838078107782567,4.04364667953219,0.871212397437695,2.66075521861787,"private"
2.48217161467502,1.82924445802697,2.49726257941205,3.80355445652427,2.42871346956862,2.65415922171919,1.67615621556513,2.42618800771932,2.61363719231309,2.66075521861787,"private"
1.65478107645001,2.74386668704046,1.66484171960803,2.8526658423932,2.42871346956862,2.65415922171919,1.67615621556513,3.23491734362575,1.74242479487539,1.77383681241192,"private"
3.30956215290003,2.74386668704046,2.49726257941205,2.8526658423932,2.42871346956862,2.65415922171919,0.838078107782567,3.23491734362575,1.74242479487539,2.66075521861787,"private"
2.48217161467502,4.57311114506743,0.832420859804017,4.75444307065534,0.809571156522872,1.76943948114612,0.838078107782567,2.42618800771932,1.74242479487539,1.77383681241192,"private"
2.48217161467502,3.65848891605394,1.66484171960803,3.80355445652427,2.42871346956862,2.65415922171919,2.5142343233477,4.04364667953219,1.74242479487539,1.77383681241192,"private"
3.30956215290003,3.65848891605394,1.66484171960803,3.80355445652427,1.61914231304574,2.65415922171919,1.67615621556513,4.04364667953219,1.74242479487539,1.77383681241192,"private"
2.48217161467502,3.65848891605394,1.66484171960803,2.8526658423932,0.809571156522872,4.42359870286531,0.838078107782567,4.04364667953219,0.871212397437695,3.54767362482383,"private"
1.65478107645001,1.82924445802697,2.49726257941205,2.8526658423932,2.42871346956862,3.53887896229225,2.5142343233477,2.42618800771932,3.48484958975078,2.66075521861787,"private"
0.827390538225007,0.914622229013485,4.16210429902009,0.950888614131068,4.04785578261436,4.42359870286531,4.19039053891284,2.42618800771932,1.74242479487539,3.54767362482383,"private"
0.827390538225007,0.914622229013485,2.49726257941205,0.950888614131068,0.809571156522872,2.65415922171919,2.5142343233477,2.42618800771932,2.61363719231309,1.77383681241192,"private"
1.65478107645001,1.82924445802697,2.49726257941205,1.90177722826214,2.42871346956862,4.42359870286531,3.35231243113027,1.61745867181288,1.74242479487539,4.43459203102979,"private"
4.13695269112503,4.57311114506743,0.832420859804017,4.75444307065534,1.61914231304574,2.65415922171919,4.19039053891284,3.23491734362575,0.871212397437695,0.886918406205958,"private"
2.48217161467502,3.65848891605394,0.832420859804017,3.80355445652427,0.809571156522872,1.76943948114612,0.838078107782567,4.04364667953219,0.871212397437695,1.77383681241192,"private"
3.30956215290003,3.65848891605394,1.66484171960803,3.80355445652427,1.61914231304574,2.65415922171919,1.67615621556513,3.23491734362575,1.74242479487539,1.77383681241192,"private"
3.30956215290003,3.65848891605394,1.66484171960803,3.80355445652427,1.61914231304574,2.65415922171919,1.67615621556513,4.04364667953219,0.871212397437695,1.77383681241192,"private"
4.13695269112503,4.57311114506743,0.832420859804017,4.75444307065534,1.61914231304574,2.65415922171919,0.838078107782567,4.04364667953219,0.871212397437695,1.77383681241192,"private"
0.827390538225007,0.914622229013485,4.16210429902009,2.8526658423932,4.04785578261436,3.53887896229225,2.5142343233477,0.808729335906439,2.61363719231309,3.54767362482383,"private"
3.30956215290003,1.82924445802697,2.49726257941205,2.8526658423932,2.42871346956862,3.53887896229225,0.838078107782567,4.04364667953219,0.871212397437695,1.77383681241192,"private"
0.827390538225007,2.74386668704046,1.66484171960803,2.8526658423932,0.809571156522872,0.884719740573062,0.838078107782567,4.04364667953219,0.871212397437695,1.77383681241192,"private"
2.48217161467502,2.74386668704046,0.832420859804017,1.90177722826214,2.42871346956862,4.42359870286531,0.838078107782567,2.42618800771932,2.61363719231309,1.77383681241192,"private"
3.30956215290003,3.65848891605394,1.66484171960803,3.80355445652427,0.809571156522872,2.65415922171919,0.838078107782567,4.04364667953219,0.871212397437695,1.77383681241192,"private"
1.65478107645001,0.914622229013485,4.16210429902009,2.8526658423932,4.04785578261436,4.42359870286531,3.35231243113027,1.61745867181288,2.61363719231309,2.66075521861787,"private"
3.30956215290003,3.65848891605394,2.49726257941205,3.80355445652427,2.42871346956862,3.53887896229225,3.35231243113027,3.23491734362575,1.74242479487539,2.66075521861787,"private"
2.48217161467502,2.74386668704046,2.49726257941205,3.80355445652427,1.61914231304574,1.76943948114612,1.67615621556513,2.42618800771932,0.871212397437695,1.77383681241192,"private"
0.827390538225007,1.82924445802697,3.32968343921607,2.8526658423932,4.04785578261436,3.53887896229225,3.35231243113027,1.61745867181288,1.74242479487539,3.54767362482383,"private"
0.827390538225007,0.914622229013485,0.832420859804017,0.950888614131068,4.04785578261436,4.42359870286531,4.19039053891284,0.808729335906439,0.871212397437695,0.886918406205958,"private"
2.48217161467502,2.74386668704046,2.49726257941205,3.80355445652427,1.61914231304574,1.76943948114612,1.67615621556513,3.23491734362575,0.871212397437695,1.77383681241192,"private"
3.30956215290003,4.57311114506743,3.32968343921607,2.8526658423932,4.04785578261436,3.53887896229225,1.67615621556513,2.42618800771932,1.74242479487539,2.66075521861787,"private"
1.65478107645001,2.74386668704046,2.49726257941205,2.8526658423932,2.42871346956862,2.65415922171919,2.5142343233477,1.61745867181288,1.74242479487539,2.66075521861787,"private"
2.48217161467502,2.74386668704046,2.49726257941205,2.8526658423932,2.42871346956862,2.65415922171919,2.5142343233477,2.42618800771932,0.871212397437695,2.66075521861787,"private"
0.827390538225007,0.914622229013485,4.16210429902009,0.950888614131068,4.04785578261436,0.884719740573062,4.19039053891284,0.808729335906439,3.48484958975078,4.43459203102979,"private"
2.48217161467502,2.74386668704046,2.49726257941205,2.8526658423932,2.42871346956862,2.65415922171919,0.838078107782567,4.04364667953219,0.871212397437695,0.886918406205958,"private"
2.48217161467502,1.82924445802697,3.32968343921607,2.8526658423932,1.61914231304574,3.53887896229225,2.5142343233477,3.23491734362575,1.74242479487539,2.66075521861787,"private"
3.30956215290003,3.65848891605394,0.832420859804017,3.80355445652427,0.809571156522872,1.76943948114612,1.67615621556513,3.23491734362575,0.871212397437695,1.77383681241192,"private"
3.30956215290003,2.74386668704046,1.66484171960803,2.8526658423932,1.61914231304574,2.65415922171919,1.67615621556513,3.23491734362575,0.871212397437695,1.77383681241192,"private"
3.30956215290003,3.65848891605394,3.32968343921607,1.90177722826214,2.42871346956862,3.53887896229225,0.838078107782567,2.42618800771932,0.871212397437695,2.66075521861787,"private"
1.65478107645001,1.82924445802697,2.49726257941205,2.8526658423932,2.42871346956862,1.76943948114612,1.67615621556513,2.42618800771932,1.74242479487539,1.77383681241192,"private"
3.30956215290003,2.74386668704046,1.66484171960803,2.8526658423932,0.809571156522872,1.76943948114612,0.838078107782567,3.23491734362575,1.74242479487539,1.77383681241192,"private"
3.30956215290003,3.65848891605394,2.49726257941205,2.8526658423932,4.04785578261436,2.65415922171919,2.5142343233477,2.42618800771932,0.871212397437695,2.66075521861787,"private"
4.13695269112503,3.65848891605394,0.832420859804017,4.75444307065534,4.04785578261436,1.76943948114612,1.67615621556513,4.04364667953219,0.871212397437695,0.886918406205958,"private"
3.30956215290003,4.57311114506743,1.66484171960803,4.75444307065534,2.42871346956862,1.76943948114612,0.838078107782567,4.04364667953219,0.871212397437695,0.886918406205958,"private"
4.13695269112503,4.57311114506743,0.832420859804017,4.75444307065534,0.809571156522872,0.884719740573062,0.838078107782567,4.04364667953219,0.871212397437695,0.886918406205958,"private"
4.13695269112503,4.57311114506743,0.832420859804017,4.75444307065534,0.809571156522872,2.65415922171919,0.838078107782567,4.04364667953219,0.871212397437695,0.886918406205958,"private"
0.827390538225007,3.65848891605394,2.49726257941205,0.950888614131068,2.42871346956862,4.42359870286531,3.35231243113027,0.808729335906439,2.61363719231309,2.66075521861787,"private"
3.30956215290003,3.65848891605394,1.66484171960803,4.75444307065534,1.61914231304574,1.76943948114612,0.838078107782567,4.04364667953219,0.871212397437695,2.66075521861787,"private"
2.48217161467502,2.74386668704046,2.49726257941205,2.8526658423932,2.42871346956862,2.65415922171919,2.5142343233477,2.42618800771932,2.61363719231309,2.66075521861787,"private"
0.827390538225007,0.914622229013485,3.32968343921607,0.950888614131068,0.809571156522872,4.42359870286531,4.19039053891284,0.808729335906439,0.871212397437695,4.43459203102979,"private"
2.48217161467502,2.74386668704046,2.49726257941205,1.90177722826214,2.42871346956862,3.53887896229225,2.5142343233477,3.23491734362575,2.61363719231309,2.66075521861787,"private"
1.65478107645001,2.74386668704046,1.66484171960803,3.80355445652427,2.42871346956862,1.76943948114612,1.67615621556513,3.23491734362575,3.48484958975078,2.66075521861787,"private"
2.48217161467502,2.74386668704046,2.49726257941205,2.8526658423932,2.42871346956862,3.53887896229225,1.67615621556513,2.42618800771932,1.74242479487539,2.66075521861787,"private"
0.827390538225007,1.82924445802697,0.832420859804017,0.950888614131068,0.809571156522872,4.42359870286531,2.5142343233477,3.23491734362575,2.61363719231309,2.66075521861787,"private"
0.827390538225007,2.74386668704046,1.66484171960803,2.8526658423932,1.61914231304574,2.65415922171919,1.67615621556513,1.61745867181288,2.61363719231309,0.886918406205958,"private"
2.48217161467502,2.74386668704046,0.832420859804017,3.80355445652427,1.61914231304574,2.65415922171919,1.67615621556513,2.42618800771932,1.74242479487539,2.66075521861787,"private"
0.827390538225007,0.914622229013485,3.32968343921607,1.90177722826214,3.23828462609149,3.53887896229225,2.5142343233477,0.808729335906439,2.61363719231309,3.54767362482383,"private"
2.48217161467502,2.74386668704046,2.49726257941205,2.8526658423932,2.42871346956862,2.65415922171919,1.67615621556513,2.42618800771932,2.61363719231309,2.66075521861787,"private"
0.827390538225007,2.74386668704046,3.32968343921607,0.950888614131068,3.23828462609149,2.65415922171919,4.19039053891284,0.808729335906439,4.35606198718848,4.43459203102979,"private"
0.827390538225007,1.82924445802697,2.49726257941205,2.8526658423932,2.42871346956862,3.53887896229225,2.5142343233477,1.61745867181288,1.74242479487539,2.66075521861787,"private"
0.827390538225007,0.914622229013485,4.16210429902009,2.8526658423932,2.42871346956862,4.42359870286531,4.19039053891284,0.808729335906439,4.35606198718848,2.66075521861787,"private"
0.827390538225007,0.914622229013485,4.16210429902009,1.90177722826214,4.04785578261436,4.42359870286531,2.5142343233477,1.61745867181288,2.61363719231309,4.43459203102979,"private"
3.30956215290003,3.65848891605394,3.32968343921607,3.80355445652427,3.23828462609149,3.53887896229225,3.35231243113027,3.23491734362575,3.48484958975078,3.54767362482383,"private"
2.48217161467502,2.74386668704046,2.49726257941205,1.90177722826214,2.42871346956862,2.65415922171919,1.67615621556513,1.61745867181288,1.74242479487539,2.66075521861787,"private"
0.827390538225007,0.914622229013485,4.16210429902009,0.950888614131068,1.61914231304574,4.42359870286531,4.19039053891284,0.808729335906439,4.35606198718848,0.886918406205958,"private"
0.827390538225007,0.914622229013485,4.16210429902009,0.950888614131068,4.04785578261436,4.42359870286531,4.19039053891284,1.61745867181288,1.74242479487539,3.54767362482383,"private"
2.48217161467502,2.74386668704046,0.832420859804017,3.80355445652427,0.809571156522872,0.884719740573062,1.67615621556513,2.42618800771932,1.74242479487539,1.77383681241192,"private"
2.48217161467502,2.74386668704046,1.66484171960803,2.8526658423932,1.61914231304574,2.65415922171919,1.67615621556513,3.23491734362575,1.74242479487539,1.77383681241192,"private"
3.30956215290003,3.65848891605394,1.66484171960803,3.80355445652427,1.61914231304574,2.65415922171919,2.5142343233477,3.23491734362575,0.871212397437695,2.66075521861787,"private"
2.48217161467502,3.65848891605394,1.66484171960803,3.80355445652427,1.61914231304574,1.76943948114612,0.838078107782567,3.23491734362575,0.871212397437695,1.77383681241192,"private"
1.65478107645001,1.82924445802697,1.66484171960803,1.90177722826214,2.42871346956862,0.884719740573062,1.67615621556513,4.04364667953219,1.74242479487539,2.66075521861787,"private"
1.65478107645001,2.74386668704046,0.832420859804017,2.8526658423932,1.61914231304574,2.65415922171919,0.838078107782567,1.61745867181288,0.871212397437695,0.886918406205958,"private"
2.48217161467502,1.82924445802697,3.32968343921607,1.90177722826214,2.42871346956862,3.53887896229225,2.5142343233477,1.61745867181288,1.74242479487539,2.66075521861787,"private"
1.65478107645001,1.82924445802697,1.66484171960803,3.80355445652427,1.61914231304574,2.65415922171919,1.67615621556513,2.42618800771932,1.74242479487539,1.77383681241192,"private"
2.48217161467502,3.65848891605394,1.66484171960803,2.8526658423932,2.42871346956862,2.65415922171919,1.67615621556513,2.42618800771932,1.74242479487539,2.66075521861787,"private"
1.65478107645001,2.74386668704046,2.49726257941205,2.8526658423932,1.61914231304574,3.53887896229225,1.67615621556513,3.23491734362575,1.74242479487539,3.54767362482383,"private"
3.30956215290003,3.65848891605394,3.32968343921607,3.80355445652427,3.23828462609149,3.53887896229225,2.5142343233477,2.42618800771932,2.61363719231309,2.66075521861787,"private"
0.827390538225007,0.914622229013485,2.49726257941205,2.8526658423932,4.04785578261436,4.42359870286531,3.35231243113027,1.61745867181288,3.48484958975078,3.54767362482383,"private"
0.827390538225007,2.74386668704046,2.49726257941205,0.950888614131068,4.04785578261436,4.42359870286531,2.5142343233477,0.808729335906439,3.48484958975078,3.54767362482383,"private"
0.827390538225007,0.914622229013485,4.16210429902009,0.950888614131068,4.04785578261436,4.42359870286531,4.19039053891284,2.42618800771932,2.61363719231309,3.54767362482383,"private"
1.65478107645001,2.74386668704046,2.49726257941205,2.8526658423932,2.42871346956862,4.42359870286531,2.5142343233477,2.42618800771932,1.74242479487539,1.77383681241192,"private"
2.48217161467502,2.74386668704046,4.16210429902009,4.75444307065534,4.04785578261436,4.42359870286531,2.5142343233477,3.23491734362575,2.61363719231309,3.54767362482383,"private"
3.30956215290003,3.65848891605394,0.832420859804017,3.80355445652427,0.809571156522872,2.65415922171919,0.838078107782567,4.04364667953219,1.74242479487539,0.886918406205958,"private"
3.30956215290003,3.65848891605394,1.66484171960803,3.80355445652427,0.809571156522872,1.76943948114612,0.838078107782567,4.04364667953219,0.871212397437695,3.54767362482383,"private"
2.48217161467502,1.82924445802697,2.49726257941205,1.90177722826214,2.42871346956862,2.65415922171919,2.5142343233477,0.808729335906439,0.871212397437695,1.77383681241192,"private"
3.30956215290003,2.74386668704046,1.66484171960803,2.8526658423932,2.42871346956862,4.42359870286531,0.838078107782567,2.42618800771932,0.871212397437695,1.77383681241192,"private"
2.48217161467502,2.74386668704046,0.832420859804017,2.8526658423932,2.42871346956862,2.65415922171919,2.5142343233477,2.42618800771932,0.871212397437695,1.77383681241192,"private"
1.65478107645001,1.82924445802697,2.49726257941205,1.90177722826214,3.23828462609149,4.42359870286531,2.5142343233477,1.61745867181288,1.74242479487539,3.54767362482383,"private"
3.30956215290003,3.65848891605394,1.66484171960803,3.80355445652427,1.61914231304574,1.76943948114612,1.67615621556513,3.23491734362575,1.74242479487539,2.66075521861787,"private"
2.48217161467502,2.74386668704046,2.49726257941205,1.90177722826214,3.23828462609149,3.53887896229225,3.35231243113027,1.61745867181288,3.48484958975078,1.77383681241192,"private"
2.48217161467502,2.74386668704046,2.49726257941205,2.8526658423932,2.42871346956862,2.65415922171919,4.19039053891284,0.808729335906439,4.35606198718848,3.54767362482383,"private"
2.48217161467502,3.65848891605394,1.66484171960803,2.8526658423932,2.42871346956862,2.65415922171919,2.5142343233477,2.42618800771932,0.871212397437695,1.77383681241192,"private"
2.48217161467502,1.82924445802697,3.32968343921607,1.90177722826214,4.04785578261436,3.53887896229225,2.5142343233477,2.42618800771932,3.48484958975078,3.54767362482383,"private"
2.48217161467502,2.74386668704046,1.66484171960803,2.8526658423932,1.61914231304574,2.65415922171919,1.67615621556513,3.23491734362575,1.74242479487539,3.54767362482383,"private"
1.65478107645001,2.74386668704046,0.832420859804017,2.8526658423932,2.42871346956862,2.65415922171919,1.67615621556513,2.42618800771932,2.61363719231309,1.77383681241192,"private"
3.30956215290003,2.74386668704046,0.832420859804017,3.80355445652427,3.23828462609149,0.884719740573062,0.838078107782567,4.04364667953219,0.871212397437695,0.886918406205958,"private"
4.13695269112503,0.914622229013485,4.16210429902009,0.950888614131068,4.04785578261436,2.65415922171919,4.19039053891284,1.61745867181288,4.35606198718848,4.43459203102979,"private"
2.48217161467502,3.65848891605394,0.832420859804017,3.80355445652427,0.809571156522872,2.65415922171919,1.67615621556513,3.23491734362575,0.871212397437695,1.77383681241192,"private"
2.48217161467502,1.82924445802697,1.66484171960803,3.80355445652427,1.61914231304574,2.65415922171919,0.838078107782567,2.42618800771932,0.871212397437695,0.886918406205958,"private"
2.48217161467502,2.74386668704046,2.49726257941205,2.8526658423932,2.42871346956862,1.76943948114612,2.5142343233477,2.42618800771932,2.61363719231309,3.54767362482383,"private"
3.30956215290003,3.65848891605394,1.66484171960803,3.80355445652427,2.42871346956862,3.53887896229225,2.5142343233477,2.42618800771932,0.871212397437695,3.54767362482383,"private"
1.65478107645001,1.82924445802697,3.32968343921607,1.90177722826214,3.23828462609149,2.65415922171919,1.67615621556513,2.42618800771932,3.48484958975078,1.77383681241192,"private"
4.13695269112503,3.65848891605394,1.66484171960803,2.8526658423932,0.809571156522872,1.76943948114612,1.67615621556513,4.04364667953219,1.74242479487539,1.77383681241192,"private"
4.13695269112503,3.65848891605394,0.832420859804017,4.75444307065534,0.809571156522872,0.884719740573062,0.838078107782567,4.04364667953219,0.871212397437695,1.77383681241192,"private"
2.48217161467502,2.74386668704046,1.66484171960803,2.8526658423932,2.42871346956862,2.65415922171919,1.67615621556513,2.42618800771932,0.871212397437695,1.77383681241192,"private"
2.48217161467502,1.82924445802697,4.16210429902009,2.8526658423932,4.04785578261436,4.42359870286531,2.5142343233477,1.61745867181288,1.74242479487539,3.54767362482383,"private"
1.65478107645001,1.82924445802697,1.66484171960803,3.80355445652427,2.42871346956862,2.65415922171919,1.67615621556513,2.42618800771932,2.61363719231309,1.77383681241192,"private"
2.48217161467502,2.74386668704046,0.832420859804017,4.75444307065534,1.61914231304574,2.65415922171919,0.838078107782567,2.42618800771932,0.871212397437695,1.77383681241192,"private"
1.65478107645001,2.74386668704046,2.49726257941205,1.90177722826214,1.61914231304574,2.65415922171919,3.35231243113027,0.808729335906439,3.48484958975078,3.54767362482383,"private"
2.48217161467502,3.65848891605394,1.66484171960803,3.80355445652427,1.61914231304574,2.65415922171919,1.67615621556513,2.42618800771932,0.871212397437695,2.66075521861787,"private"
1.65478107645001,3.65848891605394,1.66484171960803,3.80355445652427,2.42871346956862,4.42359870286531,2.5142343233477,2.42618800771932,1.74242479487539,4.43459203102979,"private"
1.65478107645001,2.74386668704046,2.49726257941205,2.8526658423932,2.42871346956862,2.65415922171919,3.35231243113027,1.61745867181288,2.61363719231309,3.54767362482383,"private"
0.827390538225007,1.82924445802697,4.16210429902009,1.90177722826214,4.04785578261436,4.42359870286531,2.5142343233477,2.42618800771932,1.74242479487539,3.54767362482383,"private"
2.48217161467502,4.57311114506743,0.832420859804017,4.75444307065534,2.42871346956862,0.884719740573062,0.838078107782567,3.23491734362575,0.871212397437695,0.886918406205958,"private"
3.30956215290003,2.74386668704046,2.49726257941205,3.80355445652427,1.61914231304574,3.53887896229225,2.5142343233477,1.61745867181288,1.74242479487539,2.66075521861787,"private"
3.30956215290003,3.65848891605394,0.832420859804017,3.80355445652427,1.61914231304574,0.884719740573062,0.838078107782567,3.23491734362575,0.871212397437695,1.77383681241192,"private"
1.65478107645001,2.74386668704046,1.66484171960803,2.8526658423932,2.42871346956862,2.65415922171919,2.5142343233477,2.42618800771932,1.74242479487539,2.66075521861787,"private"
4.13695269112503,4.57311114506743,4.16210429902009,2.8526658423932,4.04785578261436,4.42359870286531,2.5142343233477,2.42618800771932,4.35606198718848,2.66075521861787,"private"
2.48217161467502,3.65848891605394,1.66484171960803,2.8526658423932,2.42871346956862,2.65415922171919,1.67615621556513,3.23491734362575,2.61363719231309,1.77383681241192,"private"
2.48217161467502,2.74386668704046,0.832420859804017,2.8526658423932,1.61914231304574,2.65415922171919,1.67615621556513,3.23491734362575,0.871212397437695,1.77383681241192,"private"
2.48217161467502,3.65848891605394,2.49726257941205,3.80355445652427,2.42871346956862,4.42359870286531,1.67615621556513,2.42618800771932,1.74242479487539,3.54767362482383,"private"
0.827390538225007,0.914622229013485,4.16210429902009,0.950888614131068,4.04785578261436,4.42359870286531,4.19039053891284,0.808729335906439,3.48484958975078,3.54767362482383,"private"
3.30956215290003,3.65848891605394,1.66484171960803,1.90177722826214,1.61914231304574,2.65415922171919,1.67615621556513,1.61745867181288,1.74242479487539,2.66075521861787,"private"
4.13695269112503,4.57311114506743,0.832420859804017,4.75444307065534,0.809571156522872,1.76943948114612,0.838078107782567,4.04364667953219,0.871212397437695,0.886918406205958,"private"
1.65478107645001,0.914622229013485,3.32968343921607,2.8526658423932,2.42871346956862,3.53887896229225,4.19039053891284,0.808729335906439,2.61363719231309,3.54767362482383,"private"
2.48217161467502,2.74386668704046,1.66484171960803,2.8526658423932,2.42871346956862,3.53887896229225,1.67615621556513,1.61745867181288,2.61363719231309,2.66075521861787,"private"
3.30956215290003,2.74386668704046,1.66484171960803,3.80355445652427,3.23828462609149,1.76943948114612,0.838078107782567,3.23491734362575,1.74242479487539,2.66075521861787,"private"
0.827390538225007,0.914622229013485,2.49726257941205,1.90177722826214,2.42871346956862,2.65415922171919,2.5142343233477,1.61745867181288,3.48484958975078,3.54767362482383,"private"
4.13695269112503,3.65848891605394,0.832420859804017,3.80355445652427,0.809571156522872,0.884719740573062,0.838078107782567,4.04364667953219,0.871212397437695,0.886918406205958,"private"
2.48217161467502,2.74386668704046,1.66484171960803,2.8526658423932,2.42871346956862,3.53887896229225,1.67615621556513,3.23491734362575,1.74242479487539,2.66075521861787,"private"
2.48217161467502,2.74386668704046,2.49726257941205,2.8526658423932,2.42871346956862,2.65415922171919,2.5142343233477,2.42618800771932,2.61363719231309,2.66075521861787,"private"
0.827390538225007,4.57311114506743,0.832420859804017,4.75444307065534,2.42871346956862,0.884719740573062,0.838078107782567,2.42618800771932,2.61363719231309,0.886918406205958,"private"
0.827390538225007,0.914622229013485,3.32968343921607,0.950888614131068,0.809571156522872,4.42359870286531,4.19039053891284,0.808729335906439,4.35606198718848,4.43459203102979,"private"
4.13695269112503,3.65848891605394,0.832420859804017,3.80355445652427,0.809571156522872,2.65415922171919,1.67615621556513,3.23491734362575,0.871212397437695,2.66075521861787,"private"
2.48217161467502,3.65848891605394,1.66484171960803,3.80355445652427,3.23828462609149,2.65415922171919,2.5142343233477,2.42618800771932,1.74242479487539,2.66075521861787,"private"
2.48217161467502,3.65848891605394,1.66484171960803,3.80355445652427,1.61914231304574,2.65415922171919,0.838078107782567,3.23491734362575,1.74242479487539,1.77383681241192,"private"
1.65478107645001,1.82924445802697,1.66484171960803,2.8526658423932,1.61914231304574,2.65415922171919,1.67615621556513,2.42618800771932,1.74242479487539,0.886918406205958,"private"
2.48217161467502,2.74386668704046,4.16210429902009,2.8526658423932,3.23828462609149,4.42359870286531,2.5142343233477,1.61745867181288,1.74242479487539,1.77383681241192,"private"
2.48217161467502,2.74386668704046,1.66484171960803,2.8526658423932,2.42871346956862,1.76943948114612,1.67615621556513,2.42618800771932,1.74242479487539,1.77383681241192,"private"
2.48217161467502,0.914622229013485,4.16210429902009,0.950888614131068,2.42871346956862,4.42359870286531,2.5142343233477,2.42618800771932,1.74242479487539,3.54767362482383,"private"
1.65478107645001,0.914622229013485,2.49726257941205,2.8526658423932,4.04785578261436,4.42359870286531,3.35231243113027,1.61745867181288,2.61363719231309,4.43459203102979,"private"
2.48217161467502,2.74386668704046,2.49726257941205,2.8526658423932,2.42871346956862,2.65415922171919,2.5142343233477,2.42618800771932,2.61363719231309,2.66075521861787,"private"
0.827390538225007,2.74386668704046,2.49726257941205,2.8526658423932,2.42871346956862,2.65415922171919,2.5142343233477,2.42618800771932,1.74242479487539,2.66075521861787,"private"
2.48217161467502,1.82924445802697,2.49726257941205,1.90177722826214,2.42871346956862,2.65415922171919,2.5142343233477,1.61745867181288,1.74242479487539,2.66075521861787,"private"
0.827390538225007,1.82924445802697,3.32968343921607,0.950888614131068,4.04785578261436,4.42359870286531,4.19039053891284,1.61745867181288,3.48484958975078,2.66075521861787,"private"
0.827390538225007,2.74386668704046,4.16210429902009,2.8526658423932,1.61914231304574,4.42359870286531,2.5142343233477,1.61745867181288,1.74242479487539,2.66075521861787,"private"
2.48217161467502,1.82924445802697,2.49726257941205,2.8526658423932,2.42871346956862,3.53887896229225,1.67615621556513,2.42618800771932,2.61363719231309,2.66075521861787,"private"
3.30956215290003,3.65848891605394,1.66484171960803,3.80355445652427,1.61914231304574,2.65415922171919,0.838078107782567,4.04364667953219,0.871212397437695,1.77383681241192,"private"
3.30956215290003,3.65848891605394,1.66484171960803,3.80355445652427,1.61914231304574,2.65415922171919,1.67615621556513,3.23491734362575,1.74242479487539,2.66075521861787,"private"
3.30956215290003,3.65848891605394,0.832420859804017,3.80355445652427,1.61914231304574,2.65415922171919,1.67615621556513,4.04364667953219,0.871212397437695,1.77383681241192,"private"
1.65478107645001,2.74386668704046,2.49726257941205,1.90177722826214,3.23828462609149,3.53887896229225,2.5142343233477,1.61745867181288,3.48484958975078,2.66075521861787,"private"
2.48217161467502,1.82924445802697,2.49726257941205,1.90177722826214,4.04785578261436,4.42359870286531,1.67615621556513,2.42618800771932,0.871212397437695,3.54767362482383,"private"
0.827390538225007,0.914622229013485,4.16210429902009,2.8526658423932,4.04785578261436,4.42359870286531,4.19039053891284,0.808729335906439,4.35606198718848,3.54767362482383,"private"
2.48217161467502,3.65848891605394,1.66484171960803,2.8526658423932,0.809571156522872,2.65415922171919,0.838078107782567,3.23491734362575,0.871212397437695,1.77383681241192,"private"
4.13695269112503,3.65848891605394,1.66484171960803,3.80355445652427,1.61914231304574,1.76943948114612,1.67615621556513,0.808729335906439,0.871212397437695,1.77383681241192,"private"
1.65478107645001,1.82924445802697,3.32968343921607,1.90177722826214,2.42871346956862,3.53887896229225,2.5142343233477,1.61745867181288,1.74242479487539,2.66075521861787,"private"
2.48217161467502,4.57311114506743,3.32968343921607,3.80355445652427,4.04785578261436,3.53887896229225,2.5142343233477,3.23491734362575,1.74242479487539,2.66075521861787,"private"
2.48217161467502,1.82924445802697,2.49726257941205,1.90177722826214,2.42871346956862,2.65415922171919,2.5142343233477,1.61745867181288,1.74242479487539,2.66075521861787,"private"
0.827390538225007,0.914622229013485,2.49726257941205,1.90177722826214,1.61914231304574,1.76943948114612,2.5142343233477,2.42618800771932,2.61363719231309,2.66075521861787,"private"
0.827390538225007,0.914622229013485,4.16210429902009,3.80355445652427,2.42871346956862,3.53887896229225,4.19039053891284,2.42618800771932,2.61363719231309,4.43459203102979,"private"
0.827390538225007,2.74386668704046,3.32968343921607,2.8526658423932,4.04785578261436,3.53887896229225,3.35231243113027,1.61745867181288,3.48484958975078,3.54767362482383,"private"
0.827390538225007,0.914622229013485,4.16210429902009,0.950888614131068,0.809571156522872,4.42359870286531,4.19039053891284,0.808729335906439,4.35606198718848,4.43459203102979,"private"
2.48217161467502,2.74386668704046,1.66484171960803,2.8526658423932,2.42871346956862,2.65415922171919,1.67615621556513,3.23491734362575,1.74242479487539,2.66075521861787,"private"
2.48217161467502,3.65848891605394,1.66484171960803,4.75444307065534,1.61914231304574,2.65415922171919,0.838078107782567,3.23491734362575,0.871212397437695,1.77383681241192,"private"
0.827390538225007,0.914622229013485,4.16210429902009,1.90177722826214,2.42871346956862,4.42359870286531,3.35231243113027,1.61745867181288,1.74242479487539,4.43459203102979,"private"
3.30956215290003,3.65848891605394,1.66484171960803,3.80355445652427,1.61914231304574,1.76943948114612,0.838078107782567,4.04364667953219,0.871212397437695,2.66075521861787,"private"
2.48217161467502,3.65848891605394,3.32968343921607,2.8526658423932,3.23828462609149,2.65415922171919,2.5142343233477,0.808729335906439,4.35606198718848,2.66075521861787,"private"
2.48217161467502,2.74386668704046,2.49726257941205,2.8526658423932,2.42871346956862,2.65415922171919,0.838078107782567,3.23491734362575,0.871212397437695,1.77383681241192,"private"
2.48217161467502,2.74386668704046,1.66484171960803,2.8526658423932,1.61914231304574,2.65415922171919,1.67615621556513,1.61745867181288,1.74242479487539,2.66075521861787,"private"
0.827390538225007,1.82924445802697,2.49726257941205,2.8526658423932,2.42871346956862,2.65415922171919,4.19039053891284,1.61745867181288,2.61363719231309,3.54767362482383,"private"
1.65478107645001,1.82924445802697,2.49726257941205,1.90177722826214,4.04785578261436,4.42359870286531,4.19039053891284,0.808729335906439,4.35606198718848,4.43459203102979,"private"
1.65478107645001,1.82924445802697,4.16210429902009,1.90177722826214,3.23828462609149,4.42359870286531,4.19039053891284,1.61745867181288,4.35606198718848,3.54767362482383,"private"
1.65478107645001,2.74386668704046,1.66484171960803,2.8526658423932,3.23828462609149,1.76943948114612,1.67615621556513,1.61745867181288,1.74242479487539,2.66075521861787,"private"
1.65478107645001,2.74386668704046,0.832420859804017,2.8526658423932,2.42871346956862,2.65415922171919,1.67615621556513,3.23491734362575,2.61363719231309,0.886918406205958,"private"
1.65478107645001,2.74386668704046,2.49726257941205,1.90177722826214,2.42871346956862,2.65415922171919,2.5142343233477,2.42618800771932,2.61363719231309,2.66075521861787,"private"
1.65478107645001,2.74386668704046,2.49726257941205,1.90177722826214,2.42871346956862,3.53887896229225,2.5142343233477,1.61745867181288,2.61363719231309,2.66075521861787,"private"
3.30956215290003,2.74386668704046,1.66484171960803,4.75444307065534,1.61914231304574,2.65415922171919,1.67615621556513,2.42618800771932,0.871212397437695,0.886918406205958,"private"
1.65478107645001,1.82924445802697,3.32968343921607,1.90177722826214,4.04785578261436,3.53887896229225,2.5142343233477,2.42618800771932,2.61363719231309,3.54767362482383,"private"
2.48217161467502,2.74386668704046,2.49726257941205,2.8526658423932,2.42871346956862,2.65415922171919,2.5142343233477,2.42618800771932,2.61363719231309,2.66075521861787,"private"
2.48217161467502,2.74386668704046,2.49726257941205,2.8526658423932,2.42871346956862,2.65415922171919,2.5142343233477,2.42618800771932,3.48484958975078,2.66075521861787,"private"
0.827390538225007,0.914622229013485,4.16210429902009,1.90177722826214,3.23828462609149,3.53887896229225,2.5142343233477,1.61745867181288,3.48484958975078,3.54767362482383,"private"
3.30956215290003,2.74386668704046,2.49726257941205,3.80355445652427,3.23828462609149,2.65415922171919,2.5142343233477,2.42618800771932,1.74242479487539,1.77383681241192,"private"
1.65478107645001,2.74386668704046,1.66484171960803,2.8526658423932,3.23828462609149,3.53887896229225,1.67615621556513,2.42618800771932,0.871212397437695,2.66075521861787,"private"
3.30956215290003,2.74386668704046,2.49726257941205,2.8526658423932,1.61914231304574,2.65415922171919,0.838078107782567,3.23491734362575,0.871212397437695,1.77383681241192,"private"
2.48217161467502,3.65848891605394,1.66484171960803,2.8526658423932,1.61914231304574,2.65415922171919,3.35231243113027,3.23491734362575,3.48484958975078,3.54767362482383,"private"
1.65478107645001,2.74386668704046,1.66484171960803,2.8526658423932,2.42871346956862,2.65415922171919,2.5142343233477,1.61745867181288,1.74242479487539,1.77383681241192,"private"
1.65478107645001,0.914622229013485,2.49726257941205,1.90177722826214,4.04785578261436,3.53887896229225,2.5142343233477,2.42618800771932,1.74242479487539,2.66075521861787,"private"
0.827390538225007,0.914622229013485,4.16210429902009,0.950888614131068,4.04785578261436,4.42359870286531,4.19039053891284,0.808729335906439,4.35606198718848,4.43459203102979,"private"
1.65478107645001,2.74386668704046,1.66484171960803,2.8526658423932,2.42871346956862,2.65415922171919,2.5142343233477,1.61745867181288,2.61363719231309,2.66075521861787,"private"
1.65478107645001,3.65848891605394,3.32968343921607,2.8526658423932,2.42871346956862,3.53887896229225,2.5142343233477,1.61745867181288,2.61363719231309,3.54767362482383,"private"
2.48217161467502,2.74386668704046,1.66484171960803,2.8526658423932,2.42871346956862,2.65415922171919,2.5142343233477,3.23491734362575,0.871212397437695,1.77383681241192,"private"
2.48217161467502,2.74386668704046,2.49726257941205,2.8526658423932,2.42871346956862,2.65415922171919,1.67615621556513,4.04364667953219,1.74242479487539,2.66075521861787,"private"
0.827390538225007,3.65848891605394,0.832420859804017,3.80355445652427,0.809571156522872,0.884719740573062,0.838078107782567,4.04364667953219,0.871212397437695,0.886918406205958,"private"
2.48217161467502,3.65848891605394,0.832420859804017,2.8526658423932,0.809571156522872,0.884719740573062,0.838078107782567,2.42618800771932,2.61363719231309,0.886918406205958,"private"
2.48217161467502,1.82924445802697,2.49726257941205,2.8526658423932,2.42871346956862,3.53887896229225,2.5142343233477,2.42618800771932,1.74242479487539,2.66075521861787,"private"
1.65478107645001,1.82924445802697,3.32968343921607,2.8526658423932,2.42871346956862,2.65415922171919,1.67615621556513,4.04364667953219,2.61363719231309,1.77383681241192,"private"
1.65478107645001,2.74386668704046,0.832420859804017,4.75444307065534,2.42871346956862,4.42359870286531,0.838078107782567,2.42618800771932,0.871212397437695,0.886918406205958,"private"
2.48217161467502,2.74386668704046,1.66484171960803,2.8526658423932,1.61914231304574,2.65415922171919,2.5142343233477,2.42618800771932,1.74242479487539,1.77383681241192,"private"
0.827390538225007,2.74386668704046,3.32968343921607,1.90177722826214,2.42871346956862,4.42359870286531,4.19039053891284,1.61745867181288,2.61363719231309,2.66075521861787,"private"
2.48217161467502,2.74386668704046,1.66484171960803,2.8526658423932,1.61914231304574,2.65415922171919,1.67615621556513,3.23491734362575,1.74242479487539,1.77383681241192,"private"
1.65478107645001,2.74386668704046,0.832420859804017,1.90177722826214,3.23828462609149,1.76943948114612,2.5142343233477,1.61745867181288,2.61363719231309,3.54767362482383,"private"
2.48217161467502,1.82924445802697,2.49726257941205,2.8526658423932,2.42871346956862,4.42359870286531,2.5142343233477,2.42618800771932,0.871212397437695,1.77383681241192,"private"
3.30956215290003,2.74386668704046,2.49726257941205,2.8526658423932,2.42871346956862,3.53887896229225,2.5142343233477,2.42618800771932,2.61363719231309,2.66075521861787,"private"
2.48217161467502,2.74386668704046,2.49726257941205,2.8526658423932,2.42871346956862,3.53887896229225,2.5142343233477,1.61745867181288,1.74242479487539,2.66075521861787,"private"
2.48217161467502,2.74386668704046,1.66484171960803,3.80355445652427,1.61914231304574,2.65415922171919,0.838078107782567,4.04364667953219,0.871212397437695,0.886918406205958,"private"
2.48217161467502,3.65848891605394,3.32968343921607,2.8526658423932,3.23828462609149,2.65415922171919,2.5142343233477,2.42618800771932,1.74242479487539,3.54767362482383,"private"
1.65478107645001,0.914622229013485,4.16210429902009,0.950888614131068,2.42871346956862,4.42359870286531,3.35231243113027,2.42618800771932,2.61363719231309,3.54767362482383,"private"
1.65478107645001,2.74386668704046,0.832420859804017,2.8526658423932,2.42871346956862,1.76943948114612,2.5142343233477,1.61745867181288,1.74242479487539,2.66075521861787,"private"
1.65478107645001,2.74386668704046,0.832420859804017,1.90177722826214,3.23828462609149,3.53887896229225,0.838078107782567,1.61745867181288,2.61363719231309,0.886918406205958,"private"
2.48217161467502,2.74386668704046,1.66484171960803,2.8526658423932,1.61914231304574,1.76943948114612,1.67615621556513,3.23491734362575,1.74242479487539,2.66075521861787,"private"
0.827390538225007,4.57311114506743,4.16210429902009,0.950888614131068,4.04785578261436,4.42359870286531,0.838078107782567,0.808729335906439,0.871212397437695,0.886918406205958,"private"
0.827390538225007,1.82924445802697,2.49726257941205,1.90177722826214,4.04785578261436,2.65415922171919,4.19039053891284,0.808729335906439,2.61363719231309,4.43459203102979,"private"
2.48217161467502,3.65848891605394,0.832420859804017,2.8526658423932,0.809571156522872,1.76943948114612,1.67615621556513,3.23491734362575,0.871212397437695,1.77383681241192,"private"
2.48217161467502,2.74386668704046,1.66484171960803,2.8526658423932,2.42871346956862,2.65415922171919,2.5142343233477,2.42618800771932,2.61363719231309,1.77383681241192,"private"
1.65478107645001,1.82924445802697,2.49726257941205,1.90177722826214,2.42871346956862,2.65415922171919,2.5142343233477,2.42618800771932,1.74242479487539,2.66075521861787,"private"
0.827390538225007,0.914622229013485,2.49726257941205,1.90177722826214,4.04785578261436,3.53887896229225,3.35231243113027,0.808729335906439,4.35606198718848,3.54767362482383,"private"
2.48217161467502,3.65848891605394,0.832420859804017,4.75444307065534,3.23828462609149,2.65415922171919,0.838078107782567,4.04364667953219,0.871212397437695,2.66075521861787,"private"
2.48217161467502,4.57311114506743,0.832420859804017,3.80355445652427,0.809571156522872,3.53887896229225,1.67615621556513,2.42618800771932,1.74242479487539,2.66075521861787,"private"
2.48217161467502,3.65848891605394,0.832420859804017,1.90177722826214,1.61914231304574,0.884719740573062,3.35231243113027,3.23491734362575,3.48484958975078,2.66075521861787,"private"
0.827390538225007,1.82924445802697,1.66484171960803,2.8526658423932,2.42871346956862,2.65415922171919,2.5142343233477,1.61745867181288,2.61363719231309,2.66075521861787,"private"
2.48217161467502,4.57311114506743,3.32968343921607,3.80355445652427,0.809571156522872,0.884719740573062,0.838078107782567,4.04364667953219,0.871212397437695,1.77383681241192,"private"
2.48217161467502,2.74386668704046,2.49726257941205,2.8526658423932,3.23828462609149,2.65415922171919,2.5142343233477,2.42618800771932,2.61363719231309,2.66075521861787,"private"
1.65478107645001,2.74386668704046,2.49726257941205,1.90177722826214,4.04785578261436,2.65415922171919,3.35231243113027,1.61745867181288,0.871212397437695,3.54767362482383,"private"
3.30956215290003,2.74386668704046,0.832420859804017,2.8526658423932,0.809571156522872,2.65415922171919,0.838078107782567,4.04364667953219,0.871212397437695,0.886918406205958,"private"
2.48217161467502,2.74386668704046,1.66484171960803,2.8526658423932,3.23828462609149,1.76943948114612,1.67615621556513,3.23491734362575,0.871212397437695,2.66075521861787,"private"
3.30956215290003,2.74386668704046,1.66484171960803,3.80355445652427,1.61914231304574,2.65415922171919,1.67615621556513,3.23491734362575,0.871212397437695,1.77383681241192,"private"
2.48217161467502,2.74386668704046,2.49726257941205,2.8526658423932,1.61914231304574,2.65415922171919,1.67615621556513,3.23491734362575,1.74242479487539,2.66075521861787,"private"
0.827390538225007,2.74386668704046,2.49726257941205,2.8526658423932,3.23828462609149,3.53887896229225,3.35231243113027,2.42618800771932,2.61363719231309,2.66075521861787,"private"
3.30956215290003,4.57311114506743,0.832420859804017,3.80355445652427,0.809571156522872,2.65415922171919,1.67615621556513,3.23491734362575,0.871212397437695,1.77383681241192,"private"
0.827390538225007,1.82924445802697,2.49726257941205,2.8526658423932,2.42871346956862,2.65415922171919,1.67615621556513,2.42618800771932,1.74242479487539,4.43459203102979,"private"
2.48217161467502,3.65848891605394,1.66484171960803,3.80355445652427,1.61914231304574,2.65415922171919,0.838078107782567,2.42618800771932,0.871212397437695,2.66075521861787,"private"
1.65478107645001,2.74386668704046,1.66484171960803,1.90177722826214,2.42871346956862,2.65415922171919,2.5142343233477,1.61745867181288,1.74242479487539,2.66075521861787,"private"
4.13695269112503,4.57311114506743,0.832420859804017,4.75444307065534,0.809571156522872,1.76943948114612,0.838078107782567,4.04364667953219,0.871212397437695,4.43459203102979,"private"
3.30956215290003,3.65848891605394,1.66484171960803,3.80355445652427,1.61914231304574,1.76943948114612,1.67615621556513,3.23491734362575,1.74242479487539,2.66075521861787,"private"
2.48217161467502,2.74386668704046,2.49726257941205,2.8526658423932,2.42871346956862,2.65415922171919,0.838078107782567,3.23491734362575,1.74242479487539,3.54767362482383,"private"
4.13695269112503,3.65848891605394,1.66484171960803,4.75444307065534,0.809571156522872,1.76943948114612,0.838078107782567,4.04364667953219,0.871212397437695,1.77383681241192,"private"
2.48217161467502,2.74386668704046,2.49726257941205,2.8526658423932,3.23828462609149,3.53887896229225,2.5142343233477,3.23491734362575,2.61363719231309,3.54767362482383,"private"
3.30956215290003,2.74386668704046,2.49726257941205,3.80355445652427,1.61914231304574,2.65415922171919,1.67615621556513,3.23491734362575,2.61363719231309,2.66075521861787,"private"
0.827390538225007,1.82924445802697,4.16210429902009,1.90177722826214,2.42871346956862,4.42359870286531,3.35231243113027,2.42618800771932,3.48484958975078,2.66075521861787,"private"
0.827390538225007,2.74386668704046,3.32968343921607,1.90177722826214,2.42871346956862,3.53887896229225,1.67615621556513,1.61745867181288,2.61363719231309,3.54767362482383,"private"
3.30956215290003,3.65848891605394,3.32968343921607,3.80355445652427,3.23828462609149,3.53887896229225,0.838078107782567,0.808729335906439,0.871212397437695,0.886918406205958,"private"
3.30956215290003,3.65848891605394,0.832420859804017,3.80355445652427,0.809571156522872,1.76943948114612,0.838078107782567,4.04364667953219,0.871212397437695,1.77383681241192,"private"
0.827390538225007,2.74386668704046,2.49726257941205,1.90177722826214,2.42871346956862,2.65415922171919,2.5142343233477,1.61745867181288,3.48484958975078,3.54767362482383,"private"
0.827390538225007,0.914622229013485,4.16210429902009,0.950888614131068,2.42871346956862,4.42359870286531,4.19039053891284,0.808729335906439,4.35606198718848,3.54767362482383,"private"
1.65478107645001,1.82924445802697,2.49726257941205,2.8526658423932,3.23828462609149,2.65415922171919,2.5142343233477,0.808729335906439,4.35606198718848,2.66075521861787,"private"
4.13695269112503,3.65848891605394,1.66484171960803,4.75444307065534,2.42871346956862,2.65415922171919,2.5142343233477,2.42618800771932,2.61363719231309,2.66075521861787,"private"
3.30956215290003,0.914622229013485,2.49726257941205,2.8526658423932,2.42871346956862,1.76943948114612,1.67615621556513,2.42618800771932,1.74242479487539,0.886918406205958,"private"
3.30956215290003,4.57311114506743,0.832420859804017,4.75444307065534,0.809571156522872,1.76943948114612,0.838078107782567,4.04364667953219,0.871212397437695,1.77383681241192,"private"
2.48217161467502,2.74386668704046,2.49726257941205,2.8526658423932,2.42871346956862,2.65415922171919,1.67615621556513,2.42618800771932,2.61363719231309,2.66075521861787,"private"
3.30956215290003,4.57311114506743,0.832420859804017,3.80355445652427,2.42871346956862,0.884719740573062,1.67615621556513,4.04364667953219,0.871212397437695,0.886918406205958,"private"
2.48217161467502,2.74386668704046,0.832420859804017,3.80355445652427,2.42871346956862,2.65415922171919,1.67615621556513,2.42618800771932,1.74242479487539,2.66075521861787,"private"
0.827390538225007,0.914622229013485,2.49726257941205,0.950888614131068,4.04785578261436,4.42359870286531,3.35231243113027,1.61745867181288,2.61363719231309,4.43459203102979,"private"
2.48217161467502,2.74386668704046,2.49726257941205,2.8526658423932,3.23828462609149,2.65415922171919,2.5142343233477,1.61745867181288,2.61363719231309,0.886918406205958,"private"
2.48217161467502,2.74386668704046,2.49726257941205,2.8526658423932,2.42871346956862,2.65415922171919,2.5142343233477,1.61745867181288,1.74242479487539,1.77383681241192,"private"
0.827390538225007,1.82924445802697,3.32968343921607,0.950888614131068,2.42871346956862,3.53887896229225,4.19039053891284,1.61745867181288,3.48484958975078,4.43459203102979,"private"
3.30956215290003,3.65848891605394,1.66484171960803,3.80355445652427,1.61914231304574,2.65415922171919,1.67615621556513,3.23491734362575,1.74242479487539,2.66075521861787,"private"
4.13695269112503,4.57311114506743,1.66484171960803,4.75444307065534,1.61914231304574,1.76943948114612,0.838078107782567,4.04364667953219,0.871212397437695,2.66075521861787,"private"
0.827390538225007,1.82924445802697,3.32968343921607,0.950888614131068,1.61914231304574,4.42359870286531,3.35231243113027,1.61745867181288,2.61363719231309,3.54767362482383,"private"
3.30956215290003,3.65848891605394,1.66484171960803,3.80355445652427,3.23828462609149,1.76943948114612,1.67615621556513,4.04364667953219,0.871212397437695,1.77383681241192,"private"
3.30956215290003,2.74386668704046,2.49726257941205,2.8526658423932,2.42871346956862,2.65415922171919,2.5142343233477,2.42618800771932,3.48484958975078,2.66075521861787,"private"
0.827390538225007,0.914622229013485,4.16210429902009,2.8526658423932,4.04785578261436,4.42359870286531,4.19039053891284,0.808729335906439,0.871212397437695,0.886918406205958,"private"
3.30956215290003,3.65848891605394,2.49726257941205,2.8526658423932,2.42871346956862,3.53887896229225,2.5142343233477,1.61745867181288,2.61363719231309,2.66075521861787,"private"
1.65478107645001,4.57311114506743,0.832420859804017,4.75444307065534,0.809571156522872,2.65415922171919,1.67615621556513,4.04364667953219,1.74242479487539,2.66075521861787,"private"
2.48217161467502,3.65848891605394,1.66484171960803,3.80355445652427,1.61914231304574,1.76943948114612,1.67615621556513,3.23491734362575,0.871212397437695,2.66075521861787,"private"
0.827390538225007,1.82924445802697,4.16210429902009,0.950888614131068,4.04785578261436,4.42359870286531,3.35231243113027,1.61745867181288,1.74242479487539,3.54767362482383,"private"
2.48217161467502,2.74386668704046,3.32968343921607,2.8526658423932,2.42871346956862,4.42359870286531,1.67615621556513,1.61745867181288,2.61363719231309,3.54767362482383,"private"
3.30956215290003,2.74386668704046,1.66484171960803,3.80355445652427,1.61914231304574,2.65415922171919,0.838078107782567,4.04364667953219,0.871212397437695,0.886918406205958,"private"
2.48217161467502,4.57311114506743,0.832420859804017,3.80355445652427,3.23828462609149,0.884719740573062,0.838078107782567,4.04364667953219,0.871212397437695,1.77383681241192,"private"
2.48217161467502,3.65848891605394,1.66484171960803,3.80355445652427,1.61914231304574,2.65415922171919,1.67615621556513,2.42618800771932,2.61363719231309,2.66075521861787,"private"
2.48217161467502,0.914622229013485,4.16210429902009,2.8526658423932,2.42871346956862,4.42359870286531,2.5142343233477,1.61745867181288,0.871212397437695,1.77383681241192,"private"
3.30956215290003,2.74386668704046,0.832420859804017,4.75444307065534,0.809571156522872,0.884719740573062,0.838078107782567,4.04364667953219,0.871212397437695,0.886918406205958,"private"
2.48217161467502,2.74386668704046,2.49726257941205,2.8526658423932,2.42871346956862,2.65415922171919,2.5142343233477,2.42618800771932,1.74242479487539,3.54767362482383,"private"
3.30956215290003,3.65848891605394,0.832420859804017,2.8526658423932,0.809571156522872,1.76943948114612,0.838078107782567,2.42618800771932,0.871212397437695,1.77383681241192,"private"
0.827390538225007,1.82924445802697,2.49726257941205,2.8526658423932,2.42871346956862,3.53887896229225,1.67615621556513,2.42618800771932,2.61363719231309,2.66075521861787,"private"
2.48217161467502,2.74386668704046,2.49726257941205,2.8526658423932,2.42871346956862,2.65415922171919,1.67615621556513,2.42618800771932,1.74242479487539,1.77383681241192,"private"
0.827390538225007,0.914622229013485,4.16210429902009,0.950888614131068,4.04785578261436,4.42359870286531,3.35231243113027,1.61745867181288,2.61363719231309,2.66075521861787,"private"
2.48217161467502,2.74386668704046,3.32968343921607,2.8526658423932,3.23828462609149,3.53887896229225,1.67615621556513,2.42618800771932,2.61363719231309,2.66075521861787,"private"
0.827390538225007,0.914622229013485,4.16210429902009,0.950888614131068,4.04785578261436,4.42359870286531,4.19039053891284,0.808729335906439,2.61363719231309,2.66075521861787,"private"
4.13695269112503,2.74386668704046,1.66484171960803,2.8526658423932,1.61914231304574,2.65415922171919,0.838078107782567,3.23491734362575,0.871212397437695,2.66075521861787,"private"
1.65478107645001,1.82924445802697,2.49726257941205,1.90177722826214,4.04785578261436,4.42359870286531,1.67615621556513,2.42618800771932,3.48484958975078,2.66075521861787,"private"
4.13695269112503,4.57311114506743,1.66484171960803,4.75444307065534,1.61914231304574,1.76943948114612,1.67615621556513,4.04364667953219,1.74242479487539,1.77383681241192,"private"
3.30956215290003,3.65848891605394,1.66484171960803,3.80355445652427,1.61914231304574,2.65415922171919,1.67615621556513,3.23491734362575,1.74242479487539,2.66075521861787,"private"
2.48217161467502,1.82924445802697,2.49726257941205,2.8526658423932,2.42871346956862,3.53887896229225,1.67615621556513,2.42618800771932,1.74242479487539,2.66075521861787,"private"
2.48217161467502,2.74386668704046,1.66484171960803,2.8526658423932,1.61914231304574,2.65415922171919,1.67615621556513,4.04364667953219,0.871212397437695,2.66075521861787,"private"
0.827390538225007,0.914622229013485,3.32968343921607,1.90177722826214,4.04785578261436,0.884719740573062,4.19039053891284,2.42618800771932,1.74242479487539,3.54767362482383,"private"
0.827390538225007,2.74386668704046,4.16210429902009,1.90177722826214,4.04785578261436,4.42359870286531,4.19039053891284,0.808729335906439,4.35606198718848,4.43459203102979,"private"
1.65478107645001,1.82924445802697,0.832420859804017,4.75444307065534,1.61914231304574,2.65415922171919,2.5142343233477,2.42618800771932,2.61363719231309,1.77383681241192,"private"
2.48217161467502,2.74386668704046,0.832420859804017,2.8526658423932,0.809571156522872,2.65415922171919,0.838078107782567,3.23491734362575,0.871212397437695,1.77383681241192,"private"
2.48217161467502,0.914622229013485,2.49726257941205,2.8526658423932,2.42871346956862,2.65415922171919,2.5142343233477,2.42618800771932,2.61363719231309,2.66075521861787,"private"
2.48217161467502,2.74386668704046,3.32968343921607,3.80355445652427,3.23828462609149,3.53887896229225,2.5142343233477,2.42618800771932,2.61363719231309,2.66075521861787,"private"
4.13695269112503,4.57311114506743,1.66484171960803,4.75444307065534,1.61914231304574,1.76943948114612,0.838078107782567,4.04364667953219,0.871212397437695,0.886918406205958,"private"
2.48217161467502,2.74386668704046,1.66484171960803,2.8526658423932,1.61914231304574,1.76943948114612,1.67615621556513,3.23491734362575,2.61363719231309,1.77383681241192,"private"
3.30956215290003,3.65848891605394,1.66484171960803,3.80355445652427,1.61914231304574,1.76943948114612,0.838078107782567,3.23491734362575,0.871212397437695,0.886918406205958,"private"
2.48217161467502,2.74386668704046,2.49726257941205,2.8526658423932,2.42871346956862,2.65415922171919,2.5142343233477,2.42618800771932,2.61363719231309,2.66075521861787,"private"
0.827390538225007,2.74386668704046,2.49726257941205,2.8526658423932,3.23828462609149,2.65415922171919,3.35231243113027,2.42618800771932,1.74242479487539,3.54767362482383,"private"
0.827390538225007,0.914622229013485,0.832420859804017,4.75444307065534,4.04785578261436,0.884719740573062,0.838078107782567,0.808729335906439,1.74242479487539,0.886918406205958,"private"
0.827390538225007,0.914622229013485,4.16210429902009,1.90177722826214,1.61914231304574,4.42359870286531,4.19039053891284,0.808729335906439,4.35606198718848,4.43459203102979,"private"
0.827390538225007,0.914622229013485,4.16210429902009,0.950888614131068,2.42871346956862,4.42359870286531,3.35231243113027,1.61745867181288,2.61363719231309,4.43459203102979,"private"
2.48217161467502,3.65848891605394,0.832420859804017,3.80355445652427,1.61914231304574,0.884719740573062,1.67615621556513,2.42618800771932,1.74242479487539,1.77383681241192,"private"
0.827390538225007,1.82924445802697,3.32968343921607,2.8526658423932,4.04785578261436,4.42359870286531,4.19039053891284,0.808729335906439,4.35606198718848,4.43459203102979,"private"
2.48217161467502,2.74386668704046,4.16210429902009,2.8526658423932,4.04785578261436,2.65415922171919,3.35231243113027,2.42618800771932,2.61363719231309,3.54767362482383,"private"
1.65478107645001,1.82924445802697,1.66484171960803,2.8526658423932,2.42871346956862,1.76943948114612,1.67615621556513,3.23491734362575,1.74242479487539,1.77383681241192,"private"
2.48217161467502,2.74386668704046,2.49726257941205,1.90177722826214,2.42871346956862,2.65415922171919,1.67615621556513,2.42618800771932,1.74242479487539,2.66075521861787,"private"
1.65478107645001,1.82924445802697,1.66484171960803,1.90177722826214,1.61914231304574,1.76943948114612,4.19039053891284,0.808729335906439,4.35606198718848,4.43459203102979,"private"
2.48217161467502,2.74386668704046,0.832420859804017,3.80355445652427,0.809571156522872,1.76943948114612,1.67615621556513,4.04364667953219,0.871212397437695,0.886918406205958,"private"
2.48217161467502,2.74386668704046,1.66484171960803,2.8526658423932,2.42871346956862,2.65415922171919,1.67615621556513,3.23491734362575,1.74242479487539,2.66075521861787,"private"
3.30956215290003,3.65848891605394,1.66484171960803,3.80355445652427,1.61914231304574,2.65415922171919,0.838078107782567,2.42618800771932,0.871212397437695,1.77383681241192,"private"
2.48217161467502,2.74386668704046,2.49726257941205,2.8526658423932,1.61914231304574,3.53887896229225,2.5142343233477,3.23491734362575,1.74242479487539,2.66075521861787,"private"
4.13695269112503,4.57311114506743,0.832420859804017,4.75444307065534,0.809571156522872,1.76943948114612,0.838078107782567,4.04364667953219,0.871212397437695,0.886918406205958,"private"
2.48217161467502,2.74386668704046,2.49726257941205,2.8526658423932,3.23828462609149,3.53887896229225,2.5142343233477,2.42618800771932,2.61363719231309,2.66075521861787,"private"
1.65478107645001,0.914622229013485,3.32968343921607,2.8526658423932,1.61914231304574,4.42359870286531,2.5142343233477,1.61745867181288,1.74242479487539,2.66075521861787,"private"
0.827390538225007,0.914622229013485,4.16210429902009,0.950888614131068,0.809571156522872,4.42359870286531,4.19039053891284,0.808729335906439,4.35606198718848,4.43459203102979,"private"
2.48217161467502,2.74386668704046,2.49726257941205,1.90177722826214,2.42871346956862,2.65415922171919,2.5142343233477,2.42618800771932,2.61363719231309,2.66075521861787,"private"
2.48217161467502,0.914622229013485,3.32968343921607,1.90177722826214,3.23828462609149,4.42359870286531,2.5142343233477,2.42618800771932,1.74242479487539,2.66075521861787,"private"
2.48217161467502,1.82924445802697,2.49726257941205,2.8526658423932,4.04785578261436,3.53887896229225,4.19039053891284,0.808729335906439,4.35606198718848,4.43459203102979,"private"
0.827390538225007,1.82924445802697,2.49726257941205,2.8526658423932,3.23828462609149,2.65415922171919,1.67615621556513,2.42618800771932,0.871212397437695,1.77383681241192,"private"
1.65478107645001,1.82924445802697,0.832420859804017,2.8526658423932,2.42871346956862,2.65415922171919,1.67615621556513,2.42618800771932,1.74242479487539,0.886918406205958,"private"
4.13695269112503,4.57311114506743,0.832420859804017,4.75444307065534,0.809571156522872,0.884719740573062,0.838078107782567,4.04364667953219,0.871212397437695,0.886918406205958,"private"
0.827390538225007,0.914622229013485,4.16210429902009,0.950888614131068,3.23828462609149,4.42359870286531,4.19039053891284,0.808729335906439,4.35606198718848,3.54767362482383,"private"
3.30956215290003,4.57311114506743,1.66484171960803,3.80355445652427,1.61914231304574,1.76943948114612,0.838078107782567,4.04364667953219,0.871212397437695,1.77383681241192,"private"
1.65478107645001,0.914622229013485,1.66484171960803,3.80355445652427,1.61914231304574,1.76943948114612,1.67615621556513,3.23491734362575,0.871212397437695,1.77383681241192,"private"
3.30956215290003,2.74386668704046,0.832420859804017,4.75444307065534,3.23828462609149,2.65415922171919,0.838078107782567,3.23491734362575,0.871212397437695,1.77383681241192,"private"
2.48217161467502,1.82924445802697,2.49726257941205,2.8526658423932,1.61914231304574,2.65415922171919,1.67615621556513,3.23491734362575,1.74242479487539,1.77383681241192,"private"
3.30956215290003,2.74386668704046,2.49726257941205,2.8526658423932,4.04785578261436,3.53887896229225,1.67615621556513,3.23491734362575,1.74242479487539,2.66075521861787,"private"
2.48217161467502,3.65848891605394,4.16210429902009,2.8526658423932,2.42871346956862,2.65415922171919,2.5142343233477,1.61745867181288,2.61363719231309,2.66075521861787,"private"
2.48217161467502,3.65848891605394,1.66484171960803,2.8526658423932,1.61914231304574,1.76943948114612,0.838078107782567,4.04364667953219,0.871212397437695,1.77383681241192,"private"
2.48217161467502,3.65848891605394,3.32968343921607,2.8526658423932,3.23828462609149,1.76943948114612,1.67615621556513,2.42618800771932,0.871212397437695,1.77383681241192,"private"
1.65478107645001,2.74386668704046,2.49726257941205,1.90177722826214,4.04785578261436,2.65415922171919,1.67615621556513,1.61745867181288,1.74242479487539,2.66075521861787,"private"
3.30956215290003,4.57311114506743,3.32968343921607,3.80355445652427,3.23828462609149,4.42359870286531,3.35231243113027,3.23491734362575,3.48484958975078,2.66075521861787,"private"
2.48217161467502,2.74386668704046,1.66484171960803,2.8526658423932,0.809571156522872,2.65415922171919,1.67615621556513,2.42618800771932,0.871212397437695,2.66075521861787,"private"
0.827390538225007,0.914622229013485,4.16210429902009,0.950888614131068,4.04785578261436,4.42359870286531,4.19039053891284,0.808729335906439,4.35606198718848,4.43459203102979,"private"
2.48217161467502,2.74386668704046,2.49726257941205,2.8526658423932,2.42871346956862,4.42359870286531,1.67615621556513,2.42618800771932,1.74242479487539,1.77383681241192,"private"
2.48217161467502,1.82924445802697,1.66484171960803,1.90177722826214,2.42871346956862,2.65415922171919,1.67615621556513,2.42618800771932,1.74242479487539,2.66075521861787,"private"
3.30956215290003,2.74386668704046,1.66484171960803,3.80355445652427,1.61914231304574,2.65415922171919,1.67615621556513,3.23491734362575,1.74242479487539,3.54767362482383,"private"
1.65478107645001,0.914622229013485,4.16210429902009,0.950888614131068,4.04785578261436,4.42359870286531,2.5142343233477,1.61745867181288,2.61363719231309,4.43459203102979,"private"
2.48217161467502,2.74386668704046,1.66484171960803,2.8526658423932,2.42871346956862,1.76943948114612,1.67615621556513,2.42618800771932,2.61363719231309,1.77383681241192,"private"
2.48217161467502,2.74386668704046,1.66484171960803,3.80355445652427,3.23828462609149,2.65415922171919,1.67615621556513,2.42618800771932,1.74242479487539,2.66075521861787,"private"
2.48217161467502,3.65848891605394,0.832420859804017,2.8526658423932,1.61914231304574,1.76943948114612,2.5142343233477,3.23491734362575,1.74242479487539,2.66075521861787,"private"
1.65478107645001,1.82924445802697,2.49726257941205,2.8526658423932,3.23828462609149,3.53887896229225,2.5142343233477,2.42618800771932,1.74242479487539,2.66075521861787,"private"
4.13695269112503,4.57311114506743,0.832420859804017,4.75444307065534,0.809571156522872,0.884719740573062,0.838078107782567,4.04364667953219,0.871212397437695,0.886918406205958,"private"
1.65478107645001,0.914622229013485,4.16210429902009,0.950888614131068,4.04785578261436,4.42359870286531,4.19039053891284,0.808729335906439,1.74242479487539,4.43459203102979,"private"
2.48217161467502,2.74386668704046,2.49726257941205,2.8526658423932,3.23828462609149,2.65415922171919,1.67615621556513,3.23491734362575,2.61363719231309,3.54767362482383,"private"
0.827390538225007,0.914622229013485,3.32968343921607,1.90177722826214,4.04785578261436,3.53887896229225,3.35231243113027,1.61745867181288,2.61363719231309,4.43459203102979,"private"
1.65478107645001,1.82924445802697,3.32968343921607,1.90177722826214,3.23828462609149,3.53887896229225,1.67615621556513,2.42618800771932,1.74242479487539,2.66075521861787,"private"
2.48217161467502,2.74386668704046,2.49726257941205,2.8526658423932,0.809571156522872,4.42359870286531,0.838078107782567,4.04364667953219,0.871212397437695,3.54767362482383,"private"
2.48217161467502,2.74386668704046,2.49726257941205,2.8526658423932,2.42871346956862,3.53887896229225,1.67615621556513,2.42618800771932,1.74242479487539,1.77383681241192,"private"
0.827390538225007,1.82924445802697,3.32968343921607,1.90177722826214,4.04785578261436,3.53887896229225,2.5142343233477,1.61745867181288,3.48484958975078,2.66075521861787,"private"
4.13695269112503,4.57311114506743,0.832420859804017,4.75444307065534,0.809571156522872,0.884719740573062,0.838078107782567,2.42618800771932,0.871212397437695,0.886918406205958,"private"
3.30956215290003,3.65848891605394,1.66484171960803,1.90177722826214,2.42871346956862,2.65415922171919,1.67615621556513,3.23491734362575,1.74242479487539,2.66075521861787,"private"
2.48217161467502,2.74386668704046,1.66484171960803,2.8526658423932,2.42871346956862,3.53887896229225,0.838078107782567,3.23491734362575,0.871212397437695,1.77383681241192,"private"
0.827390538225007,0.914622229013485,0.832420859804017,2.8526658423932,0.809571156522872,0.884719740573062,0.838078107782567,1.61745867181288,0.871212397437695,0.886918406205958,"private"
2.48217161467502,3.65848891605394,1.66484171960803,0.950888614131068,2.42871346956862,2.65415922171919,1.67615621556513,2.42618800771932,1.74242479487539,0.886918406205958,"private"
2.48217161467502,2.74386668704046,0.832420859804017,3.80355445652427,1.61914231304574,0.884719740573062,1.67615621556513,4.04364667953219,0.871212397437695,0.886918406205958,"private"
0.827390538225007,1.82924445802697,3.32968343921607,0.950888614131068,4.04785578261436,0.884719740573062,1.67615621556513,3.23491734362575,0.871212397437695,3.54767362482383,"private"
1.65478107645001,2.74386668704046,1.66484171960803,1.90177722826214,3.23828462609149,4.42359870286531,2.5142343233477,0.808729335906439,1.74242479487539,3.54767362482383,"private"
2.48217161467502,2.74386668704046,2.49726257941205,2.8526658423932,3.23828462609149,2.65415922171919,3.35231243113027,2.42618800771932,2.61363719231309,2.66075521861787,"private"
2.48217161467502,1.82924445802697,2.49726257941205,2.8526658423932,2.42871346956862,2.65415922171919,2.5142343233477,1.61745867181288,2.61363719231309,1.77383681241192,"private"
1.65478107645001,2.74386668704046,2.49726257941205,0.950888614131068,1.61914231304574,3.53887896229225,1.67615621556513,1.61745867181288,2.61363719231309,3.54767362482383,"private"
3.30956215290003,3.65848891605394,0.832420859804017,3.80355445652427,0.809571156522872,1.76943948114612,0.838078107782567,4.04364667953219,0.871212397437695,0.886918406205958,"private"
3.30956215290003,2.74386668704046,2.49726257941205,2.8526658423932,3.23828462609149,2.65415922171919,1.67615621556513,2.42618800771932,0.871212397437695,1.77383681241192,"private"
3.30956215290003,2.74386668704046,1.66484171960803,3.80355445652427,1.61914231304574,0.884719740573062,1.67615621556513,4.04364667953219,0.871212397437695,1.77383681241192,"private"
2.48217161467502,2.74386668704046,0.832420859804017,2.8526658423932,1.61914231304574,1.76943948114612,1.67615621556513,4.04364667953219,2.61363719231309,2.66075521861787,"private"
2.48217161467502,3.65848891605394,1.66484171960803,2.8526658423932,2.42871346956862,3.53887896229225,2.5142343233477,3.23491734362575,1.74242479487539,3.54767362482383,"private"
2.48217161467502,3.65848891605394,2.49726257941205,3.80355445652427,2.42871346956862,2.65415922171919,0.838078107782567,2.42618800771932,1.74242479487539,3.54767362482383,"private"
0.827390538225007,1.82924445802697,2.49726257941205,2.8526658423932,4.04785578261436,4.42359870286531,3.35231243113027,1.61745867181288,2.61363719231309,0.886918406205958,"private"
1.65478107645001,2.74386668704046,1.66484171960803,3.80355445652427,4.04785578261436,3.53887896229225,2.5142343233477,2.42618800771932,1.74242479487539,1.77383681241192,"private"
1.65478107645001,2.74386668704046,2.49726257941205,2.8526658423932,2.42871346956862,4.42359870286531,2.5142343233477,2.42618800771932,1.74242479487539,1.77383681241192,"private"
3.30956215290003,3.65848891605394,4.16210429902009,4.75444307065534,3.23828462609149,3.53887896229225,3.35231243113027,3.23491734362575,4.35606198718848,3.54767362482383,"private"
1.65478107645001,2.74386668704046,2.49726257941205,1.90177722826214,3.23828462609149,2.65415922171919,2.5142343233477,1.61745867181288,3.48484958975078,2.66075521861787,"private"
2.48217161467502,1.82924445802697,1.66484171960803,2.8526658423932,1.61914231304574,2.65415922171919,2.5142343233477,2.42618800771932,1.74242479487539,1.77383681241192,"private"
1.65478107645001,1.82924445802697,1.66484171960803,2.8526658423932,2.42871346956862,2.65415922171919,0.838078107782567,3.23491734362575,0.871212397437695,1.77383681241192,"private"
2.48217161467502,1.82924445802697,2.49726257941205,1.90177722826214,2.42871346956862,2.65415922171919,2.5142343233477,1.61745867181288,1.74242479487539,2.66075521861787,"private"
3.30956215290003,3.65848891605394,1.66484171960803,3.80355445652427,0.809571156522872,1.76943948114612,0.838078107782567,3.23491734362575,0.871212397437695,1.77383681241192,"private"
4.13695269112503,4.57311114506743,0.832420859804017,3.80355445652427,1.61914231304574,1.76943948114612,0.838078107782567,4.04364667953219,0.871212397437695,2.66075521861787,"private"
2.48217161467502,2.74386668704046,1.66484171960803,2.8526658423932,3.23828462609149,3.53887896229225,3.35231243113027,1.61745867181288,3.48484958975078,1.77383681241192,"private"
4.13695269112503,4.57311114506743,0.832420859804017,4.75444307065534,0.809571156522872,0.884719740573062,0.838078107782567,4.04364667953219,0.871212397437695,0.886918406205958,"private"
3.30956215290003,2.74386668704046,2.49726257941205,3.80355445652427,2.42871346956862,3.53887896229225,2.5142343233477,2.42618800771932,3.48484958975078,2.66075521861787,"private"
2.48217161467502,2.74386668704046,2.49726257941205,3.80355445652427,1.61914231304574,4.42359870286531,1.67615621556513,3.23491734362575,1.74242479487539,2.66075521861787,"private"
2.48217161467502,3.65848891605394,1.66484171960803,3.80355445652427,0.809571156522872,1.76943948114612,0.838078107782567,4.04364667953219,1.74242479487539,1.77383681241192,"private"
2.48217161467502,3.65848891605394,1.66484171960803,2.8526658423932,1.61914231304574,1.76943948114612,1.67615621556513,1.61745867181288,1.74242479487539,1.77383681241192,"private"
2.48217161467502,3.65848891605394,1.66484171960803,3.80355445652427,1.61914231304574,2.65415922171919,1.67615621556513,3.23491734362575,1.74242479487539,1.77383681241192,"private"
3.30956215290003,3.65848891605394,0.832420859804017,3.80355445652427,0.809571156522872,1.76943948114612,0.838078107782567,3.23491734362575,0.871212397437695,1.77383681241192,"private"
0.827390538225007,1.82924445802697,2.49726257941205,1.90177722826214,1.61914231304574,3.53887896229225,2.5142343233477,1.61745867181288,2.61363719231309,3.54767362482383,"private"
0.827390538225007,2.74386668704046,2.49726257941205,2.8526658423932,4.04785578261436,4.42359870286531,2.5142343233477,0.808729335906439,2.61363719231309,4.43459203102979,"private"
1.65478107645001,1.82924445802697,4.16210429902009,1.90177722826214,4.04785578261436,3.53887896229225,3.35231243113027,1.61745867181288,0.871212397437695,3.54767362482383,"private"
1.65478107645001,2.74386668704046,2.49726257941205,2.8526658423932,2.42871346956862,3.53887896229225,2.5142343233477,2.42618800771932,1.74242479487539,3.54767362482383,"private"
4.13695269112503,2.74386668704046,2.49726257941205,3.80355445652427,4.04785578261436,2.65415922171919,1.67615621556513,1.61745867181288,1.74242479487539,0.886918406205958,"private"
2.48217161467502,2.74386668704046,1.66484171960803,2.8526658423932,1.61914231304574,2.65415922171919,1.67615621556513,3.23491734362575,1.74242479487539,1.77383681241192,"private"
2.48217161467502,3.65848891605394,2.49726257941205,3.80355445652427,2.42871346956862,3.53887896229225,4.19039053891284,3.23491734362575,4.35606198718848,2.66075521861787,"private"
2.48217161467502,2.74386668704046,2.49726257941205,2.8526658423932,2.42871346956862,2.65415922171919,1.67615621556513,1.61745867181288,2.61363719231309,2.66075521861787,"private"
2.48217161467502,2.74386668704046,2.49726257941205,2.8526658423932,2.42871346956862,2.65415922171919,2.5142343233477,3.23491734362575,1.74242479487539,2.66075521861787,"private"
0.827390538225007,2.74386668704046,2.49726257941205,2.8526658423932,2.42871346956862,1.76943948114612,2.5142343233477,0.808729335906439,2.61363719231309,0.886918406205958,"private"
3.30956215290003,2.74386668704046,2.49726257941205,2.8526658423932,2.42871346956862,2.65415922171919,2.5142343233477,2.42618800771932,0.871212397437695,1.77383681241192,"private"
2.48217161467502,2.74386668704046,2.49726257941205,2.8526658423932,2.42871346956862,2.65415922171919,1.67615621556513,3.23491734362575,1.74242479487539,2.66075521861787,"private"
1.65478107645001,1.82924445802697,2.49726257941205,1.90177722826214,4.04785578261436,4.42359870286531,4.19039053891284,1.61745867181288,1.74242479487539,3.54767362482383,"private"
0.827390538225007,1.82924445802697,4.16210429902009,1.90177722826214,4.04785578261436,3.53887896229225,4.19039053891284,2.42618800771932,4.35606198718848,4.43459203102979,"private"
3.30956215290003,2.74386668704046,2.49726257941205,2.8526658423932,2.42871346956862,1.76943948114612,1.67615621556513,3.23491734362575,1.74242479487539,1.77383681241192,"private"
1.65478107645001,2.74386668704046,1.66484171960803,2.8526658423932,3.23828462609149,3.53887896229225,3.35231243113027,1.61745867181288,0.871212397437695,2.66075521861787,"private"
3.30956215290003,3.65848891605394,3.32968343921607,2.8526658423932,2.42871346956862,3.53887896229225,3.35231243113027,3.23491734362575,3.48484958975078,3.54767362482383,"private"
3.30956215290003,3.65848891605394,1.66484171960803,2.8526658423932,2.42871346956862,2.65415922171919,0.838078107782567,4.04364667953219,0.871212397437695,1.77383681241192,"private"
2.48217161467502,3.65848891605394,1.66484171960803,3.80355445652427,3.23828462609149,3.53887896229225,2.5142343233477,2.42618800771932,1.74242479487539,1.77383681241192,"private"
2.48217161467502,2.74386668704046,1.66484171960803,1.90177722826214,1.61914231304574,3.53887896229225,1.67615621556513,3.23491734362575,0.871212397437695,1.77383681241192,"private"
2.48217161467502,3.65848891605394,3.32968343921607,4.75444307065534,4.04785578261436,0.884719740573062,0.838078107782567,4.04364667953219,0.871212397437695,0.886918406205958,"private"
3.30956215290003,3.65848891605394,0.832420859804017,3.80355445652427,0.809571156522872,2.65415922171919,1.67615621556513,2.42618800771932,1.74242479487539,2.66075521861787,"private"
3.30956215290003,1.82924445802697,3.32968343921607,1.90177722826214,2.42871346956862,4.42359870286531,4.19039053891284,1.61745867181288,2.61363719231309,4.43459203102979,"private"
0.827390538225007,1.82924445802697,4.16210429902009,1.90177722826214,3.23828462609149,3.53887896229225,1.67615621556513,2.42618800771932,2.61363719231309,3.54767362482383,"private"
4.13695269112503,3.65848891605394,0.832420859804017,4.75444307065534,0.809571156522872,0.884719740573062,0.838078107782567,4.04364667953219,0.871212397437695,1.77383681241192,"private"
3.30956215290003,2.74386668704046,1.66484171960803,2.8526658423932,1.61914231304574,3.53887896229225,1.67615621556513,4.04364667953219,1.74242479487539,1.77383681241192,"private"
4.13695269112503,4.57311114506743,0.832420859804017,4.75444307065534,0.809571156522872,0.884719740573062,0.838078107782567,4.04364667953219,1.74242479487539,1.77383681241192,"private"
4.13695269112503,4.57311114506743,4.16210429902009,4.75444307065534,1.61914231304574,2.65415922171919,0.838078107782567,4.04364667953219,0.871212397437695,0.886918406205958,"private"
2.48217161467502,3.65848891605394,1.66484171960803,3.80355445652427,3.23828462609149,1.76943948114612,1.67615621556513,3.23491734362575,1.74242479487539,3.54767362482383,"private"
2.48217161467502,2.74386668704046,1.66484171960803,2.8526658423932,2.42871346956862,2.65415922171919,1.67615621556513,2.42618800771932,1.74242479487539,1.77383681241192,"private"
2.48217161467502,2.74386668704046,1.66484171960803,3.80355445652427,1.61914231304574,2.65415922171919,1.67615621556513,3.23491734362575,1.74242479487539,1.77383681241192,"private"
1.65478107645001,0.914622229013485,1.66484171960803,2.8526658423932,3.23828462609149,4.42359870286531,2.5142343233477,1.61745867181288,1.74242479487539,2.66075521861787,"private"
3.30956215290003,2.74386668704046,2.49726257941205,2.8526658423932,2.42871346956862,3.53887896229225,2.5142343233477,3.23491734362575,1.74242479487539,2.66075521861787,"private"
3.30956215290003,3.65848891605394,1.66484171960803,3.80355445652427,1.61914231304574,2.65415922171919,1.67615621556513,3.23491734362575,0.871212397437695,2.66075521861787,"private"
3.30956215290003,3.65848891605394,1.66484171960803,3.80355445652427,1.61914231304574,2.65415922171919,1.67615621556513,4.04364667953219,1.74242479487539,2.66075521861787,"private"
2.48217161467502,2.74386668704046,1.66484171960803,3.80355445652427,1.61914231304574,2.65415922171919,2.5142343233477,4.04364667953219,0.871212397437695,1.77383681241192,"private"
0.827390538225007,1.82924445802697,2.49726257941205,0.950888614131068,4.04785578261436,3.53887896229225,4.19039053891284,1.61745867181288,2.61363719231309,4.43459203102979,"private"
3.30956215290003,2.74386668704046,0.832420859804017,2.8526658423932,0.809571156522872,2.65415922171919,0.838078107782567,4.04364667953219,0.871212397437695,2.66075521861787,"private"
2.48217161467502,1.82924445802697,1.66484171960803,1.90177722826214,1.61914231304574,4.42359870286531,0.838078107782567,2.42618800771932,2.61363719231309,3.54767362482383,"private"
2.48217161467502,2.74386668704046,1.66484171960803,2.8526658423932,1.61914231304574,2.65415922171919,0.838078107782567,2.42618800771932,0.871212397437695,1.77383681241192,"private"
2.48217161467502,3.65848891605394,3.32968343921607,1.90177722826214,2.42871346956862,1.76943948114612,2.5142343233477,2.42618800771932,2.61363719231309,2.66075521861787,"private"
3.30956215290003,3.65848891605394,1.66484171960803,3.80355445652427,3.23828462609149,1.76943948114612,1.67615621556513,4.04364667953219,1.74242479487539,1.77383681241192,"private"
1.65478107645001,1.82924445802697,3.32968343921607,1.90177722826214,3.23828462609149,3.53887896229225,2.5142343233477,2.42618800771932,3.48484958975078,1.77383681241192,"private"
4.13695269112503,3.65848891605394,0.832420859804017,4.75444307065534,0.809571156522872,1.76943948114612,0.838078107782567,4.04364667953219,0.871212397437695,0.886918406205958,"private"
3.30956215290003,1.82924445802697,2.49726257941205,1.90177722826214,3.23828462609149,3.53887896229225,4.19039053891284,2.42618800771932,1.74242479487539,4.43459203102979,"private"
2.48217161467502,2.74386668704046,2.49726257941205,2.8526658423932,2.42871346956862,2.65415922171919,2.5142343233477,2.42618800771932,2.61363719231309,3.54767362482383,"private"
3.30956215290003,3.65848891605394,1.66484171960803,3.80355445652427,0.809571156522872,1.76943948114612,0.838078107782567,4.04364667953219,0.871212397437695,2.66075521861787,"private"
0.827390538225007,0.914622229013485,4.16210429902009,0.950888614131068,0.809571156522872,0.884719740573062,4.19039053891284,0.808729335906439,4.35606198718848,4.43459203102979,"private"
0.827390538225007,0.914622229013485,3.32968343921607,0.950888614131068,4.04785578261436,3.53887896229225,4.19039053891284,1.61745867181288,3.48484958975078,0.886918406205958,"private"
0.827390538225007,0.914622229013485,4.16210429902009,1.90177722826214,1.61914231304574,4.42359870286531,2.5142343233477,0.808729335906439,3.48484958975078,4.43459203102979,"private"
2.48217161467502,1.82924445802697,2.49726257941205,1.90177722826214,3.23828462609149,0.884719740573062,2.5142343233477,2.42618800771932,2.61363719231309,2.66075521861787,"private"
0.827390538225007,1.82924445802697,3.32968343921607,1.90177722826214,4.04785578261436,3.53887896229225,3.35231243113027,0.808729335906439,4.35606198718848,3.54767362482383,"private"
1.65478107645001,2.74386668704046,4.16210429902009,0.950888614131068,4.04785578261436,4.42359870286531,2.5142343233477,2.42618800771932,1.74242479487539,4.43459203102979,"private"
3.30956215290003,3.65848891605394,1.66484171960803,3.80355445652427,1.61914231304574,1.76943948114612,1.67615621556513,3.23491734362575,1.74242479487539,1.77383681241192,"private"
1.65478107645001,1.82924445802697,3.32968343921607,1.90177722826214,4.04785578261436,3.53887896229225,2.5142343233477,2.42618800771932,2.61363719231309,2.66075521861787,"private"
3.30956215290003,4.57311114506743,0.832420859804017,4.75444307065534,0.809571156522872,2.65415922171919,0.838078107782567,4.04364667953219,0.871212397437695,0.886918406205958,"private"
1.65478107645001,2.74386668704046,1.66484171960803,1.90177722826214,1.61914231304574,2.65415922171919,1.67615621556513,3.23491734362575,1.74242479487539,2.66075521861787,"private"
0.827390538225007,0.914622229013485,0.832420859804017,0.950888614131068,0.809571156522872,0.884719740573062,4.19039053891284,4.04364667953219,4.35606198718848,4.43459203102979,"private"
3.30956215290003,2.74386668704046,0.832420859804017,2.8526658423932,0.809571156522872,1.76943948114612,0.838078107782567,4.04364667953219,1.74242479487539,1.77383681241192,"private"
2.48217161467502,3.65848891605394,0.832420859804017,3.80355445652427,0.809571156522872,2.65415922171919,0.838078107782567,4.04364667953219,0.871212397437695,2.66075521861787,"private"
3.30956215290003,3.65848891605394,0.832420859804017,3.80355445652427,3.23828462609149,1.76943948114612,1.67615621556513,4.04364667953219,0.871212397437695,0.886918406205958,"private"
1.65478107645001,2.74386668704046,4.16210429902009,0.950888614131068,4.04785578261436,4.42359870286531,2.5142343233477,0.808729335906439,2.61363719231309,4.43459203102979,"private"
2.48217161467502,1.82924445802697,2.49726257941205,1.90177722826214,2.42871346956862,3.53887896229225,3.35231243113027,2.42618800771932,2.61363719231309,4.43459203102979,"private"
0.827390538225007,0.914622229013485,3.32968343921607,0.950888614131068,4.04785578261436,4.42359870286531,3.35231243113027,0.808729335906439,3.48484958975078,4.43459203102979,"private"
2.48217161467502,2.74386668704046,1.66484171960803,2.8526658423932,1.61914231304574,3.53887896229225,2.5142343233477,2.42618800771932,1.74242479487539,1.77383681241192,"private"
1.65478107645001,1.82924445802697,2.49726257941205,2.8526658423932,4.04785578261436,4.42359870286531,4.19039053891284,1.61745867181288,2.61363719231309,4.43459203102979,"private"
2.48217161467502,2.74386668704046,1.66484171960803,3.80355445652427,2.42871346956862,4.42359870286531,1.67615621556513,2.42618800771932,2.61363719231309,1.77383681241192,"private"
3.30956215290003,4.57311114506743,2.49726257941205,4.75444307065534,2.42871346956862,2.65415922171919,2.5142343233477,4.04364667953219,2.61363719231309,2.66075521861787,"private"
4.13695269112503,4.57311114506743,4.16210429902009,4.75444307065534,4.04785578261436,4.42359870286531,4.19039053891284,2.42618800771932,2.61363719231309,1.77383681241192,"private"
2.48217161467502,2.74386668704046,2.49726257941205,2.8526658423932,2.42871346956862,2.65415922171919,2.5142343233477,2.42618800771932,2.61363719231309,2.66075521861787,"private"
2.48217161467502,1.82924445802697,1.66484171960803,1.90177722826214,3.23828462609149,2.65415922171919,2.5142343233477,2.42618800771932,1.74242479487539,3.54767362482383,"private"
0.827390538225007,2.74386668704046,1.66484171960803,2.8526658423932,3.23828462609149,2.65415922171919,0.838078107782567,0.808729335906439,0.871212397437695,0.886918406205958,"private"
1.65478107645001,1.82924445802697,1.66484171960803,1.90177722826214,2.42871346956862,2.65415922171919,2.5142343233477,1.61745867181288,2.61363719231309,2.66075521861787,"private"
2.48217161467502,2.74386668704046,2.49726257941205,2.8526658423932,2.42871346956862,2.65415922171919,1.67615621556513,2.42618800771932,1.74242479487539,2.66075521861787,"private"
0.827390538225007,2.74386668704046,2.49726257941205,2.8526658423932,0.809571156522872,4.42359870286531,1.67615621556513,0.808729335906439,3.48484958975078,1.77383681241192,"private"
4.13695269112503,3.65848891605394,0.832420859804017,4.75444307065534,0.809571156522872,1.76943948114612,0.838078107782567,4.04364667953219,0.871212397437695,1.77383681241192,"private"
1.65478107645001,2.74386668704046,3.32968343921607,1.90177722826214,3.23828462609149,2.65415922171919,3.35231243113027,1.61745867181288,2.61363719231309,3.54767362482383,"private"
0.827390538225007,0.914622229013485,2.49726257941205,2.8526658423932,3.23828462609149,2.65415922171919,2.5142343233477,3.23491734362575,0.871212397437695,0.886918406205958,"private"
3.30956215290003,2.74386668704046,1.66484171960803,3.80355445652427,0.809571156522872,2.65415922171919,0.838078107782567,3.23491734362575,0.871212397437695,1.77383681241192,"private"
2.48217161467502,3.65848891605394,1.66484171960803,2.8526658423932,3.23828462609149,2.65415922171919,0.838078107782567,4.04364667953219,0.871212397437695,1.77383681241192,"private"
2.48217161467502,1.82924445802697,1.66484171960803,2.8526658423932,4.04785578261436,4.42359870286531,1.67615621556513,2.42618800771932,2.61363719231309,1.77383681241192,"private"
2.48217161467502,2.74386668704046,2.49726257941205,2.8526658423932,2.42871346956862,2.65415922171919,2.5142343233477,2.42618800771932,2.61363719231309,2.66075521861787,"private"
2.48217161467502,2.74386668704046,1.66484171960803,3.80355445652427,1.61914231304574,2.65415922171919,1.67615621556513,3.23491734362575,1.74242479487539,1.77383681241192,"private"
2.48217161467502,2.74386668704046,2.49726257941205,2.8526658423932,3.23828462609149,3.53887896229225,2.5142343233477,1.61745867181288,2.61363719231309,2.66075521861787,"private"
2.48217161467502,2.74386668704046,0.832420859804017,1.90177722826214,2.42871346956862,1.76943948114612,3.35231243113027,1.61745867181288,3.48484958975078,1.77383681241192,"private"
1.65478107645001,2.74386668704046,1.66484171960803,3.80355445652427,2.42871346956862,2.65415922171919,2.5142343233477,1.61745867181288,3.48484958975078,3.54767362482383,"private"
0.827390538225007,1.82924445802697,4.16210429902009,0.950888614131068,4.04785578261436,4.42359870286531,3.35231243113027,2.42618800771932,3.48484958975078,4.43459203102979,"private"
2.48217161467502,2.74386668704046,1.66484171960803,3.80355445652427,2.42871346956862,2.65415922171919,2.5142343233477,3.23491734362575,0.871212397437695,2.66075521861787,"private"
1.65478107645001,1.82924445802697,2.49726257941205,2.8526658423932,1.61914231304574,3.53887896229225,1.67615621556513,2.42618800771932,2.61363719231309,2.66075521861787,"private"
2.48217161467502,2.74386668704046,2.49726257941205,2.8526658423932,2.42871346956862,2.65415922171919,2.5142343233477,2.42618800771932,2.61363719231309,2.66075521861787,"private"
2.48217161467502,2.74386668704046,2.49726257941205,2.8526658423932,3.23828462609149,3.53887896229225,1.67615621556513,2.42618800771932,1.74242479487539,2.66075521861787,"private"
2.48217161467502,2.74386668704046,1.66484171960803,2.8526658423932,2.42871346956862,4.42359870286531,2.5142343233477,3.23491734362575,1.74242479487539,2.66075521861787,"private"
2.48217161467502,3.65848891605394,0.832420859804017,3.80355445652427,0.809571156522872,1.76943948114612,1.67615621556513,3.23491734362575,1.74242479487539,1.77383681241192,"private"
2.48217161467502,2.74386668704046,1.66484171960803,3.80355445652427,2.42871346956862,2.65415922171919,0.838078107782567,3.23491734362575,0.871212397437695,0.886918406205958,"private"
0.827390538225007,1.82924445802697,4.16210429902009,0.950888614131068,2.42871346956862,4.42359870286531,3.35231243113027,1.61745867181288,3.48484958975078,2.66075521861787,"private"
1.65478107645001,2.74386668704046,2.49726257941205,1.90177722826214,2.42871346956862,2.65415922171919,1.67615621556513,3.23491734362575,2.61363719231309,2.66075521861787,"private"
0.827390538225007,0.914622229013485,4.16210429902009,1.90177722826214,2.42871346956862,4.42359870286531,4.19039053891284,0.808729335906439,1.74242479487539,4.43459203102979,"private"
2.48217161467502,2.74386668704046,1.66484171960803,2.8526658423932,2.42871346956862,1.76943948114612,1.67615621556513,2.42618800771932,1.74242479487539,2.66075521861787,"private"
3.30956215290003,3.65848891605394,0.832420859804017,3.80355445652427,1.61914231304574,2.65415922171919,1.67615621556513,2.42618800771932,0.871212397437695,1.77383681241192,"private"
1.65478107645001,2.74386668704046,2.49726257941205,2.8526658423932,3.23828462609149,3.53887896229225,2.5142343233477,2.42618800771932,1.74242479487539,1.77383681241192,"private"
3.30956215290003,2.74386668704046,2.49726257941205,2.8526658423932,1.61914231304574,2.65415922171919,1.67615621556513,3.23491734362575,1.74242479487539,2.66075521861787,"private"
2.48217161467502,2.74386668704046,2.49726257941205,1.90177722826214,2.42871346956862,2.65415922171919,4.19039053891284,1.61745867181288,2.61363719231309,4.43459203102979,"private"
0.827390538225007,0.914622229013485,4.16210429902009,0.950888614131068,4.04785578261436,4.42359870286531,4.19039053891284,0.808729335906439,4.35606198718848,4.43459203102979,"private"
3.30956215290003,2.74386668704046,1.66484171960803,2.8526658423932,1.61914231304574,2.65415922171919,1.67615621556513,2.42618800771932,0.871212397437695,1.77383681241192,"private"
3.30956215290003,3.65848891605394,1.66484171960803,3.80355445652427,3.23828462609149,2.65415922171919,2.5142343233477,1.61745867181288,1.74242479487539,2.66075521861787,"private"
2.48217161467502,3.65848891605394,3.32968343921607,4.75444307065534,3.23828462609149,2.65415922171919,1.67615621556513,3.23491734362575,2.61363719231309,2.66075521861787,"private"
0.827390538225007,1.82924445802697,2.49726257941205,3.80355445652427,4.04785578261436,4.42359870286531,2.5142343233477,2.42618800771932,0.871212397437695,2.66075521861787,"private"
2.48217161467502,2.74386668704046,4.16210429902009,2.8526658423932,2.42871346956862,2.65415922171919,2.5142343233477,1.61745867181288,2.61363719231309,2.66075521861787,"private"
2.48217161467502,2.74386668704046,2.49726257941205,1.90177722826214,2.42871346956862,3.53887896229225,2.5142343233477,2.42618800771932,1.74242479487539,3.54767362482383,"private"
3.30956215290003,3.65848891605394,0.832420859804017,3.80355445652427,0.809571156522872,2.65415922171919,1.67615621556513,3.23491734362575,1.74242479487539,1.77383681241192,"private"
3.30956215290003,3.65848891605394,3.32968343921607,3.80355445652427,3.23828462609149,3.53887896229225,1.67615621556513,2.42618800771932,1.74242479487539,1.77383681241192,"private"
2.48217161467502,3.65848891605394,3.32968343921607,2.8526658423932,2.42871346956862,4.42359870286531,2.5142343233477,2.42618800771932,0.871212397437695,2.66075521861787,"private"
2.48217161467502,3.65848891605394,2.49726257941205,2.8526658423932,1.61914231304574,3.53887896229225,1.67615621556513,2.42618800771932,1.74242479487539,2.66075521861787,"private"
2.48217161467502,2.74386668704046,2.49726257941205,2.8526658423932,2.42871346956862,2.65415922171919,1.67615621556513,1.61745867181288,1.74242479487539,1.77383681241192,"private"
4.13695269112503,4.57311114506743,4.16210429902009,4.75444307065534,4.04785578261436,4.42359870286531,4.19039053891284,4.04364667953219,0.871212397437695,0.886918406205958,"private"
2.48217161467502,2.74386668704046,3.32968343921607,2.8526658423932,1.61914231304574,4.42359870286531,0.838078107782567,2.42618800771932,1.74242479487539,1.77383681241192,"private"
2.48217161467502,2.74386668704046,0.832420859804017,3.80355445652427,1.61914231304574,2.65415922171919,1.67615621556513,3.23491734362575,1.74242479487539,1.77383681241192,"private"
2.48217161467502,2.74386668704046,2.49726257941205,2.8526658423932,2.42871346956862,2.65415922171919,1.67615621556513,4.04364667953219,0.871212397437695,0.886918406205958,"private"
3.30956215290003,2.74386668704046,4.16210429902009,3.80355445652427,3.23828462609149,4.42359870286531,2.5142343233477,3.23491734362575,1.74242479487539,2.66075521861787,"private"
0.827390538225007,0.914622229013485,1.66484171960803,3.80355445652427,3.23828462609149,3.53887896229225,2.5142343233477,3.23491734362575,2.61363719231309,2.66075521861787,"private"
2.48217161467502,2.74386668704046,1.66484171960803,2.8526658423932,3.23828462609149,2.65415922171919,1.67615621556513,2.42618800771932,1.74242479487539,1.77383681241192,"private"
3.30956215290003,2.74386668704046,1.66484171960803,2.8526658423932,1.61914231304574,2.65415922171919,0.838078107782567,3.23491734362575,1.74242479487539,2.66075521861787,"private"
1.65478107645001,0.914622229013485,4.16210429902009,4.75444307065534,4.04785578261436,4.42359870286531,2.5142343233477,0.808729335906439,2.61363719231309,3.54767362482383,"private"
3.30956215290003,3.65848891605394,0.832420859804017,3.80355445652427,0.809571156522872,1.76943948114612,0.838078107782567,4.04364667953219,0.871212397437695,1.77383681241192,"private"
0.827390538225007,1.82924445802697,4.16210429902009,0.950888614131068,4.04785578261436,0.884719740573062,4.19039053891284,1.61745867181288,3.48484958975078,4.43459203102979,"private"
3.30956215290003,3.65848891605394,1.66484171960803,3.80355445652427,1.61914231304574,1.76943948114612,0.838078107782567,4.04364667953219,0.871212397437695,1.77383681241192,"private"
2.48217161467502,3.65848891605394,2.49726257941205,3.80355445652427,1.61914231304574,2.65415922171919,1.67615621556513,3.23491734362575,2.61363719231309,1.77383681241192,"private"
1.65478107645001,1.82924445802697,2.49726257941205,2.8526658423932,1.61914231304574,3.53887896229225,1.67615621556513,2.42618800771932,2.61363719231309,0.886918406205958,"private"
0.827390538225007,0.914622229013485,4.16210429902009,0.950888614131068,2.42871346956862,4.42359870286531,3.35231243113027,1.61745867181288,3.48484958975078,4.43459203102979,"private"
2.48217161467502,2.74386668704046,2.49726257941205,2.8526658423932,2.42871346956862,2.65415922171919,1.67615621556513,2.42618800771932,2.61363719231309,2.66075521861787,"private"
3.30956215290003,4.57311114506743,1.66484171960803,3.80355445652427,1.61914231304574,1.76943948114612,2.5142343233477,3.23491734362575,0.871212397437695,1.77383681241192,"private"
1.65478107645001,2.74386668704046,1.66484171960803,0.950888614131068,4.04785578261436,3.53887896229225,2.5142343233477,2.42618800771932,3.48484958975078,3.54767362482383,"private"
3.30956215290003,3.65848891605394,2.49726257941205,2.8526658423932,1.61914231304574,3.53887896229225,4.19039053891284,4.04364667953219,1.74242479487539,2.66075521861787,"private"
3.30956215290003,3.65848891605394,0.832420859804017,3.80355445652427,3.23828462609149,3.53887896229225,0.838078107782567,0.808729335906439,0.871212397437695,0.886918406205958,"private"
1.65478107645001,2.74386668704046,1.66484171960803,1.90177722826214,2.42871346956862,3.53887896229225,0.838078107782567,3.23491734362575,1.74242479487539,1.77383681241192,"private"
0.827390538225007,0.914622229013485,3.32968343921607,0.950888614131068,4.04785578261436,4.42359870286531,2.5142343233477,2.42618800771932,2.61363719231309,3.54767362482383,"private"
3.30956215290003,3.65848891605394,1.66484171960803,2.8526658423932,0.809571156522872,1.76943948114612,1.67615621556513,4.04364667953219,0.871212397437695,1.77383681241192,"private"
3.30956215290003,3.65848891605394,0.832420859804017,4.75444307065534,0.809571156522872,2.65415922171919,0.838078107782567,4.04364667953219,0.871212397437695,0.886918406205958,"private"
3.30956215290003,0.914622229013485,1.66484171960803,2.8526658423932,2.42871346956862,2.65415922171919,2.5142343233477,1.61745867181288,3.48484958975078,2.66075521861787,"private"
1.65478107645001,1.82924445802697,1.66484171960803,2.8526658423932,2.42871346956862,1.76943948114612,1.67615621556513,2.42618800771932,1.74242479487539,1.77383681241192,"private"
2.48217161467502,2.74386668704046,1.66484171960803,2.8526658423932,1.61914231304574,3.53887896229225,0.838078107782567,4.04364667953219,0.871212397437695,1.77383681241192,"private"
1.65478107645001,0.914622229013485,3.32968343921607,2.8526658423932,2.42871346956862,4.42359870286531,3.35231243113027,0.808729335906439,2.61363719231309,3.54767362482383,"private"
0.827390538225007,0.914622229013485,4.16210429902009,0.950888614131068,0.809571156522872,0.884719740573062,1.67615621556513,0.808729335906439,2.61363719231309,1.77383681241192,"private"
2.48217161467502,2.74386668704046,2.49726257941205,2.8526658423932,2.42871346956862,2.65415922171919,2.5142343233477,1.61745867181288,1.74242479487539,2.66075521861787,"private"
2.48217161467502,4.57311114506743,0.832420859804017,3.80355445652427,0.809571156522872,3.53887896229225,0.838078107782567,3.23491734362575,1.74242479487539,4.43459203102979,"private"
1.65478107645001,2.74386668704046,4.16210429902009,2.8526658423932,4.04785578261436,4.42359870286531,2.5142343233477,3.23491734362575,2.61363719231309,3.54767362482383,"private"
1.65478107645001,1.82924445802697,1.66484171960803,2.8526658423932,2.42871346956862,2.65415922171919,2.5142343233477,1.61745867181288,2.61363719231309,2.66075521861787,"private"
1.65478107645001,0.914622229013485,2.49726257941205,1.90177722826214,4.04785578261436,4.42359870286531,3.35231243113027,1.61745867181288,0.871212397437695,4.43459203102979,"private"
4.13695269112503,3.65848891605394,0.832420859804017,2.8526658423932,1.61914231304574,3.53887896229225,0.838078107782567,4.04364667953219,3.48484958975078,1.77383681241192,"private"
3.30956215290003,3.65848891605394,1.66484171960803,3.80355445652427,1.61914231304574,2.65415922171919,0.838078107782567,3.23491734362575,1.74242479487539,1.77383681241192,"private"
0.827390538225007,1.82924445802697,4.16210429902009,4.75444307065534,4.04785578261436,3.53887896229225,2.5142343233477,1.61745867181288,0.871212397437695,3.54767362482383,"private"
2.48217161467502,3.65848891605394,0.832420859804017,3.80355445652427,1.61914231304574,2.65415922171919,1.67615621556513,4.04364667953219,1.74242479487539,0.886918406205958,"private"
3.30956215290003,3.65848891605394,0.832420859804017,4.75444307065534,1.61914231304574,0.884719740573062,0.838078107782567,4.04364667953219,0.871212397437695,0.886918406205958,"private"
0.827390538225007,0.914622229013485,2.49726257941205,1.90177722826214,1.61914231304574,0.884719740573062,3.35231243113027,1.61745867181288,2.61363719231309,3.54767362482383,"private"
0.827390538225007,0.914622229013485,0.832420859804017,0.950888614131068,4.04785578261436,4.42359870286531,4.19039053891284,0.808729335906439,4.35606198718848,4.43459203102979,"private"
2.48217161467502,3.65848891605394,2.49726257941205,1.90177722826214,2.42871346956862,4.42359870286531,2.5142343233477,2.42618800771932,1.74242479487539,3.54767362482383,"private"
4.13695269112503,3.65848891605394,0.832420859804017,4.75444307065534,0.809571156522872,1.76943948114612,0.838078107782567,4.04364667953219,0.871212397437695,0.886918406205958,"private"
2.48217161467502,2.74386668704046,1.66484171960803,3.80355445652427,1.61914231304574,2.65415922171919,0.838078107782567,4.04364667953219,1.74242479487539,1.77383681241192,"private"
2.48217161467502,1.82924445802697,2.49726257941205,2.8526658423932,2.42871346956862,3.53887896229225,2.5142343233477,2.42618800771932,1.74242479487539,2.66075521861787,"private"
0.827390538225007,0.914622229013485,4.16210429902009,0.950888614131068,4.04785578261436,3.53887896229225,2.5142343233477,0.808729335906439,0.871212397437695,2.66075521861787,"private"
3.30956215290003,3.65848891605394,2.49726257941205,2.8526658423932,2.42871346956862,2.65415922171919,1.67615621556513,2.42618800771932,1.74242479487539,0.886918406205958,"private"
0.827390538225007,1.82924445802697,3.32968343921607,1.90177722826214,2.42871346956862,4.42359870286531,3.35231243113027,0.808729335906439,0.871212397437695,3.54767362482383,"private"
2.48217161467502,3.65848891605394,1.66484171960803,2.8526658423932,3.23828462609149,1.76943948114612,1.67615621556513,3.23491734362575,1.74242479487539,1.77383681241192,"private"
3.30956215290003,3.65848891605394,0.832420859804017,3.80355445652427,0.809571156522872,1.76943948114612,0.838078107782567,4.04364667953219,0.871212397437695,0.886918406205958,"private"
1.65478107645001,1.82924445802697,2.49726257941205,1.90177722826214,2.42871346956862,2.65415922171919,1.67615621556513,3.23491734362575,1.74242479487539,1.77383681241192,"private"
4.13695269112503,3.65848891605394,0.832420859804017,3.80355445652427,0.809571156522872,0.884719740573062,0.838078107782567,4.04364667953219,0.871212397437695,1.77383681241192,"private"
1.65478107645001,2.74386668704046,2.49726257941205,1.90177722826214,2.42871346956862,3.53887896229225,2.5142343233477,2.42618800771932,3.48484958975078,1.77383681241192,"private"
3.30956215290003,3.65848891605394,2.49726257941205,3.80355445652427,1.61914231304574,0.884719740573062,0.838078107782567,4.04364667953219,0.871212397437695,1.77383681241192,"private"
0.827390538225007,4.57311114506743,4.16210429902009,2.8526658423932,4.04785578261436,4.42359870286531,4.19039053891284,2.42618800771932,0.871212397437695,4.43459203102979,"private"
2.48217161467502,1.82924445802697,2.49726257941205,2.8526658423932,2.42871346956862,3.53887896229225,3.35231243113027,1.61745867181288,2.61363719231309,2.66075521861787,"private"
1.65478107645001,2.74386668704046,2.49726257941205,2.8526658423932,3.23828462609149,3.53887896229225,3.35231243113027,3.23491734362575,3.48484958975078,3.54767362482383,"private"
0.827390538225007,1.82924445802697,3.32968343921607,1.90177722826214,3.23828462609149,4.42359870286531,1.67615621556513,1.61745867181288,0.871212397437695,1.77383681241192,"private"
2.48217161467502,2.74386668704046,2.49726257941205,2.8526658423932,4.04785578261436,2.65415922171919,2.5142343233477,2.42618800771932,0.871212397437695,3.54767362482383,"private"
0.827390538225007,4.57311114506743,2.49726257941205,1.90177722826214,2.42871346956862,1.76943948114612,2.5142343233477,2.42618800771932,1.74242479487539,2.66075521861787,"private"
0.827390538225007,0.914622229013485,4.16210429902009,0.950888614131068,4.04785578261436,4.42359870286531,4.19039053891284,0.808729335906439,4.35606198718848,4.43459203102979,"private"
2.48217161467502,2.74386668704046,2.49726257941205,4.75444307065534,2.42871346956862,2.65415922171919,2.5142343233477,1.61745867181288,0.871212397437695,2.66075521861787,"private"
1.65478107645001,2.74386668704046,0.832420859804017,4.75444307065534,0.809571156522872,2.65415922171919,0.838078107782567,4.04364667953219,0.871212397437695,0.886918406205958,"private"
0.827390538225007,1.82924445802697,2.49726257941205,1.90177722826214,2.42871346956862,1.76943948114612,2.5142343233477,2.42618800771932,1.74242479487539,2.66075521861787,"private"
2.48217161467502,2.74386668704046,2.49726257941205,2.8526658423932,1.61914231304574,3.53887896229225,2.5142343233477,2.42618800771932,1.74242479487539,2.66075521861787,"private"
0.827390538225007,2.74386668704046,1.66484171960803,2.8526658423932,2.42871346956862,2.65415922171919,2.5142343233477,1.61745867181288,1.74242479487539,3.54767362482383,"private"
1.65478107645001,1.82924445802697,4.16210429902009,2.8526658423932,1.61914231304574,4.42359870286531,2.5142343233477,1.61745867181288,3.48484958975078,2.66075521861787,"private"
2.48217161467502,2.74386668704046,3.32968343921607,1.90177722826214,2.42871346956862,2.65415922171919,1.67615621556513,2.42618800771932,1.74242479487539,2.66075521861787,"private"
0.827390538225007,2.74386668704046,4.16210429902009,0.950888614131068,3.23828462609149,4.42359870286531,1.67615621556513,0.808729335906439,2.61363719231309,2.66075521861787,"private"
1.65478107645001,2.74386668704046,1.66484171960803,2.8526658423932,1.61914231304574,3.53887896229225,1.67615621556513,3.23491734362575,2.61363719231309,1.77383681241192,"private"
0.827390538225007,4.57311114506743,2.49726257941205,2.8526658423932,4.04785578261436,3.53887896229225,4.19039053891284,1.61745867181288,2.61363719231309,4.43459203102979,"private"
3.30956215290003,3.65848891605394,1.66484171960803,4.75444307065534,0.809571156522872,1.76943948114612,0.838078107782567,4.04364667953219,4.35606198718848,1.77383681241192,"private"
2.48217161467502,0.914622229013485,2.49726257941205,2.8526658423932,2.42871346956862,1.76943948114612,2.5142343233477,0.808729335906439,0.871212397437695,2.66075521861787,"private"
2.48217161467502,2.74386668704046,2.49726257941205,2.8526658423932,2.42871346956862,3.53887896229225,0.838078107782567,3.23491734362575,0.871212397437695,2.66075521861787,"private"
4.13695269112503,4.57311114506743,0.832420859804017,4.75444307065534,4.04785578261436,1.76943948114612,0.838078107782567,4.04364667953219,0.871212397437695,0.886918406205958,"private"
2.48217161467502,2.74386668704046,0.832420859804017,2.8526658423932,2.42871346956862,1.76943948114612,1.67615621556513,3.23491734362575,1.74242479487539,1.77383681241192,"private"
4.13695269112503,3.65848891605394,1.66484171960803,4.75444307065534,1.61914231304574,1.76943948114612,0.838078107782567,4.04364667953219,0.871212397437695,0.886918406205958,"private"
3.30956215290003,3.65848891605394,2.49726257941205,3.80355445652427,1.61914231304574,2.65415922171919,1.67615621556513,4.04364667953219,1.74242479487539,2.66075521861787,"private"
3.30956215290003,3.65848891605394,1.66484171960803,2.8526658423932,1.61914231304574,2.65415922171919,1.67615621556513,3.23491734362575,0.871212397437695,0.886918406205958,"private"
3.30956215290003,3.65848891605394,1.66484171960803,3.80355445652427,2.42871346956862,2.65415922171919,1.67615621556513,4.04364667953219,1.74242479487539,3.54767362482383,"private"
3.30956215290003,0.914622229013485,1.66484171960803,0.950888614131068,2.42871346956862,0.884719740573062,2.5142343233477,2.42618800771932,2.61363719231309,3.54767362482383,"private"
2.48217161467502,1.82924445802697,2.49726257941205,2.8526658423932,2.42871346956862,3.53887896229225,2.5142343233477,1.61745867181288,3.48484958975078,3.54767362482383,"private"
0.827390538225007,0.914622229013485,4.16210429902009,0.950888614131068,1.61914231304574,4.42359870286531,4.19039053891284,1.61745867181288,4.35606198718848,4.43459203102979,"private"
1.65478107645001,1.82924445802697,2.49726257941205,2.8526658423932,2.42871346956862,2.65415922171919,2.5142343233477,2.42618800771932,2.61363719231309,2.66075521861787,"private"
4.13695269112503,4.57311114506743,1.66484171960803,4.75444307065534,1.61914231304574,1.76943948114612,0.838078107782567,4.04364667953219,0.871212397437695,1.77383681241192,"private"
2.48217161467502,2.74386668704046,1.66484171960803,2.8526658423932,1.61914231304574,2.65415922171919,1.67615621556513,3.23491734362575,0.871212397437695,1.77383681241192,"private"
4.13695269112503,2.74386668704046,1.66484171960803,4.75444307065534,3.23828462609149,1.76943948114612,0.838078107782567,4.04364667953219,1.74242479487539,0.886918406205958,"private"
4.13695269112503,2.74386668704046,1.66484171960803,3.80355445652427,1.61914231304574,1.76943948114612,1.67615621556513,2.42618800771932,1.74242479487539,0.886918406205958,"private"
2.48217161467502,3.65848891605394,3.32968343921607,2.8526658423932,2.42871346956862,2.65415922171919,2.5142343233477,2.42618800771932,0.871212397437695,2.66075521861787,"private"
4.13695269112503,4.57311114506743,0.832420859804017,4.75444307065534,0.809571156522872,0.884719740573062,0.838078107782567,4.04364667953219,0.871212397437695,2.66075521861787,"private"
4.13695269112503,2.74386668704046,0.832420859804017,2.8526658423932,0.809571156522872,2.65415922171919,0.838078107782567,4.04364667953219,1.74242479487539,2.66075521861787,"private"
0.827390538225007,1.82924445802697,0.832420859804017,2.8526658423932,2.42871346956862,2.65415922171919,1.67615621556513,4.04364667953219,0.871212397437695,0.886918406205958,"private"
0.827390538225007,1.82924445802697,1.66484171960803,1.90177722826214,2.42871346956862,2.65415922171919,2.5142343233477,2.42618800771932,1.74242479487539,1.77383681241192,"private"
2.48217161467502,3.65848891605394,0.832420859804017,3.80355445652427,0.809571156522872,0.884719740573062,1.67615621556513,3.23491734362575,0.871212397437695,1.77383681241192,"private"
4.13695269112503,3.65848891605394,0.832420859804017,4.75444307065534,0.809571156522872,0.884719740573062,0.838078107782567,4.04364667953219,0.871212397437695,0.886918406205958,"private"
3.30956215290003,3.65848891605394,1.66484171960803,3.80355445652427,1.61914231304574,3.53887896229225,0.838078107782567,3.23491734362575,0.871212397437695,2.66075521861787,"private"
2.48217161467502,2.74386668704046,2.49726257941205,2.8526658423932,2.42871346956862,3.53887896229225,0.838078107782567,2.42618800771932,0.871212397437695,1.77383681241192,"private"
1.65478107645001,1.82924445802697,0.832420859804017,2.8526658423932,2.42871346956862,2.65415922171919,1.67615621556513,2.42618800771932,1.74242479487539,2.66075521861787,"private"
2.48217161467502,3.65848891605394,3.32968343921607,1.90177722826214,2.42871346956862,4.42359870286531,1.67615621556513,3.23491734362575,1.74242479487539,3.54767362482383,"private"
2.48217161467502,1.82924445802697,3.32968343921607,2.8526658423932,1.61914231304574,2.65415922171919,0.838078107782567,1.61745867181288,0.871212397437695,0.886918406205958,"private"
1.65478107645001,2.74386668704046,2.49726257941205,2.8526658423932,3.23828462609149,1.76943948114612,3.35231243113027,1.61745867181288,2.61363719231309,3.54767362482383,"private"
2.48217161467502,1.82924445802697,2.49726257941205,3.80355445652427,2.42871346956862,1.76943948114612,2.5142343233477,3.23491734362575,2.61363719231309,2.66075521861787,"private"
3.30956215290003,2.74386668704046,1.66484171960803,3.80355445652427,0.809571156522872,4.42359870286531,2.5142343233477,3.23491734362575,0.871212397437695,1.77383681241192,"private"
3.30956215290003,3.65848891605394,1.66484171960803,3.80355445652427,0.809571156522872,1.76943948114612,0.838078107782567,3.23491734362575,0.871212397437695,2.66075521861787,"private"
3.30956215290003,3.65848891605394,0.832420859804017,3.80355445652427,3.23828462609149,1.76943948114612,1.67615621556513,2.42618800771932,1.74242479487539,1.77383681241192,"private"
3.30956215290003,2.74386668704046,1.66484171960803,3.80355445652427,3.23828462609149,2.65415922171919,2.5142343233477,1.61745867181288,1.74242479487539,3.54767362482383,"private"
2.48217161467502,2.74386668704046,1.66484171960803,3.80355445652427,3.23828462609149,1.76943948114612,3.35231243113027,1.61745867181288,3.48484958975078,2.66075521861787,"private"
3.30956215290003,3.65848891605394,1.66484171960803,3.80355445652427,1.61914231304574,1.76943948114612,1.67615621556513,3.23491734362575,1.74242479487539,2.66075521861787,"private"
4.13695269112503,4.57311114506743,1.66484171960803,4.75444307065534,0.809571156522872,0.884719740573062,0.838078107782567,3.23491734362575,0.871212397437695,1.77383681241192,"private"
1.65478107645001,2.74386668704046,2.49726257941205,2.8526658423932,3.23828462609149,4.42359870286531,2.5142343233477,2.42618800771932,2.61363719231309,2.66075521861787,"private"
1.65478107645001,2.74386668704046,3.32968343921607,3.80355445652427,2.42871346956862,2.65415922171919,2.5142343233477,2.42618800771932,2.61363719231309,1.77383681241192,"private"
2.48217161467502,2.74386668704046,2.49726257941205,2.8526658423932,2.42871346956862,2.65415922171919,2.5142343233477,3.23491734362575,0.871212397437695,2.66075521861787,"private"
0.827390538225007,2.74386668704046,2.49726257941205,1.90177722826214,2.42871346956862,3.53887896229225,2.5142343233477,1.61745867181288,2.61363719231309,2.66075521861787,"private"
3.30956215290003,3.65848891605394,1.66484171960803,3.80355445652427,1.61914231304574,1.76943948114612,0.838078107782567,4.04364667953219,0.871212397437695,1.77383681241192,"private"
1.65478107645001,1.82924445802697,2.49726257941205,2.8526658423932,2.42871346956862,2.65415922171919,2.5142343233477,2.42618800771932,2.61363719231309,2.66075521861787,"private"
2.48217161467502,2.74386668704046,1.66484171960803,2.8526658423932,1.61914231304574,3.53887896229225,0.838078107782567,2.42618800771932,0.871212397437695,1.77383681241192,"private"
2.48217161467502,1.82924445802697,2.49726257941205,2.8526658423932,2.42871346956862,2.65415922171919,2.5142343233477,2.42618800771932,1.74242479487539,2.66075521861787,"private"
0.827390538225007,0.914622229013485,4.16210429902009,1.90177722826214,3.23828462609149,4.42359870286531,3.35231243113027,0.808729335906439,2.61363719231309,1.77383681241192,"private"
2.48217161467502,2.74386668704046,2.49726257941205,2.8526658423932,2.42871346956862,2.65415922171919,2.5142343233477,2.42618800771932,2.61363719231309,2.66075521861787,"private"
0.827390538225007,1.82924445802697,1.66484171960803,1.90177722826214,2.42871346956862,2.65415922171919,3.35231243113027,1.61745867181288,2.61363719231309,3.54767362482383,"private"
2.48217161467502,2.74386668704046,0.832420859804017,2.8526658423932,3.23828462609149,2.65415922171919,2.5142343233477,2.42618800771932,2.61363719231309,2.66075521861787,"private"
2.48217161467502,2.74386668704046,2.49726257941205,4.75444307065534,2.42871346956862,2.65415922171919,2.5142343233477,2.42618800771932,2.61363719231309,1.77383681241192,"private"
2.48217161467502,4.57311114506743,0.832420859804017,4.75444307065534,0.809571156522872,0.884719740573062,0.838078107782567,4.04364667953219,0.871212397437695,0.886918406205958,"private"
0.827390538225007,1.82924445802697,2.49726257941205,3.80355445652427,4.04785578261436,2.65415922171919,1.67615621556513,3.23491734362575,1.74242479487539,3.54767362482383,"private"
4.13695269112503,4.57311114506743,0.832420859804017,4.75444307065534,0.809571156522872,0.884719740573062,1.67615621556513,4.04364667953219,0.871212397437695,1.77383681241192,"private"
2.48217161467502,2.74386668704046,2.49726257941205,2.8526658423932,2.42871346956862,2.65415922171919,2.5142343233477,2.42618800771932,2.61363719231309,2.66075521861787,"private"
2.48217161467502,2.74386668704046,2.49726257941205,4.75444307065534,4.04785578261436,2.65415922171919,0.838078107782567,0.808729335906439,0.871212397437695,0.886918406205958,"private"
3.30956215290003,1.82924445802697,2.49726257941205,2.8526658423932,1.61914231304574,3.53887896229225,0.838078107782567,3.23491734362575,0.871212397437695,1.77383681241192,"private"
1.65478107645001,2.74386668704046,4.16210429902009,1.90177722826214,3.23828462609149,3.53887896229225,3.35231243113027,1.61745867181288,2.61363719231309,3.54767362482383,"private"
3.30956215290003,2.74386668704046,1.66484171960803,3.80355445652427,2.42871346956862,2.65415922171919,1.67615621556513,3.23491734362575,1.74242479487539,0.886918406205958,"private"
4.13695269112503,4.57311114506743,0.832420859804017,4.75444307065534,0.809571156522872,1.76943948114612,1.67615621556513,4.04364667953219,0.871212397437695,1.77383681241192,"private"
2.48217161467502,3.65848891605394,3.32968343921607,3.80355445652427,2.42871346956862,4.42359870286531,0.838078107782567,3.23491734362575,0.871212397437695,2.66075521861787,"private"
2.48217161467502,2.74386668704046,1.66484171960803,2.8526658423932,1.61914231304574,2.65415922171919,1.67615621556513,3.23491734362575,1.74242479487539,1.77383681241192,"private"
2.48217161467502,2.74386668704046,0.832420859804017,2.8526658423932,1.61914231304574,2.65415922171919,1.67615621556513,2.42618800771932,1.74242479487539,2.66075521861787,"private"
3.30956215290003,2.74386668704046,1.66484171960803,3.80355445652427,3.23828462609149,2.65415922171919,2.5142343233477,2.42618800771932,2.61363719231309,2.66075521861787,"private"
1.65478107645001,2.74386668704046,1.66484171960803,1.90177722826214,3.23828462609149,3.53887896229225,3.35231243113027,2.42618800771932,1.74242479487539,3.54767362482383,"private"
3.30956215290003,2.74386668704046,1.66484171960803,3.80355445652427,1.61914231304574,1.76943948114612,0.838078107782567,3.23491734362575,0.871212397437695,1.77383681241192,"private"
1.65478107645001,3.65848891605394,1.66484171960803,2.8526658423932,1.61914231304574,2.65415922171919,2.5142343233477,3.23491734362575,0.871212397437695,1.77383681241192,"private"
3.30956215290003,3.65848891605394,0.832420859804017,3.80355445652427,0.809571156522872,0.884719740573062,0.838078107782567,3.23491734362575,0.871212397437695,0.886918406205958,"private"
2.48217161467502,3.65848891605394,1.66484171960803,3.80355445652427,1.61914231304574,1.76943948114612,1.67615621556513,3.23491734362575,1.74242479487539,2.66075521861787,"private"
1.65478107645001,2.74386668704046,3.32968343921607,1.90177722826214,3.23828462609149,4.42359870286531,2.5142343233477,2.42618800771932,1.74242479487539,3.54767362482383,"private"
1.65478107645001,1.82924445802697,4.16210429902009,1.90177722826214,3.23828462609149,3.53887896229225,3.35231243113027,1.61745867181288,2.61363719231309,4.43459203102979,"private"
1.65478107645001,1.82924445802697,1.66484171960803,1.90177722826214,1.61914231304574,1.76943948114612,0.838078107782567,0.808729335906439,3.48484958975078,3.54767362482383,"private"
2.48217161467502,3.65848891605394,1.66484171960803,3.80355445652427,1.61914231304574,2.65415922171919,1.67615621556513,1.61745867181288,1.74242479487539,1.77383681241192,"private"
1.65478107645001,1.82924445802697,2.49726257941205,1.90177722826214,2.42871346956862,2.65415922171919,2.5142343233477,1.61745867181288,2.61363719231309,1.77383681241192,"private"
3.30956215290003,3.65848891605394,1.66484171960803,3.80355445652427,2.42871346956862,2.65415922171919,0.838078107782567,2.42618800771932,1.74242479487539,1.77383681241192,"private"
1.65478107645001,2.74386668704046,0.832420859804017,0.950888614131068,0.809571156522872,2.65415922171919,0.838078107782567,4.04364667953219,0.871212397437695,1.77383681241192,"private"
0.827390538225007,0.914622229013485,4.16210429902009,0.950888614131068,4.04785578261436,4.42359870286531,3.35231243113027,0.808729335906439,3.48484958975078,4.43459203102979,"private"
1.65478107645001,0.914622229013485,2.49726257941205,1.90177722826214,4.04785578261436,2.65415922171919,2.5142343233477,3.23491734362575,0.871212397437695,1.77383681241192,"private"
0.827390538225007,2.74386668704046,2.49726257941205,2.8526658423932,3.23828462609149,4.42359870286531,2.5142343233477,1.61745867181288,2.61363719231309,4.43459203102979,"private"
2.48217161467502,2.74386668704046,2.49726257941205,2.8526658423932,1.61914231304574,3.53887896229225,2.5142343233477,1.61745867181288,2.61363719231309,1.77383681241192,"private"
1.65478107645001,2.74386668704046,2.49726257941205,1.90177722826214,4.04785578261436,1.76943948114612,1.67615621556513,0.808729335906439,3.48484958975078,3.54767362482383,"private"
0.827390538225007,2.74386668704046,1.66484171960803,1.90177722826214,2.42871346956862,3.53887896229225,1.67615621556513,1.61745867181288,1.74242479487539,2.66075521861787,"private"
0.827390538225007,0.914622229013485,4.16210429902009,2.8526658423932,4.04785578261436,4.42359870286531,4.19039053891284,0.808729335906439,4.35606198718848,4.43459203102979,"private"
1.65478107645001,2.74386668704046,3.32968343921607,2.8526658423932,2.42871346956862,4.42359870286531,3.35231243113027,2.42618800771932,2.61363719231309,3.54767362482383,"private"
3.30956215290003,3.65848891605394,0.832420859804017,4.75444307065534,0.809571156522872,3.53887896229225,1.67615621556513,2.42618800771932,0.871212397437695,3.54767362482383,"private"
0.827390538225007,1.82924445802697,4.16210429902009,2.8526658423932,3.23828462609149,3.53887896229225,3.35231243113027,1.61745867181288,1.74242479487539,1.77383681241192,"private"
0.827390538225007,2.74386668704046,1.66484171960803,2.8526658423932,2.42871346956862,2.65415922171919,2.5142343233477,2.42618800771932,2.61363719231309,1.77383681241192,"private"
2.48217161467502,2.74386668704046,1.66484171960803,2.8526658423932,1.61914231304574,2.65415922171919,1.67615621556513,2.42618800771932,1.74242479487539,2.66075521861787,"private"
2.48217161467502,2.74386668704046,2.49726257941205,2.8526658423932,2.42871346956862,2.65415922171919,2.5142343233477,2.42618800771932,2.61363719231309,2.66075521861787,"private"
2.48217161467502,4.57311114506743,0.832420859804017,2.8526658423932,2.42871346956862,4.42359870286531,1.67615621556513,2.42618800771932,0.871212397437695,2.66075521861787,"private"
2.48217161467502,2.74386668704046,1.66484171960803,2.8526658423932,2.42871346956862,2.65415922171919,2.5142343233477,3.23491734362575,0.871212397437695,2.66075521861787,"private"
0.827390538225007,1.82924445802697,3.32968343921607,1.90177722826214,3.23828462609149,3.53887896229225,3.35231243113027,1.61745867181288,3.48484958975078,4.43459203102979,"private"
2.48217161467502,1.82924445802697,1.66484171960803,2.8526658423932,3.23828462609149,2.65415922171919,1.67615621556513,2.42618800771932,1.74242479487539,2.66075521861787,"private"
0.827390538225007,0.914622229013485,4.16210429902009,2.8526658423932,4.04785578261436,4.42359870286531,0.838078107782567,0.808729335906439,0.871212397437695,2.66075521861787,"private"
0.827390538225007,1.82924445802697,3.32968343921607,1.90177722826214,1.61914231304574,2.65415922171919,2.5142343233477,1.61745867181288,2.61363719231309,3.54767362482383,"private"
2.48217161467502,2.74386668704046,0.832420859804017,3.80355445652427,1.61914231304574,1.76943948114612,1.67615621556513,3.23491734362575,1.74242479487539,1.77383681241192,"private"
2.48217161467502,0.914622229013485,2.49726257941205,2.8526658423932,2.42871346956862,0.884719740573062,2.5142343233477,2.42618800771932,1.74242479487539,2.66075521861787,"private"
3.30956215290003,3.65848891605394,0.832420859804017,4.75444307065534,1.61914231304574,4.42359870286531,1.67615621556513,4.04364667953219,0.871212397437695,2.66075521861787,"private"
0.827390538225007,2.74386668704046,1.66484171960803,2.8526658423932,2.42871346956862,2.65415922171919,2.5142343233477,2.42618800771932,2.61363719231309,1.77383681241192,"private"
0.827390538225007,3.65848891605394,0.832420859804017,2.8526658423932,2.42871346956862,2.65415922171919,2.5142343233477,2.42618800771932,3.48484958975078,1.77383681241192,"private"
0.827390538225007,1.82924445802697,2.49726257941205,2.8526658423932,3.23828462609149,3.53887896229225,1.67615621556513,2.42618800771932,1.74242479487539,2.66075521861787,"private"
2.48217161467502,2.74386668704046,0.832420859804017,2.8526658423932,1.61914231304574,1.76943948114612,1.67615621556513,3.23491734362575,1.74242479487539,2.66075521861787,"private"
2.48217161467502,2.74386668704046,3.32968343921607,2.8526658423932,2.42871346956862,4.42359870286531,1.67615621556513,1.61745867181288,0.871212397437695,2.66075521861787,"private"
2.48217161467502,2.74386668704046,0.832420859804017,3.80355445652427,0.809571156522872,2.65415922171919,0.838078107782567,4.04364667953219,0.871212397437695,0.886918406205958,"private"
0.827390538225007,0.914622229013485,4.16210429902009,0.950888614131068,0.809571156522872,4.42359870286531,3.35231243113027,0.808729335906439,2.61363719231309,2.66075521861787,"private"
2.48217161467502,2.74386668704046,2.49726257941205,2.8526658423932,2.42871346956862,3.53887896229225,2.5142343233477,3.23491734362575,1.74242479487539,2.66075521861787,"private"
0.827390538225007,2.74386668704046,2.49726257941205,2.8526658423932,2.42871346956862,3.53887896229225,2.5142343233477,3.23491734362575,1.74242479487539,2.66075521861787,"private"
4.13695269112503,3.65848891605394,0.832420859804017,4.75444307065534,3.23828462609149,1.76943948114612,0.838078107782567,4.04364667953219,0.871212397437695,4.43459203102979,"private"
2.48217161467502,3.65848891605394,0.832420859804017,2.8526658423932,2.42871346956862,2.65415922171919,1.67615621556513,3.23491734362575,1.74242479487539,1.77383681241192,"private"
3.30956215290003,3.65848891605394,0.832420859804017,3.80355445652427,0.809571156522872,2.65415922171919,1.67615621556513,2.42618800771932,0.871212397437695,0.886918406205958,"private"
2.48217161467502,3.65848891605394,2.49726257941205,4.75444307065534,3.23828462609149,1.76943948114612,1.67615621556513,3.23491734362575,1.74242479487539,1.77383681241192,"private"
0.827390538225007,1.82924445802697,4.16210429902009,0.950888614131068,4.04785578261436,4.42359870286531,4.19039053891284,0.808729335906439,2.61363719231309,4.43459203102979,"private"
1.65478107645001,2.74386668704046,3.32968343921607,3.80355445652427,1.61914231304574,2.65415922171919,1.67615621556513,3.23491734362575,1.74242479487539,2.66075521861787,"private"
1.65478107645001,2.74386668704046,4.16210429902009,2.8526658423932,4.04785578261436,4.42359870286531,4.19039053891284,0.808729335906439,4.35606198718848,4.43459203102979,"private"
3.30956215290003,3.65848891605394,1.66484171960803,3.80355445652427,1.61914231304574,1.76943948114612,1.67615621556513,3.23491734362575,1.74242479487539,1.77383681241192,"private"
1.65478107645001,1.82924445802697,3.32968343921607,1.90177722826214,3.23828462609149,0.884719740573062,4.19039053891284,1.61745867181288,3.48484958975078,4.43459203102979,"private"
2.48217161467502,0.914622229013485,4.16210429902009,0.950888614131068,1.61914231304574,2.65415922171919,4.19039053891284,0.808729335906439,4.35606198718848,4.43459203102979,"private"
2.48217161467502,3.65848891605394,1.66484171960803,3.80355445652427,1.61914231304574,1.76943948114612,0.838078107782567,2.42618800771932,0.871212397437695,0.886918406205958,"private"
2.48217161467502,3.65848891605394,2.49726257941205,2.8526658423932,1.61914231304574,2.65415922171919,1.67615621556513,2.42618800771932,0.871212397437695,1.77383681241192,"private"
3.30956215290003,3.65848891605394,0.832420859804017,3.80355445652427,0.809571156522872,0.884719740573062,2.5142343233477,2.42618800771932,0.871212397437695,1.77383681241192,"private"
0.827390538225007,0.914622229013485,4.16210429902009,1.90177722826214,4.04785578261436,4.42359870286531,4.19039053891284,0.808729335906439,1.74242479487539,4.43459203102979,"private"
1.65478107645001,1.82924445802697,2.49726257941205,1.90177722826214,2.42871346956862,2.65415922171919,2.5142343233477,2.42618800771932,2.61363719231309,2.66075521861787,"private"
1.65478107645001,2.74386668704046,1.66484171960803,2.8526658423932,2.42871346956862,3.53887896229225,2.5142343233477,3.23491734362575,1.74242479487539,2.66075521861787,"private"
3.30956215290003,3.65848891605394,0.832420859804017,4.75444307065534,1.61914231304574,1.76943948114612,0.838078107782567,4.04364667953219,0.871212397437695,0.886918406205958,"private"
4.13695269112503,3.65848891605394,0.832420859804017,3.80355445652427,0.809571156522872,1.76943948114612,0.838078107782567,4.04364667953219,0.871212397437695,1.77383681241192,"private"
4.13695269112503,4.57311114506743,4.16210429902009,4.75444307065534,4.04785578261436,4.42359870286531,2.5142343233477,2.42618800771932,2.61363719231309,2.66075521861787,"private"
2.48217161467502,2.74386668704046,2.49726257941205,2.8526658423932,2.42871346956862,4.42359870286531,2.5142343233477,2.42618800771932,0.871212397437695,2.66075521861787,"private"
0.827390538225007,1.82924445802697,2.49726257941205,2.8526658423932,2.42871346956862,4.42359870286531,2.5142343233477,2.42618800771932,2.61363719231309,3.54767362482383,"private"
1.65478107645001,2.74386668704046,3.32968343921607,2.8526658423932,2.42871346956862,2.65415922171919,2.5142343233477,2.42618800771932,0.871212397437695,3.54767362482383,"private"
2.48217161467502,1.82924445802697,1.66484171960803,2.8526658423932,2.42871346956862,2.65415922171919,2.5142343233477,2.42618800771932,1.74242479487539,2.66075521861787,"private"
0.827390538225007,0.914622229013485,3.32968343921607,0.950888614131068,3.23828462609149,2.65415922171919,3.35231243113027,2.42618800771932,2.61363719231309,0.886918406205958,"private"
4.13695269112503,4.57311114506743,0.832420859804017,4.75444307065534,0.809571156522872,0.884719740573062,0.838078107782567,4.04364667953219,0.871212397437695,0.886918406205958,"private"
2.48217161467502,1.82924445802697,2.49726257941205,1.90177722826214,2.42871346956862,2.65415922171919,2.5142343233477,2.42618800771932,1.74242479487539,2.66075521861787,"private"
3.30956215290003,3.65848891605394,0.832420859804017,3.80355445652427,0.809571156522872,2.65415922171919,1.67615621556513,3.23491734362575,1.74242479487539,2.66075521861787,"private"
0.827390538225007,1.82924445802697,1.66484171960803,2.8526658423932,1.61914231304574,0.884719740573062,2.5142343233477,1.61745867181288,2.61363719231309,3.54767362482383,"private"
4.13695269112503,2.74386668704046,1.66484171960803,3.80355445652427,1.61914231304574,2.65415922171919,0.838078107782567,4.04364667953219,0.871212397437695,0.886918406205958,"private"
1.65478107645001,2.74386668704046,1.66484171960803,2.8526658423932,2.42871346956862,1.76943948114612,1.67615621556513,3.23491734362575,1.74242479487539,1.77383681241192,"private"
0.827390538225007,0.914622229013485,3.32968343921607,1.90177722826214,3.23828462609149,4.42359870286531,4.19039053891284,0.808729335906439,3.48484958975078,3.54767362482383,"private"
1.65478107645001,1.82924445802697,3.32968343921607,1.90177722826214,3.23828462609149,3.53887896229225,3.35231243113027,1.61745867181288,1.74242479487539,2.66075521861787,"private"
3.30956215290003,4.57311114506743,0.832420859804017,4.75444307065534,0.809571156522872,0.884719740573062,1.67615621556513,4.04364667953219,0.871212397437695,4.43459203102979,"private"
0.827390538225007,0.914622229013485,3.32968343921607,2.8526658423932,4.04785578261436,4.42359870286531,4.19039053891284,1.61745867181288,2.61363719231309,4.43459203102979,"private"
2.48217161467502,2.74386668704046,2.49726257941205,1.90177722826214,2.42871346956862,2.65415922171919,2.5142343233477,1.61745867181288,1.74242479487539,2.66075521861787,"private"
0.827390538225007,2.74386668704046,0.832420859804017,2.8526658423932,3.23828462609149,0.884719740573062,2.5142343233477,4.04364667953219,1.74242479487539,0.886918406205958,"private"
1.65478107645001,2.74386668704046,2.49726257941205,2.8526658423932,2.42871346956862,2.65415922171919,3.35231243113027,2.42618800771932,2.61363719231309,3.54767362482383,"private"
2.48217161467502,2.74386668704046,1.66484171960803,4.75444307065534,0.809571156522872,2.65415922171919,1.67615621556513,3.23491734362575,0.871212397437695,2.66075521861787,"private"
2.48217161467502,2.74386668704046,1.66484171960803,2.8526658423932,2.42871346956862,2.65415922171919,2.5142343233477,2.42618800771932,1.74242479487539,2.66075521861787,"private"
0.827390538225007,1.82924445802697,2.49726257941205,1.90177722826214,4.04785578261436,3.53887896229225,3.35231243113027,0.808729335906439,0.871212397437695,1.77383681241192,"private"
3.30956215290003,4.57311114506743,3.32968343921607,3.80355445652427,3.23828462609149,2.65415922171919,1.67615621556513,3.23491734362575,0.871212397437695,2.66075521861787,"private"
0.827390538225007,2.74386668704046,3.32968343921607,0.950888614131068,2.42871346956862,3.53887896229225,4.19039053891284,0.808729335906439,0.871212397437695,3.54767362482383,"private"
1.65478107645001,1.82924445802697,3.32968343921607,1.90177722826214,4.04785578261436,4.42359870286531,2.5142343233477,1.61745867181288,3.48484958975078,4.43459203102979,"private"
2.48217161467502,2.74386668704046,0.832420859804017,2.8526658423932,2.42871346956862,0.884719740573062,1.67615621556513,3.23491734362575,1.74242479487539,2.66075521861787,"private"
2.48217161467502,3.65848891605394,1.66484171960803,2.8526658423932,1.61914231304574,2.65415922171919,1.67615621556513,2.42618800771932,0.871212397437695,1.77383681241192,"private"
2.48217161467502,1.82924445802697,1.66484171960803,2.8526658423932,2.42871346956862,1.76943948114612,4.19039053891284,0.808729335906439,1.74242479487539,2.66075521861787,"private"
1.65478107645001,1.82924445802697,2.49726257941205,2.8526658423932,2.42871346956862,2.65415922171919,1.67615621556513,2.42618800771932,2.61363719231309,3.54767362482383,"private"
2.48217161467502,4.57311114506743,0.832420859804017,3.80355445652427,0.809571156522872,2.65415922171919,1.67615621556513,4.04364667953219,0.871212397437695,1.77383681241192,"private"
0.827390538225007,1.82924445802697,3.32968343921607,2.8526658423932,2.42871346956862,2.65415922171919,3.35231243113027,1.61745867181288,2.61363719231309,3.54767362482383,"private"
0.827390538225007,0.914622229013485,4.16210429902009,1.90177722826214,4.04785578261436,4.42359870286531,4.19039053891284,1.61745867181288,1.74242479487539,3.54767362482383,"private"
1.65478107645001,0.914622229013485,4.16210429902009,0.950888614131068,2.42871346956862,4.42359870286531,2.5142343233477,2.42618800771932,2.61363719231309,3.54767362482383,"private"
2.48217161467502,3.65848891605394,1.66484171960803,2.8526658423932,2.42871346956862,0.884719740573062,0.838078107782567,4.04364667953219,0.871212397437695,2.66075521861787,"private"
3.30956215290003,3.65848891605394,1.66484171960803,3.80355445652427,0.809571156522872,2.65415922171919,0.838078107782567,3.23491734362575,0.871212397437695,1.77383681241192,"private"
1.65478107645001,2.74386668704046,2.49726257941205,2.8526658423932,4.04785578261436,1.76943948114612,0.838078107782567,1.61745867181288,4.35606198718848,4.43459203102979,"private"
1.65478107645001,2.74386668704046,2.49726257941205,2.8526658423932,3.23828462609149,2.65415922171919,1.67615621556513,4.04364667953219,0.871212397437695,2.66075521861787,"private"
2.48217161467502,3.65848891605394,1.66484171960803,2.8526658423932,0.809571156522872,2.65415922171919,0.838078107782567,4.04364667953219,0.871212397437695,2.66075521861787,"private"
0.827390538225007,1.82924445802697,4.16210429902009,1.90177722826214,4.04785578261436,4.42359870286531,2.5142343233477,1.61745867181288,4.35606198718848,3.54767362482383,"private"
2.48217161467502,2.74386668704046,2.49726257941205,3.80355445652427,1.61914231304574,4.42359870286531,2.5142343233477,2.42618800771932,2.61363719231309,1.77383681241192,"private"
0.827390538225007,0.914622229013485,1.66484171960803,1.90177722826214,4.04785578261436,4.42359870286531,4.19039053891284,0.808729335906439,4.35606198718848,4.43459203102979,"private"
4.13695269112503,4.57311114506743,0.832420859804017,4.75444307065534,3.23828462609149,0.884719740573062,2.5142343233477,4.04364667953219,0.871212397437695,4.43459203102979,"private"
1.65478107645001,3.65848891605394,1.66484171960803,2.8526658423932,3.23828462609149,3.53887896229225,2.5142343233477,2.42618800771932,3.48484958975078,3.54767362482383,"private"
2.48217161467502,2.74386668704046,1.66484171960803,2.8526658423932,2.42871346956862,2.65415922171919,2.5142343233477,2.42618800771932,2.61363719231309,2.66075521861787,"private"
4.13695269112503,3.65848891605394,1.66484171960803,3.80355445652427,1.61914231304574,1.76943948114612,1.67615621556513,4.04364667953219,1.74242479487539,2.66075521861787,"private"
0.827390538225007,3.65848891605394,1.66484171960803,2.8526658423932,1.61914231304574,4.42359870286531,1.67615621556513,2.42618800771932,0.871212397437695,3.54767362482383,"private"
3.30956215290003,3.65848891605394,0.832420859804017,3.80355445652427,0.809571156522872,1.76943948114612,0.838078107782567,4.04364667953219,1.74242479487539,1.77383681241192,"private"
2.48217161467502,1.82924445802697,1.66484171960803,4.75444307065534,2.42871346956862,3.53887896229225,1.67615621556513,4.04364667953219,1.74242479487539,3.54767362482383,"private"
2.48217161467502,3.65848891605394,3.32968343921607,2.8526658423932,4.04785578261436,2.65415922171919,3.35231243113027,2.42618800771932,2.61363719231309,3.54767362482383,"private"
0.827390538225007,1.82924445802697,3.32968343921607,1.90177722826214,2.42871346956862,4.42359870286531,2.5142343233477,1.61745867181288,1.74242479487539,1.77383681241192,"private"
0.827390538225007,1.82924445802697,2.49726257941205,2.8526658423932,3.23828462609149,3.53887896229225,2.5142343233477,1.61745867181288,1.74242479487539,1.77383681241192,"private"
0.827390538225007,2.74386668704046,0.832420859804017,2.8526658423932,2.42871346956862,2.65415922171919,0.838078107782567,2.42618800771932,0.871212397437695,1.77383681241192,"private"
0.827390538225007,2.74386668704046,2.49726257941205,2.8526658423932,4.04785578261436,0.884719740573062,4.19039053891284,0.808729335906439,0.871212397437695,4.43459203102979,"private"
0.827390538225007,4.57311114506743,0.832420859804017,0.950888614131068,0.809571156522872,2.65415922171919,4.19039053891284,0.808729335906439,4.35606198718848,2.66075521861787,"private"
1.65478107645001,1.82924445802697,3.32968343921607,2.8526658423932,2.42871346956862,4.42359870286531,2.5142343233477,3.23491734362575,1.74242479487539,1.77383681241192,"private"
0.827390538225007,1.82924445802697,3.32968343921607,1.90177722826214,3.23828462609149,3.53887896229225,3.35231243113027,1.61745867181288,2.61363719231309,2.66075521861787,"private"
4.13695269112503,4.57311114506743,4.16210429902009,4.75444307065534,4.04785578261436,4.42359870286531,4.19039053891284,2.42618800771932,4.35606198718848,2.66075521861787,"private"
1.65478107645001,2.74386668704046,2.49726257941205,2.8526658423932,2.42871346956862,2.65415922171919,2.5142343233477,1.61745867181288,1.74242479487539,2.66075521861787,"private"
1.65478107645001,2.74386668704046,2.49726257941205,2.8526658423932,1.61914231304574,2.65415922171919,1.67615621556513,1.61745867181288,2.61363719231309,3.54767362482383,"private"
0.827390538225007,2.74386668704046,2.49726257941205,1.90177722826214,4.04785578261436,0.884719740573062,1.67615621556513,2.42618800771932,2.61363719231309,2.66075521861787,"private"
2.48217161467502,2.74386668704046,2.49726257941205,2.8526658423932,1.61914231304574,3.53887896229225,2.5142343233477,2.42618800771932,1.74242479487539,3.54767362482383,"private"
1.65478107645001,1.82924445802697,2.49726257941205,1.90177722826214,2.42871346956862,2.65415922171919,1.67615621556513,2.42618800771932,1.74242479487539,3.54767362482383,"private"
2.48217161467502,1.82924445802697,1.66484171960803,1.90177722826214,2.42871346956862,2.65415922171919,0.838078107782567,3.23491734362575,0.871212397437695,0.886918406205958,"private"
4.13695269112503,3.65848891605394,1.66484171960803,3.80355445652427,0.809571156522872,2.65415922171919,0.838078107782567,4.04364667953219,0.871212397437695,0.886918406205958,"private"
1.65478107645001,2.74386668704046,2.49726257941205,2.8526658423932,2.42871346956862,2.65415922171919,1.67615621556513,3.23491734362575,1.74242479487539,1.77383681241192,"private"
1.65478107645001,4.57311114506743,2.49726257941205,2.8526658423932,2.42871346956862,3.53887896229225,0.838078107782567,2.42618800771932,1.74242479487539,1.77383681241192,"private"
2.48217161467502,1.82924445802697,2.49726257941205,2.8526658423932,3.23828462609149,3.53887896229225,3.35231243113027,1.61745867181288,2.61363719231309,2.66075521861787,"private"
0.827390538225007,0.914622229013485,4.16210429902009,0.950888614131068,4.04785578261436,4.42359870286531,4.19039053891284,0.808729335906439,4.35606198718848,4.43459203102979,"private"
3.30956215290003,3.65848891605394,3.32968343921607,3.80355445652427,3.23828462609149,3.53887896229225,4.19039053891284,4.04364667953219,2.61363719231309,4.43459203102979,"private"
3.30956215290003,2.74386668704046,1.66484171960803,2.8526658423932,2.42871346956862,1.76943948114612,1.67615621556513,3.23491734362575,0.871212397437695,1.77383681241192,"private"
3.30956215290003,3.65848891605394,1.66484171960803,3.80355445652427,0.809571156522872,2.65415922171919,1.67615621556513,4.04364667953219,1.74242479487539,1.77383681241192,"private"
2.48217161467502,4.57311114506743,0.832420859804017,3.80355445652427,0.809571156522872,1.76943948114612,1.67615621556513,4.04364667953219,0.871212397437695,0.886918406205958,"private"
4.13695269112503,0.914622229013485,3.32968343921607,0.950888614131068,4.04785578261436,4.42359870286531,4.19039053891284,2.42618800771932,0.871212397437695,3.54767362482383,"private"
2.48217161467502,2.74386668704046,1.66484171960803,3.80355445652427,1.61914231304574,1.76943948114612,1.67615621556513,3.23491734362575,0.871212397437695,0.886918406205958,"private"
2.48217161467502,2.74386668704046,2.49726257941205,2.8526658423932,2.42871346956862,3.53887896229225,2.5142343233477,2.42618800771932,0.871212397437695,2.66075521861787,"private"
4.13695269112503,4.57311114506743,0.832420859804017,4.75444307065534,0.809571156522872,0.884719740573062,0.838078107782567,4.04364667953219,0.871212397437695,0.886918406205958,"private"
3.30956215290003,3.65848891605394,1.66484171960803,2.8526658423932,3.23828462609149,2.65415922171919,1.67615621556513,4.04364667953219,1.74242479487539,2.66075521861787,"private"
0.827390538225007,2.74386668704046,2.49726257941205,2.8526658423932,2.42871346956862,3.53887896229225,2.5142343233477,2.42618800771932,1.74242479487539,2.66075521861787,"private"
3.30956215290003,2.74386668704046,2.49726257941205,2.8526658423932,3.23828462609149,1.76943948114612,1.67615621556513,3.23491734362575,1.74242479487539,1.77383681241192,"private"
1.65478107645001,1.82924445802697,4.16210429902009,1.90177722826214,4.04785578261436,4.42359870286531,4.19039053891284,1.61745867181288,2.61363719231309,2.66075521861787,"private"
0.827390538225007,2.74386668704046,1.66484171960803,3.80355445652427,2.42871346956862,3.53887896229225,1.67615621556513,2.42618800771932,0.871212397437695,2.66075521861787,"private"
1.65478107645001,0.914622229013485,2.49726257941205,1.90177722826214,2.42871346956862,3.53887896229225,2.5142343233477,2.42618800771932,2.61363719231309,4.43459203102979,"private"
1.65478107645001,2.74386668704046,2.49726257941205,2.8526658423932,2.42871346956862,1.76943948114612,4.19039053891284,1.61745867181288,1.74242479487539,1.77383681241192,"private"
2.48217161467502,2.74386668704046,4.16210429902009,0.950888614131068,4.04785578261436,4.42359870286531,4.19039053891284,1.61745867181288,3.48484958975078,4.43459203102979,"private"
0.827390538225007,3.65848891605394,1.66484171960803,2.8526658423932,2.42871346956862,2.65415922171919,1.67615621556513,2.42618800771932,2.61363719231309,2.66075521861787,"private"
3.30956215290003,3.65848891605394,1.66484171960803,3.80355445652427,1.61914231304574,1.76943948114612,0.838078107782567,4.04364667953219,0.871212397437695,1.77383681241192,"private"
0.827390538225007,2.74386668704046,2.49726257941205,2.8526658423932,4.04785578261436,3.53887896229225,2.5142343233477,1.61745867181288,2.61363719231309,2.66075521861787,"private"
2.48217161467502,1.82924445802697,2.49726257941205,1.90177722826214,2.42871346956862,2.65415922171919,1.67615621556513,3.23491734362575,1.74242479487539,1.77383681241192,"private"
2.48217161467502,2.74386668704046,2.49726257941205,2.8526658423932,3.23828462609149,2.65415922171919,2.5142343233477,2.42618800771932,1.74242479487539,2.66075521861787,"private"
2.48217161467502,2.74386668704046,1.66484171960803,2.8526658423932,3.23828462609149,2.65415922171919,2.5142343233477,2.42618800771932,2.61363719231309,2.66075521861787,"private"
2.48217161467502,2.74386668704046,1.66484171960803,2.8526658423932,3.23828462609149,2.65415922171919,2.5142343233477,2.42618800771932,1.74242479487539,1.77383681241192,"private"
2.48217161467502,2.74386668704046,3.32968343921607,3.80355445652427,4.04785578261436,2.65415922171919,2.5142343233477,1.61745867181288,3.48484958975078,2.66075521861787,"private"
2.48217161467502,2.74386668704046,3.32968343921607,3.80355445652427,2.42871346956862,2.65415922171919,2.5142343233477,4.04364667953219,0.871212397437695,1.77383681241192,"private"
0.827390538225007,2.74386668704046,2.49726257941205,2.8526658423932,2.42871346956862,3.53887896229225,2.5142343233477,1.61745867181288,0.871212397437695,2.66075521861787,"private"
2.48217161467502,2.74386668704046,1.66484171960803,1.90177722826214,1.61914231304574,2.65415922171919,1.67615621556513,2.42618800771932,1.74242479487539,1.77383681241192,"private"
2.48217161467502,2.74386668704046,1.66484171960803,3.80355445652427,3.23828462609149,2.65415922171919,1.67615621556513,3.23491734362575,2.61363719231309,3.54767362482383,"private"
0.827390538225007,0.914622229013485,2.49726257941205,2.8526658423932,3.23828462609149,4.42359870286531,2.5142343233477,0.808729335906439,2.61363719231309,2.66075521861787,"private"
1.65478107645001,1.82924445802697,4.16210429902009,1.90177722826214,1.61914231304574,1.76943948114612,4.19039053891284,1.61745867181288,4.35606198718848,1.77383681241192,"private"
2.48217161467502,4.57311114506743,0.832420859804017,4.75444307065534,2.42871346956862,4.42359870286531,1.67615621556513,4.04364667953219,0.871212397437695,3.54767362482383,"private"
2.48217161467502,1.82924445802697,2.49726257941205,1.90177722826214,4.04785578261436,2.65415922171919,2.5142343233477,1.61745867181288,0.871212397437695,4.43459203102979,"private"
4.13695269112503,4.57311114506743,4.16210429902009,4.75444307065534,4.04785578261436,4.42359870286531,2.5142343233477,3.23491734362575,2.61363719231309,2.66075521861787,"private"
2.48217161467502,2.74386668704046,1.66484171960803,4.75444307065534,4.04785578261436,3.53887896229225,2.5142343233477,1.61745867181288,0.871212397437695,2.66075521861787,"private"
0.827390538225007,2.74386668704046,0.832420859804017,3.80355445652427,2.42871346956862,2.65415922171919,0.838078107782567,4.04364667953219,0.871212397437695,0.886918406205958,"private"
0.827390538225007,1.82924445802697,0.832420859804017,3.80355445652427,1.61914231304574,1.76943948114612,1.67615621556513,0.808729335906439,1.74242479487539,0.886918406205958,"private"
3.30956215290003,4.57311114506743,1.66484171960803,3.80355445652427,4.04785578261436,3.53887896229225,1.67615621556513,2.42618800771932,2.61363719231309,1.77383681241192,"private"
3.30956215290003,2.74386668704046,2.49726257941205,3.80355445652427,2.42871346956862,4.42359870286531,4.19039053891284,1.61745867181288,4.35606198718848,4.43459203102979,"private"
0.827390538225007,0.914622229013485,4.16210429902009,0.950888614131068,4.04785578261436,4.42359870286531,3.35231243113027,0.808729335906439,4.35606198718848,3.54767362482383,"private"
1.65478107645001,3.65848891605394,1.66484171960803,2.8526658423932,3.23828462609149,3.53887896229225,2.5142343233477,1.61745867181288,1.74242479487539,3.54767362482383,"private"
2.48217161467502,2.74386668704046,2.49726257941205,0.950888614131068,1.61914231304574,2.65415922171919,0.838078107782567,2.42618800771932,0.871212397437695,1.77383681241192,"private"
1.65478107645001,1.82924445802697,2.49726257941205,1.90177722826214,3.23828462609149,3.53887896229225,2.5142343233477,1.61745867181288,3.48484958975078,2.66075521861787,"private"
2.48217161467502,3.65848891605394,2.49726257941205,2.8526658423932,2.42871346956862,1.76943948114612,1.67615621556513,3.23491734362575,0.871212397437695,1.77383681241192,"private"
1.63270468104916,1.8208505337457,2.55904025409761,2.93957960964686,2.42051909246535,3.5579577885987,1.69766145350566,1.59613896328632,1.76526635423281,2.67141643083526,"public"
2.44905702157374,2.73127580061854,2.55904025409761,2.93957960964686,2.42051909246535,2.66846834144903,2.54649218025848,2.39420844492948,2.64789953134921,2.67141643083526,"public"
2.44905702157374,2.73127580061854,2.55904025409761,2.93957960964686,2.42051909246535,2.66846834144903,2.54649218025848,2.39420844492948,2.64789953134921,2.67141643083526,"public"
2.44905702157374,2.73127580061854,2.55904025409761,2.93957960964686,2.42051909246535,2.66846834144903,2.54649218025848,2.39420844492948,2.64789953134921,2.67141643083526,"public"
4.08176170262291,0.910425266872848,0.853013418032535,0.979859869882286,0.806839697488451,0.889489447149676,1.69766145350566,3.9903474082158,1.76526635423281,1.78094428722351,"public"
2.44905702157374,2.73127580061854,1.70602683606507,2.93957960964686,2.42051909246535,2.66846834144903,1.69766145350566,3.19227792657264,1.76526635423281,1.78094428722351,"public"
4.08176170262291,4.55212633436424,0.853013418032535,4.89929934941143,4.03419848744226,0.889489447149676,0.848830726752828,3.9903474082158,0.882633177116403,0.890472143611754,"public"
1.63270468104916,1.8208505337457,3.41205367213014,1.95971973976457,3.2273587899538,3.5579577885987,3.39532290701131,1.59613896328632,1.76526635423281,3.56188857444702,"public"
4.08176170262291,3.64170106749139,1.70602683606507,4.89929934941143,1.6136793949769,2.66846834144903,0.848830726752828,3.19227792657264,1.76526635423281,2.67141643083526,"public"
3.26540936209832,3.64170106749139,0.853013418032535,3.91943947952914,0.806839697488451,0.889489447149676,1.69766145350566,3.9903474082158,0.882633177116403,2.67141643083526,"public"
0.816352340524581,0.910425266872848,3.41205367213014,0.979859869882286,4.03419848744226,3.5579577885987,3.39532290701131,0.79806948164316,0.882633177116403,3.56188857444702,"public"
1.63270468104916,2.73127580061854,1.70602683606507,2.93957960964686,2.42051909246535,1.77897889429935,2.54649218025848,2.39420844492948,2.64789953134921,2.67141643083526,"public"
4.08176170262291,3.64170106749139,1.70602683606507,3.91943947952914,0.806839697488451,2.66846834144903,1.69766145350566,3.9903474082158,0.882633177116403,2.67141643083526,"public"
1.63270468104916,1.8208505337457,3.41205367213014,1.95971973976457,3.2273587899538,3.5579577885987,3.39532290701131,1.59613896328632,1.76526635423281,3.56188857444702,"public"
1.63270468104916,1.8208505337457,4.26506709016268,1.95971973976457,4.03419848744226,3.5579577885987,4.24415363376414,1.59613896328632,1.76526635423281,3.56188857444702,"public"
1.63270468104916,1.8208505337457,3.41205367213014,2.93957960964686,1.6136793949769,4.44744723574838,2.54649218025848,3.19227792657264,1.76526635423281,4.45236071805877,"public"
2.44905702157374,3.64170106749139,1.70602683606507,3.91943947952914,1.6136793949769,2.66846834144903,1.69766145350566,3.19227792657264,2.64789953134921,3.56188857444702,"public"
2.44905702157374,2.73127580061854,2.55904025409761,3.91943947952914,3.2273587899538,2.66846834144903,0.848830726752828,3.9903474082158,1.76526635423281,2.67141643083526,"public"
0.816352340524581,1.8208505337457,2.55904025409761,2.93957960964686,4.03419848744226,4.44744723574838,3.39532290701131,0.79806948164316,2.64789953134921,2.67141643083526,"public"
3.26540936209832,4.55212633436424,2.55904025409761,4.89929934941143,1.6136793949769,1.77897889429935,1.69766145350566,3.9903474082158,1.76526635423281,3.56188857444702,"public"
2.44905702157374,0.910425266872848,3.41205367213014,1.95971973976457,4.03419848744226,4.44744723574838,3.39532290701131,1.59613896328632,4.41316588558201,4.45236071805877,"public"
1.63270468104916,2.73127580061854,1.70602683606507,2.93957960964686,2.42051909246535,2.66846834144903,1.69766145350566,3.9903474082158,0.882633177116403,1.78094428722351,"public"
0.816352340524581,0.910425266872848,3.41205367213014,1.95971973976457,2.42051909246535,3.5579577885987,2.54649218025848,1.59613896328632,4.41316588558201,4.45236071805877,"public"
3.26540936209832,3.64170106749139,0.853013418032535,3.91943947952914,1.6136793949769,1.77897889429935,0.848830726752828,3.9903474082158,0.882633177116403,1.78094428722351,"public"
1.63270468104916,1.8208505337457,2.55904025409761,2.93957960964686,2.42051909246535,2.66846834144903,3.39532290701131,1.59613896328632,1.76526635423281,2.67141643083526,"public"
3.26540936209832,3.64170106749139,1.70602683606507,3.91943947952914,1.6136793949769,1.77897889429935,1.69766145350566,3.19227792657264,1.76526635423281,1.78094428722351,"public"
3.26540936209832,4.55212633436424,0.853013418032535,4.89929934941143,1.6136793949769,1.77897889429935,0.848830726752828,3.19227792657264,1.76526635423281,0.890472143611754,"public"
3.26540936209832,3.64170106749139,2.55904025409761,3.91943947952914,1.6136793949769,3.5579577885987,1.69766145350566,3.19227792657264,1.76526635423281,4.45236071805877,"public"
2.44905702157374,3.64170106749139,1.70602683606507,2.93957960964686,1.6136793949769,1.77897889429935,0.848830726752828,2.39420844492948,0.882633177116403,2.67141643083526,"public"
0.816352340524581,1.8208505337457,3.41205367213014,2.93957960964686,2.42051909246535,2.66846834144903,2.54649218025848,2.39420844492948,1.76526635423281,1.78094428722351,"public"
4.08176170262291,4.55212633436424,0.853013418032535,4.89929934941143,0.806839697488451,0.889489447149676,0.848830726752828,3.9903474082158,0.882633177116403,0.890472143611754,"public"
2.44905702157374,3.64170106749139,2.55904025409761,2.93957960964686,3.2273587899538,3.5579577885987,3.39532290701131,2.39420844492948,2.64789953134921,2.67141643083526,"public"
2.44905702157374,2.73127580061854,1.70602683606507,2.93957960964686,2.42051909246535,2.66846834144903,2.54649218025848,2.39420844492948,2.64789953134921,1.78094428722351,"public"
3.26540936209832,3.64170106749139,1.70602683606507,3.91943947952914,0.806839697488451,1.77897889429935,0.848830726752828,3.9903474082158,0.882633177116403,1.78094428722351,"public"
2.44905702157374,2.73127580061854,1.70602683606507,3.91943947952914,1.6136793949769,1.77897889429935,1.69766145350566,3.19227792657264,1.76526635423281,2.67141643083526,"public"
4.08176170262291,4.55212633436424,4.26506709016268,4.89929934941143,4.03419848744226,4.44744723574838,4.24415363376414,3.9903474082158,4.41316588558201,4.45236071805877,"public"
2.44905702157374,2.73127580061854,2.55904025409761,2.93957960964686,3.2273587899538,2.66846834144903,2.54649218025848,2.39420844492948,2.64789953134921,2.67141643083526,"public"
2.44905702157374,1.8208505337457,3.41205367213014,2.93957960964686,1.6136793949769,1.77897889429935,1.69766145350566,3.9903474082158,3.53053270846561,3.56188857444702,"public"
0.816352340524581,1.8208505337457,4.26506709016268,0.979859869882286,4.03419848744226,4.44744723574838,4.24415363376414,0.79806948164316,4.41316588558201,4.45236071805877,"public"
2.44905702157374,3.64170106749139,1.70602683606507,3.91943947952914,1.6136793949769,2.66846834144903,1.69766145350566,3.9903474082158,1.76526635423281,2.67141643083526,"public"
3.26540936209832,3.64170106749139,1.70602683606507,3.91943947952914,3.2273587899538,2.66846834144903,2.54649218025848,2.39420844492948,0.882633177116403,1.78094428722351,"public"
4.08176170262291,4.55212633436424,1.70602683606507,3.91943947952914,1.6136793949769,0.889489447149676,0.848830726752828,3.9903474082158,0.882633177116403,1.78094428722351,"public"
3.26540936209832,3.64170106749139,3.41205367213014,3.91943947952914,1.6136793949769,4.44744723574838,1.69766145350566,2.39420844492948,0.882633177116403,2.67141643083526,"public"
3.26540936209832,3.64170106749139,0.853013418032535,4.89929934941143,1.6136793949769,2.66846834144903,0.848830726752828,3.9903474082158,0.882633177116403,1.78094428722351,"public"
4.08176170262291,4.55212633436424,1.70602683606507,4.89929934941143,0.806839697488451,1.77897889429935,0.848830726752828,3.9903474082158,0.882633177116403,0.890472143611754,"public"
4.08176170262291,3.64170106749139,1.70602683606507,4.89929934941143,1.6136793949769,1.77897889429935,1.69766145350566,3.9903474082158,1.76526635423281,1.78094428722351,"public"
2.44905702157374,1.8208505337457,3.41205367213014,1.95971973976457,2.42051909246535,3.5579577885987,2.54649218025848,2.39420844492948,2.64789953134921,3.56188857444702,"public"
4.08176170262291,4.55212633436424,4.26506709016268,4.89929934941143,0.806839697488451,0.889489447149676,0.848830726752828,3.9903474082158,0.882633177116403,0.890472143611754,"public"
2.44905702157374,3.64170106749139,1.70602683606507,2.93957960964686,3.2273587899538,3.5579577885987,1.69766145350566,2.39420844492948,1.76526635423281,2.67141643083526,"public"
4.08176170262291,4.55212633436424,0.853013418032535,4.89929934941143,0.806839697488451,0.889489447149676,0.848830726752828,3.9903474082158,0.882633177116403,1.78094428722351,"public"
4.08176170262291,4.55212633436424,0.853013418032535,3.91943947952914,0.806839697488451,1.77897889429935,0.848830726752828,3.9903474082158,0.882633177116403,0.890472143611754,"public"
0.816352340524581,0.910425266872848,4.26506709016268,2.93957960964686,0.806839697488451,3.5579577885987,2.54649218025848,1.59613896328632,2.64789953134921,0.890472143611754,"public"
3.26540936209832,3.64170106749139,1.70602683606507,3.91943947952914,1.6136793949769,1.77897889429935,1.69766145350566,3.19227792657264,1.76526635423281,2.67141643083526,"public"
3.26540936209832,3.64170106749139,3.41205367213014,2.93957960964686,1.6136793949769,4.44744723574838,1.69766145350566,3.19227792657264,1.76526635423281,1.78094428722351,"public"
1.63270468104916,2.73127580061854,1.70602683606507,3.91943947952914,1.6136793949769,3.5579577885987,1.69766145350566,2.39420844492948,0.882633177116403,4.45236071805877,"public"
3.26540936209832,4.55212633436424,1.70602683606507,1.95971973976457,0.806839697488451,1.77897889429935,0.848830726752828,3.9903474082158,0.882633177116403,1.78094428722351,"public"
1.63270468104916,2.73127580061854,1.70602683606507,2.93957960964686,3.2273587899538,3.5579577885987,3.39532290701131,1.59613896328632,2.64789953134921,3.56188857444702,"public"
2.44905702157374,3.64170106749139,2.55904025409761,3.91943947952914,4.03419848744226,4.44744723574838,2.54649218025848,1.59613896328632,1.76526635423281,2.67141643083526,"public"
0.816352340524581,0.910425266872848,4.26506709016268,1.95971973976457,0.806839697488451,4.44744723574838,4.24415363376414,0.79806948164316,1.76526635423281,1.78094428722351,"public"
2.44905702157374,1.8208505337457,1.70602683606507,2.93957960964686,2.42051909246535,2.66846834144903,1.69766145350566,2.39420844492948,2.64789953134921,1.78094428722351,"public"
2.44905702157374,4.55212633436424,4.26506709016268,4.89929934941143,4.03419848744226,3.5579577885987,0.848830726752828,3.9903474082158,0.882633177116403,0.890472143611754,"public"
3.26540936209832,2.73127580061854,1.70602683606507,3.91943947952914,2.42051909246535,0.889489447149676,2.54649218025848,2.39420844492948,1.76526635423281,2.67141643083526,"public"
1.63270468104916,1.8208505337457,0.853013418032535,2.93957960964686,2.42051909246535,1.77897889429935,2.54649218025848,1.59613896328632,1.76526635423281,2.67141643083526,"public"
4.08176170262291,4.55212633436424,0.853013418032535,4.89929934941143,0.806839697488451,0.889489447149676,0.848830726752828,3.9903474082158,0.882633177116403,0.890472143611754,"public"
0.816352340524581,0.910425266872848,2.55904025409761,1.95971973976457,4.03419848744226,3.5579577885987,3.39532290701131,1.59613896328632,2.64789953134921,2.67141643083526,"public"
2.44905702157374,1.8208505337457,4.26506709016268,1.95971973976457,2.42051909246535,4.44744723574838,2.54649218025848,1.59613896328632,1.76526635423281,3.56188857444702,"public"
2.44905702157374,2.73127580061854,2.55904025409761,3.91943947952914,1.6136793949769,2.66846834144903,0.848830726752828,3.9903474082158,0.882633177116403,0.890472143611754,"public"
4.08176170262291,4.55212633436424,0.853013418032535,3.91943947952914,0.806839697488451,2.66846834144903,0.848830726752828,3.9903474082158,0.882633177116403,0.890472143611754,"public"
3.26540936209832,3.64170106749139,1.70602683606507,3.91943947952914,2.42051909246535,2.66846834144903,0.848830726752828,3.19227792657264,0.882633177116403,2.67141643083526,"public"
1.63270468104916,1.8208505337457,3.41205367213014,2.93957960964686,2.42051909246535,3.5579577885987,1.69766145350566,3.19227792657264,1.76526635423281,2.67141643083526,"public"
4.08176170262291,4.55212633436424,0.853013418032535,4.89929934941143,0.806839697488451,0.889489447149676,0.848830726752828,3.9903474082158,0.882633177116403,0.890472143611754,"public"
2.44905702157374,1.8208505337457,3.41205367213014,3.91943947952914,3.2273587899538,3.5579577885987,1.69766145350566,2.39420844492948,1.76526635423281,3.56188857444702,"public"
2.44905702157374,4.55212633436424,1.70602683606507,3.91943947952914,1.6136793949769,3.5579577885987,3.39532290701131,3.19227792657264,1.76526635423281,4.45236071805877,"public"
3.26540936209832,3.64170106749139,1.70602683606507,3.91943947952914,1.6136793949769,1.77897889429935,1.69766145350566,3.19227792657264,1.76526635423281,1.78094428722351,"public"
0.816352340524581,0.910425266872848,3.41205367213014,1.95971973976457,4.03419848744226,4.44744723574838,2.54649218025848,1.59613896328632,4.41316588558201,3.56188857444702,"public"
1.63270468104916,0.910425266872848,2.55904025409761,1.95971973976457,3.2273587899538,4.44744723574838,4.24415363376414,3.19227792657264,4.41316588558201,4.45236071805877,"public"
4.08176170262291,4.55212633436424,1.70602683606507,4.89929934941143,1.6136793949769,1.77897889429935,1.69766145350566,3.19227792657264,1.76526635423281,1.78094428722351,"public"
3.26540936209832,3.64170106749139,1.70602683606507,3.91943947952914,1.6136793949769,2.66846834144903,0.848830726752828,3.19227792657264,1.76526635423281,1.78094428722351,"public"
0.816352340524581,1.8208505337457,4.26506709016268,1.95971973976457,3.2273587899538,3.5579577885987,1.69766145350566,1.59613896328632,1.76526635423281,2.67141643083526,"public"
2.44905702157374,2.73127580061854,2.55904025409761,2.93957960964686,2.42051909246535,2.66846834144903,2.54649218025848,3.19227792657264,2.64789953134921,2.67141643083526,"public"
3.26540936209832,2.73127580061854,2.55904025409761,2.93957960964686,2.42051909246535,2.66846834144903,2.54649218025848,3.19227792657264,1.76526635423281,2.67141643083526,"public"
0.816352340524581,0.910425266872848,4.26506709016268,0.979859869882286,4.03419848744226,4.44744723574838,2.54649218025848,0.79806948164316,0.882633177116403,4.45236071805877,"public"
3.26540936209832,4.55212633436424,1.70602683606507,3.91943947952914,1.6136793949769,2.66846834144903,1.69766145350566,3.9903474082158,1.76526635423281,2.67141643083526,"public"
2.44905702157374,2.73127580061854,1.70602683606507,2.93957960964686,1.6136793949769,2.66846834144903,1.69766145350566,3.19227792657264,1.76526635423281,2.67141643083526,"public"
2.44905702157374,3.64170106749139,1.70602683606507,2.93957960964686,1.6136793949769,1.77897889429935,0.848830726752828,2.39420844492948,2.64789953134921,2.67141643083526,"public"
3.26540936209832,3.64170106749139,1.70602683606507,3.91943947952914,1.6136793949769,2.66846834144903,0.848830726752828,3.9903474082158,1.76526635423281,1.78094428722351,"public"
3.26540936209832,2.73127580061854,1.70602683606507,3.91943947952914,1.6136793949769,2.66846834144903,0.848830726752828,3.19227792657264,0.882633177116403,1.78094428722351,"public"
4.08176170262291,4.55212633436424,0.853013418032535,4.89929934941143,2.42051909246535,0.889489447149676,0.848830726752828,3.9903474082158,0.882633177116403,0.890472143611754,"public"
3.26540936209832,3.64170106749139,1.70602683606507,4.89929934941143,0.806839697488451,1.77897889429935,1.69766145350566,3.9903474082158,1.76526635423281,1.78094428722351,"public"
4.08176170262291,4.55212633436424,1.70602683606507,4.89929934941143,0.806839697488451,2.66846834144903,0.848830726752828,3.9903474082158,0.882633177116403,1.78094428722351,"public"
0.816352340524581,0.910425266872848,4.26506709016268,0.979859869882286,3.2273587899538,4.44744723574838,3.39532290701131,0.79806948164316,3.53053270846561,3.56188857444702,"public"
3.26540936209832,3.64170106749139,1.70602683606507,3.91943947952914,1.6136793949769,1.77897889429935,1.69766145350566,3.9903474082158,1.76526635423281,1.78094428722351,"public"
3.26540936209832,2.73127580061854,1.70602683606507,3.91943947952914,1.6136793949769,2.66846834144903,1.69766145350566,3.9903474082158,1.76526635423281,1.78094428722351,"public"
2.44905702157374,2.73127580061854,3.41205367213014,1.95971973976457,2.42051909246535,3.5579577885987,1.69766145350566,3.19227792657264,1.76526635423281,3.56188857444702,"public"
3.26540936209832,3.64170106749139,1.70602683606507,3.91943947952914,2.42051909246535,1.77897889429935,1.69766145350566,2.39420844492948,0.882633177116403,1.78094428722351,"public"
1.63270468104916,1.8208505337457,2.55904025409761,0.979859869882286,4.03419848744226,2.66846834144903,1.69766145350566,0.79806948164316,4.41316588558201,1.78094428722351,"public"
2.44905702157374,3.64170106749139,1.70602683606507,2.93957960964686,2.42051909246535,1.77897889429935,1.69766145350566,2.39420844492948,1.76526635423281,1.78094428722351,"public"
1.63270468104916,2.73127580061854,3.41205367213014,2.93957960964686,2.42051909246535,3.5579577885987,2.54649218025848,2.39420844492948,1.76526635423281,3.56188857444702,"public"
0.816352340524581,2.73127580061854,4.26506709016268,2.93957960964686,2.42051909246535,4.44744723574838,3.39532290701131,1.59613896328632,2.64789953134921,2.67141643083526,"public"
0.816352340524581,1.8208505337457,3.41205367213014,2.93957960964686,3.2273587899538,3.5579577885987,2.54649218025848,2.39420844492948,2.64789953134921,2.67141643083526,"public"
3.26540936209832,3.64170106749139,1.70602683606507,2.93957960964686,2.42051909246535,4.44744723574838,2.54649218025848,1.59613896328632,1.76526635423281,2.67141643083526,"public"
2.44905702157374,2.73127580061854,1.70602683606507,3.91943947952914,1.6136793949769,1.77897889429935,1.69766145350566,3.19227792657264,0.882633177116403,2.67141643083526,"public"
0.816352340524581,2.73127580061854,1.70602683606507,3.91943947952914,2.42051909246535,1.77897889429935,1.69766145350566,1.59613896328632,1.76526635423281,2.67141643083526,"public"
1.63270468104916,4.55212633436424,0.853013418032535,2.93957960964686,3.2273587899538,2.66846834144903,0.848830726752828,3.19227792657264,2.64789953134921,2.67141643083526,"public"
1.63270468104916,2.73127580061854,3.41205367213014,2.93957960964686,2.42051909246535,3.5579577885987,3.39532290701131,1.59613896328632,3.53053270846561,2.67141643083526,"public"
2.44905702157374,2.73127580061854,2.55904025409761,2.93957960964686,2.42051909246535,2.66846834144903,2.54649218025848,2.39420844492948,2.64789953134921,2.67141643083526,"public"
4.08176170262291,3.64170106749139,1.70602683606507,3.91943947952914,1.6136793949769,1.77897889429935,0.848830726752828,3.19227792657264,1.76526635423281,2.67141643083526,"public"
3.26540936209832,2.73127580061854,2.55904025409761,2.93957960964686,0.806839697488451,2.66846834144903,1.69766145350566,2.39420844492948,0.882633177116403,0.890472143611754,"public"
2.44905702157374,2.73127580061854,1.70602683606507,3.91943947952914,1.6136793949769,2.66846834144903,0.848830726752828,3.9903474082158,1.76526635423281,1.78094428722351,"public"
1.63270468104916,2.73127580061854,1.70602683606507,2.93957960964686,0.806839697488451,2.66846834144903,2.54649218025848,3.19227792657264,1.76526635423281,1.78094428722351,"public"
2.44905702157374,2.73127580061854,0.853013418032535,2.93957960964686,0.806839697488451,2.66846834144903,1.69766145350566,3.19227792657264,2.64789953134921,1.78094428722351,"public"
4.08176170262291,4.55212633436424,0.853013418032535,4.89929934941143,0.806839697488451,0.889489447149676,0.848830726752828,3.9903474082158,0.882633177116403,0.890472143611754,"public"
2.44905702157374,3.64170106749139,3.41205367213014,3.91943947952914,1.6136793949769,2.66846834144903,1.69766145350566,3.19227792657264,0.882633177116403,0.890472143611754,"public"
2.44905702157374,2.73127580061854,2.55904025409761,2.93957960964686,2.42051909246535,2.66846834144903,3.39532290701131,1.59613896328632,3.53053270846561,4.45236071805877,"public"
3.26540936209832,3.64170106749139,1.70602683606507,3.91943947952914,0.806839697488451,2.66846834144903,0.848830726752828,3.9903474082158,0.882633177116403,2.67141643083526,"public"
0.816352340524581,0.910425266872848,2.55904025409761,0.979859869882286,1.6136793949769,0.889489447149676,0.848830726752828,0.79806948164316,0.882633177116403,2.67141643083526,"public"
3.26540936209832,2.73127580061854,2.55904025409761,2.93957960964686,2.42051909246535,2.66846834144903,1.69766145350566,2.39420844492948,1.76526635423281,3.56188857444702,"public"
4.08176170262291,3.64170106749139,0.853013418032535,2.93957960964686,0.806839697488451,1.77897889429935,0.848830726752828,3.9903474082158,0.882633177116403,1.78094428722351,"public"
2.44905702157374,1.8208505337457,2.55904025409761,1.95971973976457,2.42051909246535,2.66846834144903,1.69766145350566,2.39420844492948,2.64789953134921,2.67141643083526,"public"
2.44905702157374,2.73127580061854,3.41205367213014,2.93957960964686,3.2273587899538,2.66846834144903,3.39532290701131,2.39420844492948,1.76526635423281,2.67141643083526,"public"
1.63270468104916,2.73127580061854,2.55904025409761,2.93957960964686,2.42051909246535,1.77897889429935,2.54649218025848,3.19227792657264,1.76526635423281,2.67141643083526,"public"
2.44905702157374,4.55212633436424,0.853013418032535,4.89929934941143,2.42051909246535,0.889489447149676,2.54649218025848,3.9903474082158,0.882633177116403,1.78094428722351,"public"
3.26540936209832,2.73127580061854,1.70602683606507,2.93957960964686,1.6136793949769,3.5579577885987,2.54649218025848,3.9903474082158,0.882633177116403,1.78094428722351,"public"
0.816352340524581,2.73127580061854,3.41205367213014,2.93957960964686,4.03419848744226,4.44744723574838,3.39532290701131,1.59613896328632,0.882633177116403,2.67141643083526,"public"
4.08176170262291,2.73127580061854,2.55904025409761,2.93957960964686,1.6136793949769,1.77897889429935,0.848830726752828,3.9903474082158,0.882633177116403,1.78094428722351,"public"
1.63270468104916,1.8208505337457,2.55904025409761,2.93957960964686,2.42051909246535,2.66846834144903,2.54649218025848,2.39420844492948,1.76526635423281,1.78094428722351,"public"
4.08176170262291,4.55212633436424,0.853013418032535,4.89929934941143,0.806839697488451,0.889489447149676,0.848830726752828,3.9903474082158,0.882633177116403,0.890472143611754,"public"
2.44905702157374,2.73127580061854,2.55904025409761,3.91943947952914,2.42051909246535,2.66846834144903,1.69766145350566,3.19227792657264,2.64789953134921,1.78094428722351,"public"
1.63270468104916,2.73127580061854,1.70602683606507,2.93957960964686,2.42051909246535,2.66846834144903,1.69766145350566,3.9903474082158,1.76526635423281,1.78094428722351,"public"
4.08176170262291,3.64170106749139,0.853013418032535,0.979859869882286,1.6136793949769,2.66846834144903,0.848830726752828,3.9903474082158,0.882633177116403,1.78094428722351,"public"
4.08176170262291,2.73127580061854,1.70602683606507,3.91943947952914,0.806839697488451,3.5579577885987,0.848830726752828,3.9903474082158,0.882633177116403,0.890472143611754,"public"
3.26540936209832,3.64170106749139,1.70602683606507,3.91943947952914,0.806839697488451,1.77897889429935,0.848830726752828,3.9903474082158,0.882633177116403,1.78094428722351,"public"
4.08176170262291,4.55212633436424,0.853013418032535,4.89929934941143,0.806839697488451,0.889489447149676,0.848830726752828,3.9903474082158,0.882633177116403,0.890472143611754,"public"
3.26540936209832,4.55212633436424,3.41205367213014,3.91943947952914,3.2273587899538,3.5579577885987,3.39532290701131,3.19227792657264,3.53053270846561,3.56188857444702,"public"
4.08176170262291,3.64170106749139,1.70602683606507,3.91943947952914,0.806839697488451,2.66846834144903,0.848830726752828,3.9903474082158,0.882633177116403,0.890472143611754,"public"
3.26540936209832,3.64170106749139,0.853013418032535,3.91943947952914,0.806839697488451,1.77897889429935,0.848830726752828,3.9903474082158,0.882633177116403,1.78094428722351,"public"
2.44905702157374,2.73127580061854,3.41205367213014,3.91943947952914,1.6136793949769,2.66846834144903,0.848830726752828,3.9903474082158,1.76526635423281,4.45236071805877,"public"
1.63270468104916,2.73127580061854,1.70602683606507,2.93957960964686,2.42051909246535,1.77897889429935,2.54649218025848,3.19227792657264,2.64789953134921,2.67141643083526,"public"
3.26540936209832,3.64170106749139,1.70602683606507,3.91943947952914,1.6136793949769,1.77897889429935,1.69766145350566,3.9903474082158,1.76526635423281,1.78094428722351,"public"
2.44905702157374,2.73127580061854,2.55904025409761,2.93957960964686,2.42051909246535,2.66846834144903,2.54649218025848,2.39420844492948,2.64789953134921,2.67141643083526,"public"
0.816352340524581,3.64170106749139,1.70602683606507,2.93957960964686,2.42051909246535,1.77897889429935,3.39532290701131,1.59613896328632,3.53053270846561,2.67141643083526,"public"
4.08176170262291,3.64170106749139,1.70602683606507,2.93957960964686,1.6136793949769,3.5579577885987,0.848830726752828,2.39420844492948,0.882633177116403,2.67141643083526,"public"
0.816352340524581,0.910425266872848,4.26506709016268,0.979859869882286,4.03419848744226,4.44744723574838,4.24415363376414,0.79806948164316,4.41316588558201,4.45236071805877,"public"
2.44905702157374,1.8208505337457,3.41205367213014,1.95971973976457,2.42051909246535,1.77897889429935,1.69766145350566,3.19227792657264,0.882633177116403,1.78094428722351,"public"
1.63270468104916,1.8208505337457,2.55904025409761,1.95971973976457,2.42051909246535,3.5579577885987,1.69766145350566,1.59613896328632,2.64789953134921,2.67141643083526,"public"
4.08176170262291,2.73127580061854,2.55904025409761,3.91943947952914,3.2273587899538,3.5579577885987,2.54649218025848,3.19227792657264,3.53053270846561,2.67141643083526,"public"
1.63270468104916,2.73127580061854,3.41205367213014,2.93957960964686,4.03419848744226,4.44744723574838,4.24415363376414,2.39420844492948,2.64789953134921,1.78094428722351,"public"
4.08176170262291,4.55212633436424,0.853013418032535,4.89929934941143,0.806839697488451,0.889489447149676,0.848830726752828,3.9903474082158,0.882633177116403,0.890472143611754,"public"
3.26540936209832,4.55212633436424,0.853013418032535,4.89929934941143,0.806839697488451,0.889489447149676,0.848830726752828,3.9903474082158,0.882633177116403,0.890472143611754,"public"
2.44905702157374,3.64170106749139,1.70602683606507,2.93957960964686,1.6136793949769,2.66846834144903,1.69766145350566,2.39420844492948,1.76526635423281,2.67141643083526,"public"
0.816352340524581,0.910425266872848,4.26506709016268,1.95971973976457,1.6136793949769,3.5579577885987,3.39532290701131,0.79806948164316,2.64789953134921,0.890472143611754,"public"
2.44905702157374,2.73127580061854,1.70602683606507,3.91943947952914,1.6136793949769,2.66846834144903,0.848830726752828,3.9903474082158,0.882633177116403,0.890472143611754,"public"
1.63270468104916,1.8208505337457,2.55904025409761,1.95971973976457,2.42051909246535,2.66846834144903,3.39532290701131,2.39420844492948,3.53053270846561,3.56188857444702,"public"
2.44905702157374,0.910425266872848,3.41205367213014,2.93957960964686,2.42051909246535,4.44744723574838,2.54649218025848,2.39420844492948,1.76526635423281,3.56188857444702,"public"
2.44905702157374,0.910425266872848,4.26506709016268,2.93957960964686,4.03419848744226,2.66846834144903,2.54649218025848,3.9903474082158,0.882633177116403,0.890472143611754,"public"
1.63270468104916,2.73127580061854,3.41205367213014,2.93957960964686,4.03419848744226,1.77897889429935,4.24415363376414,3.9903474082158,3.53053270846561,4.45236071805877,"public"
1.63270468104916,0.910425266872848,2.55904025409761,2.93957960964686,1.6136793949769,2.66846834144903,1.69766145350566,3.19227792657264,0.882633177116403,2.67141643083526,"public"
1.63270468104916,2.73127580061854,1.70602683606507,2.93957960964686,2.42051909246535,2.66846834144903,2.54649218025848,2.39420844492948,1.76526635423281,2.67141643083526,"public"
2.44905702157374,3.64170106749139,1.70602683606507,2.93957960964686,1.6136793949769,2.66846834144903,1.69766145350566,2.39420844492948,1.76526635423281,2.67141643083526,"public"
2.44905702157374,2.73127580061854,1.70602683606507,2.93957960964686,2.42051909246535,1.77897889429935,2.54649218025848,1.59613896328632,0.882633177116403,0.890472143611754,"public"
0.816352340524581,0.910425266872848,4.26506709016268,0.979859869882286,4.03419848744226,0.889489447149676,3.39532290701131,0.79806948164316,1.76526635423281,2.67141643083526,"public"
2.44905702157374,2.73127580061854,2.55904025409761,2.93957960964686,2.42051909246535,1.77897889429935,0.848830726752828,2.39420844492948,0.882633177116403,0.890472143611754,"public"
0.816352340524581,1.8208505337457,2.55904025409761,1.95971973976457,2.42051909246535,2.66846834144903,2.54649218025848,1.59613896328632,1.76526635423281,3.56188857444702,"public"
3.26540936209832,2.73127580061854,1.70602683606507,3.91943947952914,1.6136793949769,2.66846834144903,1.69766145350566,3.9903474082158,0.882633177116403,3.56188857444702,"public"
0.816352340524581,0.910425266872848,3.41205367213014,0.979859869882286,1.6136793949769,4.44744723574838,4.24415363376414,0.79806948164316,4.41316588558201,4.45236071805877,"public"
1.63270468104916,2.73127580061854,2.55904025409761,1.95971973976457,3.2273587899538,2.66846834144903,3.39532290701131,2.39420844492948,1.76526635423281,2.67141643083526,"public"
0.816352340524581,1.8208505337457,2.55904025409761,2.93957960964686,2.42051909246535,3.5579577885987,2.54649218025848,3.9903474082158,4.41316588558201,4.45236071805877,"public"
2.44905702157374,2.73127580061854,3.41205367213014,2.93957960964686,2.42051909246535,4.44744723574838,1.69766145350566,1.59613896328632,3.53053270846561,2.67141643083526,"public"
2.44905702157374,2.73127580061854,1.70602683606507,2.93957960964686,1.6136793949769,2.66846834144903,1.69766145350566,3.19227792657264,0.882633177116403,1.78094428722351,"public"
3.26540936209832,1.8208505337457,4.26506709016268,3.91943947952914,3.2273587899538,3.5579577885987,3.39532290701131,1.59613896328632,0.882633177116403,3.56188857444702,"public"
0.816352340524581,1.8208505337457,3.41205367213014,1.95971973976457,3.2273587899538,3.5579577885987,3.39532290701131,1.59613896328632,3.53053270846561,2.67141643083526,"public"
0.816352340524581,1.8208505337457,2.55904025409761,1.95971973976457,1.6136793949769,2.66846834144903,4.24415363376414,1.59613896328632,0.882633177116403,1.78094428722351,"public"
3.26540936209832,3.64170106749139,2.55904025409761,3.91943947952914,2.42051909246535,2.66846834144903,1.69766145350566,3.19227792657264,1.76526635423281,3.56188857444702,"public"
2.44905702157374,2.73127580061854,1.70602683606507,2.93957960964686,1.6136793949769,1.77897889429935,2.54649218025848,3.19227792657264,0.882633177116403,2.67141643083526,"public"
2.44905702157374,2.73127580061854,1.70602683606507,2.93957960964686,1.6136793949769,1.77897889429935,0.848830726752828,3.9903474082158,1.76526635423281,1.78094428722351,"public"
0.816352340524581,1.8208505337457,4.26506709016268,1.95971973976457,4.03419848744226,3.5579577885987,3.39532290701131,1.59613896328632,3.53053270846561,4.45236071805877,"public"
3.26540936209832,3.64170106749139,2.55904025409761,3.91943947952914,2.42051909246535,3.5579577885987,4.24415363376414,2.39420844492948,4.41316588558201,2.67141643083526,"public"
2.44905702157374,3.64170106749139,2.55904025409761,3.91943947952914,1.6136793949769,2.66846834144903,0.848830726752828,3.19227792657264,0.882633177116403,0.890472143611754,"public"
3.26540936209832,2.73127580061854,3.41205367213014,2.93957960964686,2.42051909246535,3.5579577885987,1.69766145350566,3.19227792657264,0.882633177116403,4.45236071805877,"public"
1.63270468104916,1.8208505337457,3.41205367213014,2.93957960964686,2.42051909246535,3.5579577885987,2.54649218025848,1.59613896328632,1.76526635423281,3.56188857444702,"public"
3.26540936209832,2.73127580061854,1.70602683606507,2.93957960964686,1.6136793949769,4.44744723574838,0.848830726752828,3.19227792657264,1.76526635423281,2.67141643083526,"public"
2.44905702157374,3.64170106749139,3.41205367213014,3.91943947952914,3.2273587899538,3.5579577885987,3.39532290701131,3.19227792657264,3.53053270846561,4.45236071805877,"public"
3.26540936209832,4.55212633436424,1.70602683606507,4.89929934941143,0.806839697488451,1.77897889429935,1.69766145350566,3.9903474082158,0.882633177116403,0.890472143611754,"public"
3.26540936209832,3.64170106749139,0.853013418032535,3.91943947952914,1.6136793949769,1.77897889429935,0.848830726752828,3.19227792657264,1.76526635423281,0.890472143611754,"public"
4.08176170262291,4.55212633436424,0.853013418032535,4.89929934941143,0.806839697488451,0.889489447149676,0.848830726752828,3.9903474082158,0.882633177116403,0.890472143611754,"public"
2.44905702157374,2.73127580061854,0.853013418032535,3.91943947952914,0.806839697488451,2.66846834144903,0.848830726752828,3.9903474082158,0.882633177116403,1.78094428722351,"public"
2.44905702157374,2.73127580061854,2.55904025409761,2.93957960964686,1.6136793949769,2.66846834144903,1.69766145350566,3.19227792657264,1.76526635423281,2.67141643083526,"public"
4.08176170262291,4.55212633436424,0.853013418032535,4.89929934941143,0.806839697488451,1.77897889429935,1.69766145350566,3.9903474082158,1.76526635423281,2.67141643083526,"public"
3.26540936209832,3.64170106749139,0.853013418032535,3.91943947952914,1.6136793949769,3.5579577885987,0.848830726752828,3.19227792657264,0.882633177116403,1.78094428722351,"public"
2.44905702157374,2.73127580061854,1.70602683606507,2.93957960964686,2.42051909246535,2.66846834144903,2.54649218025848,2.39420844492948,1.76526635423281,2.67141643083526,"public"
3.26540936209832,2.73127580061854,2.55904025409761,2.93957960964686,1.6136793949769,1.77897889429935,0.848830726752828,3.9903474082158,0.882633177116403,1.78094428722351,"public"
4.08176170262291,4.55212633436424,0.853013418032535,4.89929934941143,0.806839697488451,0.889489447149676,0.848830726752828,3.19227792657264,0.882633177116403,1.78094428722351,"public"
4.08176170262291,4.55212633436424,0.853013418032535,3.91943947952914,1.6136793949769,2.66846834144903,0.848830726752828,3.9903474082158,1.76526635423281,1.78094428722351,"public"
2.44905702157374,3.64170106749139,1.70602683606507,2.93957960964686,2.42051909246535,2.66846834144903,1.69766145350566,2.39420844492948,0.882633177116403,1.78094428722351,"public"
3.26540936209832,3.64170106749139,0.853013418032535,3.91943947952914,0.806839697488451,1.77897889429935,0.848830726752828,3.9903474082158,0.882633177116403,0.890472143611754,"public"
3.26540936209832,3.64170106749139,3.41205367213014,3.91943947952914,3.2273587899538,3.5579577885987,3.39532290701131,3.19227792657264,3.53053270846561,3.56188857444702,"public"
2.44905702157374,3.64170106749139,0.853013418032535,2.93957960964686,0.806839697488451,1.77897889429935,1.69766145350566,2.39420844492948,0.882633177116403,2.67141643083526,"public"
2.44905702157374,2.73127580061854,1.70602683606507,2.93957960964686,2.42051909246535,3.5579577885987,1.69766145350566,2.39420844492948,1.76526635423281,1.78094428722351,"public"
1.63270468104916,1.8208505337457,3.41205367213014,1.95971973976457,3.2273587899538,4.44744723574838,2.54649218025848,1.59613896328632,3.53053270846561,4.45236071805877,"public"
2.44905702157374,2.73127580061854,1.70602683606507,2.93957960964686,2.42051909246535,3.5579577885987,1.69766145350566,3.19227792657264,1.76526635423281,2.67141643083526,"public"
2.44905702157374,2.73127580061854,2.55904025409761,2.93957960964686,3.2273587899538,2.66846834144903,2.54649218025848,2.39420844492948,0.882633177116403,2.67141643083526,"public"
3.26540936209832,3.64170106749139,2.55904025409761,2.93957960964686,1.6136793949769,1.77897889429935,1.69766145350566,3.19227792657264,1.76526635423281,1.78094428722351,"public"
1.63270468104916,1.8208505337457,3.41205367213014,1.95971973976457,1.6136793949769,3.5579577885987,3.39532290701131,1.59613896328632,3.53053270846561,3.56188857444702,"public"
3.26540936209832,2.73127580061854,2.55904025409761,3.91943947952914,0.806839697488451,2.66846834144903,0.848830726752828,3.19227792657264,1.76526635423281,1.78094428722351,"public"
0.816352340524581,0.910425266872848,3.41205367213014,0.979859869882286,3.2273587899538,3.5579577885987,4.24415363376414,0.79806948164316,4.41316588558201,3.56188857444702,"public"
3.26540936209832,3.64170106749139,1.70602683606507,3.91943947952914,1.6136793949769,1.77897889429935,1.69766145350566,3.9903474082158,1.76526635423281,1.78094428722351,"public"
2.44905702157374,4.55212633436424,0.853013418032535,4.89929934941143,1.6136793949769,2.66846834144903,2.54649218025848,2.39420844492948,1.76526635423281,1.78094428722351,"public"
2.44905702157374,4.55212633436424,0.853013418032535,3.91943947952914,2.42051909246535,1.77897889429935,0.848830726752828,2.39420844492948,0.882633177116403,2.67141643083526,"public"
3.26540936209832,3.64170106749139,4.26506709016268,3.91943947952914,3.2273587899538,4.44744723574838,3.39532290701131,2.39420844492948,2.64789953134921,2.67141643083526,"public"
3.26540936209832,3.64170106749139,1.70602683606507,3.91943947952914,0.806839697488451,1.77897889429935,0.848830726752828,3.9903474082158,0.882633177116403,0.890472143611754,"public"
4.08176170262291,2.73127580061854,0.853013418032535,3.91943947952914,0.806839697488451,0.889489447149676,0.848830726752828,3.9903474082158,0.882633177116403,0.890472143611754,"public"
3.26540936209832,2.73127580061854,1.70602683606507,2.93957960964686,3.2273587899538,1.77897889429935,0.848830726752828,3.9903474082158,0.882633177116403,2.67141643083526,"public"
1.63270468104916,2.73127580061854,3.41205367213014,1.95971973976457,3.2273587899538,2.66846834144903,2.54649218025848,2.39420844492948,1.76526635423281,3.56188857444702,"public"
3.26540936209832,3.64170106749139,3.41205367213014,4.89929934941143,4.03419848744226,4.44744723574838,3.39532290701131,3.9903474082158,3.53053270846561,4.45236071805877,"public"
3.26540936209832,2.73127580061854,2.55904025409761,2.93957960964686,3.2273587899538,2.66846834144903,1.69766145350566,3.19227792657264,0.882633177116403,3.56188857444702,"public"
3.26540936209832,3.64170106749139,1.70602683606507,2.93957960964686,3.2273587899538,3.5579577885987,1.69766145350566,3.19227792657264,1.76526635423281,1.78094428722351,"public"
4.08176170262291,4.55212633436424,0.853013418032535,3.91943947952914,0.806839697488451,0.889489447149676,0.848830726752828,3.9903474082158,0.882633177116403,0.890472143611754,"public"
1.63270468104916,1.8208505337457,1.70602683606507,2.93957960964686,1.6136793949769,1.77897889429935,1.69766145350566,1.59613896328632,2.64789953134921,1.78094428722351,"public"
2.44905702157374,1.8208505337457,2.55904025409761,3.91943947952914,1.6136793949769,2.66846834144903,1.69766145350566,1.59613896328632,0.882633177116403,1.78094428722351,"public"
2.44905702157374,2.73127580061854,2.55904025409761,2.93957960964686,2.42051909246535,2.66846834144903,3.39532290701131,1.59613896328632,1.76526635423281,3.56188857444702,"public"
2.44905702157374,2.73127580061854,2.55904025409761,2.93957960964686,1.6136793949769,2.66846834144903,1.69766145350566,3.19227792657264,1.76526635423281,1.78094428722351,"public"
0.816352340524581,2.73127580061854,4.26506709016268,0.979859869882286,4.03419848744226,4.44744723574838,3.39532290701131,0.79806948164316,3.53053270846561,3.56188857444702,"public"
2.44905702157374,1.8208505337457,4.26506709016268,1.95971973976457,2.42051909246535,4.44744723574838,0.848830726752828,3.9903474082158,1.76526635423281,1.78094428722351,"public"
4.08176170262291,4.55212633436424,0.853013418032535,4.89929934941143,0.806839697488451,1.77897889429935,0.848830726752828,3.9903474082158,0.882633177116403,0.890472143611754,"public"
1.63270468104916,2.73127580061854,2.55904025409761,2.93957960964686,2.42051909246535,2.66846834144903,2.54649218025848,2.39420844492948,2.64789953134921,1.78094428722351,"public"
4.08176170262291,4.55212633436424,3.41205367213014,3.91943947952914,4.03419848744226,4.44744723574838,3.39532290701131,3.19227792657264,3.53053270846561,4.45236071805877,"public"
1.63270468104916,2.73127580061854,2.55904025409761,2.93957960964686,4.03419848744226,3.5579577885987,1.69766145350566,2.39420844492948,3.53053270846561,2.67141643083526,"public"
0.816352340524581,3.64170106749139,2.55904025409761,3.91943947952914,4.03419848744226,3.5579577885987,4.24415363376414,1.59613896328632,2.64789953134921,3.56188857444702,"public"
2.44905702157374,2.73127580061854,2.55904025409761,3.91943947952914,1.6136793949769,2.66846834144903,1.69766145350566,3.9903474082158,0.882633177116403,1.78094428722351,"public"
3.26540936209832,3.64170106749139,1.70602683606507,3.91943947952914,1.6136793949769,1.77897889429935,0.848830726752828,3.9903474082158,0.882633177116403,0.890472143611754,"public"
0.816352340524581,0.910425266872848,3.41205367213014,1.95971973976457,4.03419848744226,4.44744723574838,3.39532290701131,1.59613896328632,1.76526635423281,3.56188857444702,"public"
1.63270468104916,2.73127580061854,2.55904025409761,1.95971973976457,2.42051909246535,2.66846834144903,1.69766145350566,2.39420844492948,1.76526635423281,2.67141643083526,"public"
1.63270468104916,2.73127580061854,1.70602683606507,2.93957960964686,2.42051909246535,2.66846834144903,1.69766145350566,2.39420844492948,1.76526635423281,1.78094428722351,"public"
3.26540936209832,2.73127580061854,1.70602683606507,3.91943947952914,1.6136793949769,1.77897889429935,0.848830726752828,3.19227792657264,0.882633177116403,0.890472143611754,"public"
3.26540936209832,3.64170106749139,0.853013418032535,3.91943947952914,0.806839697488451,2.66846834144903,1.69766145350566,2.39420844492948,1.76526635423281,1.78094428722351,"public"
4.08176170262291,2.73127580061854,1.70602683606507,2.93957960964686,3.2273587899538,2.66846834144903,1.69766145350566,1.59613896328632,2.64789953134921,2.67141643083526,"public"
0.816352340524581,2.73127580061854,2.55904025409761,2.93957960964686,3.2273587899538,2.66846834144903,1.69766145350566,3.19227792657264,1.76526635423281,1.78094428722351,"public"
2.44905702157374,2.73127580061854,2.55904025409761,2.93957960964686,2.42051909246535,2.66846834144903,2.54649218025848,3.19227792657264,1.76526635423281,2.67141643083526,"public"
4.08176170262291,3.64170106749139,2.55904025409761,2.93957960964686,1.6136793949769,2.66846834144903,0.848830726752828,3.9903474082158,2.64789953134921,2.67141643083526,"public"
4.08176170262291,4.55212633436424,1.70602683606507,3.91943947952914,0.806839697488451,2.66846834144903,0.848830726752828,3.9903474082158,0.882633177116403,2.67141643083526,"public"
2.44905702157374,2.73127580061854,1.70602683606507,3.91943947952914,2.42051909246535,2.66846834144903,2.54649218025848,3.19227792657264,1.76526635423281,1.78094428722351,"public"
4.08176170262291,3.64170106749139,1.70602683606507,3.91943947952914,2.42051909246535,1.77897889429935,0.848830726752828,3.9903474082158,0.882633177116403,2.67141643083526,"public"
3.26540936209832,3.64170106749139,0.853013418032535,2.93957960964686,1.6136793949769,1.77897889429935,0.848830726752828,3.9903474082158,0.882633177116403,1.78094428722351,"public"
4.08176170262291,4.55212633436424,0.853013418032535,4.89929934941143,0.806839697488451,2.66846834144903,0.848830726752828,3.9903474082158,0.882633177116403,2.67141643083526,"public"
1.63270468104916,3.64170106749139,1.70602683606507,4.89929934941143,1.6136793949769,1.77897889429935,0.848830726752828,3.19227792657264,0.882633177116403,1.78094428722351,"public"
3.26540936209832,3.64170106749139,0.853013418032535,4.89929934941143,0.806839697488451,1.77897889429935,0.848830726752828,3.9903474082158,0.882633177116403,0.890472143611754,"public"
1.63270468104916,2.73127580061854,1.70602683606507,2.93957960964686,3.2273587899538,2.66846834144903,1.69766145350566,1.59613896328632,1.76526635423281,2.67141643083526,"public"
2.44905702157374,2.73127580061854,1.70602683606507,2.93957960964686,1.6136793949769,1.77897889429935,2.54649218025848,2.39420844492948,1.76526635423281,2.67141643083526,"public"
2.44905702157374,3.64170106749139,1.70602683606507,2.93957960964686,2.42051909246535,2.66846834144903,1.69766145350566,2.39420844492948,1.76526635423281,2.67141643083526,"public"
0.816352340524581,2.73127580061854,3.41205367213014,1.95971973976457,4.03419848744226,2.66846834144903,3.39532290701131,1.59613896328632,3.53053270846561,3.56188857444702,"public"
1.63270468104916,1.8208505337457,0.853013418032535,1.95971973976457,2.42051909246535,0.889489447149676,1.69766145350566,2.39420844492948,2.64789953134921,2.67141643083526,"public"
3.26540936209832,3.64170106749139,1.70602683606507,3.91943947952914,0.806839697488451,1.77897889429935,0.848830726752828,2.39420844492948,0.882633177116403,0.890472143611754,"public"
2.44905702157374,3.64170106749139,1.70602683606507,2.93957960964686,2.42051909246535,1.77897889429935,1.69766145350566,1.59613896328632,2.64789953134921,1.78094428722351,"public"
2.44905702157374,2.73127580061854,1.70602683606507,3.91943947952914,1.6136793949769,2.66846834144903,0.848830726752828,3.19227792657264,0.882633177116403,2.67141643083526,"public"
3.26540936209832,3.64170106749139,2.55904025409761,4.89929934941143,1.6136793949769,1.77897889429935,0.848830726752828,3.9903474082158,0.882633177116403,2.67141643083526,"public"
1.63270468104916,1.8208505337457,1.70602683606507,0.979859869882286,3.2273587899538,3.5579577885987,2.54649218025848,1.59613896328632,2.64789953134921,3.56188857444702,"public"
1.63270468104916,1.8208505337457,3.41205367213014,1.95971973976457,3.2273587899538,3.5579577885987,3.39532290701131,1.59613896328632,2.64789953134921,2.67141643083526,"public"
3.26540936209832,4.55212633436424,0.853013418032535,4.89929934941143,0.806839697488451,0.889489447149676,0.848830726752828,3.9903474082158,0.882633177116403,4.45236071805877,"public"
2.44905702157374,2.73127580061854,1.70602683606507,4.89929934941143,1.6136793949769,3.5579577885987,0.848830726752828,3.9903474082158,0.882633177116403,1.78094428722351,"public"
3.26540936209832,3.64170106749139,1.70602683606507,3.91943947952914,1.6136793949769,1.77897889429935,0.848830726752828,3.19227792657264,1.76526635423281,3.56188857444702,"public"
2.44905702157374,3.64170106749139,2.55904025409761,3.91943947952914,1.6136793949769,3.5579577885987,0.848830726752828,3.19227792657264,3.53053270846561,1.78094428722351,"public"
2.44905702157374,3.64170106749139,1.70602683606507,3.91943947952914,1.6136793949769,1.77897889429935,0.848830726752828,1.59613896328632,1.76526635423281,2.67141643083526,"public"
4.08176170262291,4.55212633436424,0.853013418032535,4.89929934941143,0.806839697488451,0.889489447149676,0.848830726752828,3.9903474082158,0.882633177116403,0.890472143611754,"public"
1.63270468104916,2.73127580061854,2.55904025409761,2.93957960964686,2.42051909246535,2.66846834144903,1.69766145350566,2.39420844492948,2.64789953134921,1.78094428722351,"public"
0.816352340524581,1.8208505337457,2.55904025409761,3.91943947952914,4.03419848744226,1.77897889429935,4.24415363376414,1.59613896328632,2.64789953134921,2.67141643083526,"public"
0.816352340524581,0.910425266872848,3.41205367213014,1.95971973976457,4.03419848744226,4.44744723574838,4.24415363376414,0.79806948164316,3.53053270846561,4.45236071805877,"public"
2.44905702157374,3.64170106749139,1.70602683606507,3.91943947952914,1.6136793949769,3.5579577885987,1.69766145350566,3.19227792657264,1.76526635423281,2.67141643083526,"public"
1.63270468104916,4.55212633436424,4.26506709016268,2.93957960964686,4.03419848744226,1.77897889429935,3.39532290701131,3.9903474082158,3.53053270846561,3.56188857444702,"public"
0.816352340524581,1.8208505337457,3.41205367213014,2.93957960964686,4.03419848744226,3.5579577885987,3.39532290701131,1.59613896328632,3.53053270846561,3.56188857444702,"public"
0.816352340524581,0.910425266872848,4.26506709016268,1.95971973976457,4.03419848744226,4.44744723574838,2.54649218025848,1.59613896328632,4.41316588558201,3.56188857444702,"public"
0.816352340524581,1.8208505337457,4.26506709016268,2.93957960964686,1.6136793949769,4.44744723574838,3.39532290701131,1.59613896328632,3.53053270846561,3.56188857444702,"public"
3.26540936209832,4.55212633436424,0.853013418032535,4.89929934941143,0.806839697488451,1.77897889429935,0.848830726752828,3.9903474082158,0.882633177116403,1.78094428722351,"public"
4.08176170262291,3.64170106749139,1.70602683606507,2.93957960964686,2.42051909246535,1.77897889429935,1.69766145350566,3.19227792657264,1.76526635423281,1.78094428722351,"public"
2.44905702157374,2.73127580061854,1.70602683606507,3.91943947952914,3.2273587899538,2.66846834144903,0.848830726752828,3.19227792657264,0.882633177116403,1.78094428722351,"public"
2.44905702157374,4.55212633436424,1.70602683606507,3.91943947952914,3.2273587899538,2.66846834144903,1.69766145350566,2.39420844492948,1.76526635423281,2.67141643083526,"public"
2.44905702157374,2.73127580061854,3.41205367213014,2.93957960964686,2.42051909246535,4.44744723574838,2.54649218025848,1.59613896328632,1.76526635423281,3.56188857444702,"public"
4.08176170262291,4.55212633436424,1.70602683606507,4.89929934941143,0.806839697488451,0.889489447149676,0.848830726752828,3.9903474082158,0.882633177116403,0.890472143611754,"public"
2.44905702157374,2.73127580061854,2.55904025409761,2.93957960964686,2.42051909246535,4.44744723574838,1.69766145350566,1.59613896328632,2.64789953134921,2.67141643083526,"public"
0.816352340524581,2.73127580061854,4.26506709016268,1.95971973976457,3.2273587899538,3.5579577885987,3.39532290701131,1.59613896328632,4.41316588558201,3.56188857444702,"public"
1.63270468104916,2.73127580061854,0.853013418032535,2.93957960964686,2.42051909246535,2.66846834144903,1.69766145350566,3.9903474082158,0.882633177116403,3.56188857444702,"public"
3.26540936209832,3.64170106749139,2.55904025409761,3.91943947952914,3.2273587899538,3.5579577885987,0.848830726752828,3.19227792657264,0.882633177116403,0.890472143611754,"public"
3.26540936209832,4.55212633436424,0.853013418032535,3.91943947952914,0.806839697488451,0.889489447149676,0.848830726752828,3.9903474082158,0.882633177116403,1.78094428722351,"public"
1.63270468104916,1.8208505337457,3.41205367213014,1.95971973976457,4.03419848744226,4.44744723574838,2.54649218025848,0.79806948164316,3.53053270846561,2.67141643083526,"public"
2.44905702157374,2.73127580061854,2.55904025409761,2.93957960964686,3.2273587899538,4.44744723574838,2.54649218025848,3.19227792657264,2.64789953134921,3.56188857444702,"public"
0.816352340524581,0.910425266872848,4.26506709016268,0.979859869882286,0.806839697488451,4.44744723574838,4.24415363376414,0.79806948164316,4.41316588558201,4.45236071805877,"public"
4.08176170262291,3.64170106749139,0.853013418032535,4.89929934941143,1.6136793949769,0.889489447149676,0.848830726752828,3.9903474082158,0.882633177116403,0.890472143611754,"public"
1.63270468104916,2.73127580061854,2.55904025409761,1.95971973976457,3.2273587899538,3.5579577885987,0.848830726752828,3.19227792657264,1.76526635423281,3.56188857444702,"public"
3.26540936209832,3.64170106749139,1.70602683606507,3.91943947952914,1.6136793949769,2.66846834144903,1.69766145350566,3.9903474082158,0.882633177116403,2.67141643083526,"public"
2.44905702157374,2.73127580061854,2.55904025409761,2.93957960964686,2.42051909246535,2.66846834144903,2.54649218025848,2.39420844492948,2.64789953134921,2.67141643083526,"public"
0.816352340524581,2.73127580061854,4.26506709016268,2.93957960964686,4.03419848744226,4.44744723574838,3.39532290701131,3.9903474082158,1.76526635423281,4.45236071805877,"public"
0.816352340524581,4.55212633436424,0.853013418032535,0.979859869882286,0.806839697488451,0.889489447149676,0.848830726752828,3.9903474082158,0.882633177116403,1.78094428722351,"public"
4.08176170262291,4.55212633436424,0.853013418032535,4.89929934941143,0.806839697488451,0.889489447149676,0.848830726752828,3.9903474082158,0.882633177116403,0.890472143611754,"public"
3.26540936209832,3.64170106749139,1.70602683606507,3.91943947952914,1.6136793949769,2.66846834144903,2.54649218025848,3.19227792657264,1.76526635423281,1.78094428722351,"public"
1.63270468104916,0.910425266872848,4.26506709016268,2.93957960964686,1.6136793949769,4.44744723574838,3.39532290701131,0.79806948164316,4.41316588558201,3.56188857444702,"public"
0.816352340524581,0.910425266872848,0.853013418032535,0.979859869882286,0.806839697488451,0.889489447149676,4.24415363376414,0.79806948164316,4.41316588558201,4.45236071805877,"public"
1.63270468104916,2.73127580061854,3.41205367213014,2.93957960964686,3.2273587899538,3.5579577885987,2.54649218025848,3.19227792657264,1.76526635423281,0.890472143611754,"public"
2.44905702157374,3.64170106749139,2.55904025409761,2.93957960964686,3.2273587899538,3.5579577885987,1.69766145350566,3.19227792657264,2.64789953134921,2.67141643083526,"public"
2.44905702157374,1.8208505337457,4.26506709016268,2.93957960964686,2.42051909246535,4.44744723574838,4.24415363376414,1.59613896328632,3.53053270846561,3.56188857444702,"public"
3.26540936209832,1.8208505337457,0.853013418032535,3.91943947952914,2.42051909246535,4.44744723574838,1.69766145350566,1.59613896328632,0.882633177116403,0.890472143611754,"public"
0.816352340524581,1.8208505337457,4.26506709016268,0.979859869882286,4.03419848744226,4.44744723574838,4.24415363376414,1.59613896328632,2.64789953134921,1.78094428722351,"public"
2.44905702157374,3.64170106749139,0.853013418032535,2.93957960964686,2.42051909246535,1.77897889429935,0.848830726752828,3.9903474082158,0.882633177116403,4.45236071805877,"public"
2.44905702157374,2.73127580061854,2.55904025409761,2.93957960964686,2.42051909246535,3.5579577885987,2.54649218025848,2.39420844492948,1.76526635423281,2.67141643083526,"public"
2.44905702157374,2.73127580061854,3.41205367213014,1.95971973976457,4.03419848744226,3.5579577885987,2.54649218025848,1.59613896328632,2.64789953134921,1.78094428722351,"public"
0.816352340524581,1.8208505337457,1.70602683606507,1.95971973976457,2.42051909246535,1.77897889429935,2.54649218025848,1.59613896328632,0.882633177116403,2.67141643083526,"public"
2.44905702157374,2.73127580061854,2.55904025409761,2.93957960964686,1.6136793949769,2.66846834144903,1.69766145350566,3.9903474082158,1.76526635423281,1.78094428722351,"public"
2.44905702157374,3.64170106749139,0.853013418032535,3.91943947952914,3.2273587899538,0.889489447149676,0.848830726752828,3.19227792657264,2.64789953134921,1.78094428722351,"public"
4.08176170262291,2.73127580061854,1.70602683606507,3.91943947952914,1.6136793949769,2.66846834144903,1.69766145350566,3.9903474082158,0.882633177116403,1.78094428722351,"public"
2.44905702157374,2.73127580061854,1.70602683606507,3.91943947952914,3.2273587899538,1.77897889429935,0.848830726752828,3.19227792657264,1.76526635423281,1.78094428722351,"public"
1.63270468104916,0.910425266872848,2.55904025409761,1.95971973976457,3.2273587899538,3.5579577885987,2.54649218025848,3.19227792657264,1.76526635423281,1.78094428722351,"public"
4.08176170262291,4.55212633436424,0.853013418032535,4.89929934941143,4.03419848744226,0.889489447149676,0.848830726752828,3.9903474082158,0.882633177116403,2.67141643083526,"public"
1.63270468104916,1.8208505337457,2.55904025409761,1.95971973976457,4.03419848744226,4.44744723574838,4.24415363376414,1.59613896328632,4.41316588558201,4.45236071805877,"public"
2.44905702157374,2.73127580061854,2.55904025409761,2.93957960964686,2.42051909246535,3.5579577885987,1.69766145350566,3.19227792657264,1.76526635423281,3.56188857444702,"public"
1.63270468104916,2.73127580061854,2.55904025409761,2.93957960964686,2.42051909246535,4.44744723574838,2.54649218025848,0.79806948164316,0.882633177116403,3.56188857444702,"public"
3.26540936209832,4.55212633436424,0.853013418032535,4.89929934941143,0.806839697488451,0.889489447149676,1.69766145350566,3.19227792657264,1.76526635423281,1.78094428722351,"public"
3.26540936209832,4.55212633436424,2.55904025409761,4.89929934941143,0.806839697488451,2.66846834144903,0.848830726752828,3.9903474082158,0.882633177116403,2.67141643083526,"public"
3.26540936209832,2.73127580061854,1.70602683606507,2.93957960964686,2.42051909246535,3.5579577885987,2.54649218025848,3.19227792657264,0.882633177116403,2.67141643083526,"public"
0.816352340524581,0.910425266872848,4.26506709016268,0.979859869882286,4.03419848744226,4.44744723574838,4.24415363376414,3.9903474082158,3.53053270846561,1.78094428722351,"public"
3.26540936209832,1.8208505337457,4.26506709016268,2.93957960964686,2.42051909246535,4.44744723574838,2.54649218025848,2.39420844492948,0.882633177116403,4.45236071805877,"public"
1.63270468104916,2.73127580061854,2.55904025409761,0.979859869882286,1.6136793949769,3.5579577885987,4.24415363376414,0.79806948164316,2.64789953134921,4.45236071805877,"public"
3.26540936209832,2.73127580061854,1.70602683606507,2.93957960964686,1.6136793949769,2.66846834144903,1.69766145350566,3.19227792657264,1.76526635423281,1.78094428722351,"public"
3.26540936209832,2.73127580061854,3.41205367213014,2.93957960964686,3.2273587899538,3.5579577885987,2.54649218025848,2.39420844492948,2.64789953134921,3.56188857444702,"public"
2.44905702157374,2.73127580061854,2.55904025409761,1.95971973976457,1.6136793949769,3.5579577885987,2.54649218025848,2.39420844492948,2.64789953134921,1.78094428722351,"public"
2.44905702157374,1.8208505337457,3.41205367213014,2.93957960964686,3.2273587899538,3.5579577885987,2.54649218025848,2.39420844492948,2.64789953134921,3.56188857444702,"public"
2.44905702157374,3.64170106749139,1.70602683606507,4.89929934941143,3.2273587899538,2.66846834144903,2.54649218025848,0.79806948164316,3.53053270846561,3.56188857444702,"public"
2.44905702157374,2.73127580061854,2.55904025409761,2.93957960964686,2.42051909246535,2.66846834144903,0.848830726752828,3.9903474082158,0.882633177116403,1.78094428722351,"public"
2.44905702157374,1.8208505337457,2.55904025409761,2.93957960964686,2.42051909246535,2.66846834144903,2.54649218025848,3.19227792657264,2.64789953134921,1.78094428722351,"public"
2.44905702157374,2.73127580061854,1.70602683606507,2.93957960964686,2.42051909246535,1.77897889429935,1.69766145350566,1.59613896328632,1.76526635423281,2.67141643083526,"public"
1.63270468104916,1.8208505337457,2.55904025409761,2.93957960964686,2.42051909246535,2.66846834144903,1.69766145350566,1.59613896328632,1.76526635423281,2.67141643083526,"public"
2.44905702157374,3.64170106749139,1.70602683606507,3.91943947952914,0.806839697488451,1.77897889429935,1.69766145350566,3.9903474082158,1.76526635423281,1.78094428722351,"public"
1.63270468104916,1.8208505337457,2.55904025409761,2.93957960964686,2.42051909246535,4.44744723574838,3.39532290701131,1.59613896328632,1.76526635423281,4.45236071805877,"public"
0.816352340524581,2.73127580061854,3.41205367213014,2.93957960964686,4.03419848744226,3.5579577885987,2.54649218025848,1.59613896328632,2.64789953134921,3.56188857444702,"public"
3.26540936209832,2.73127580061854,1.70602683606507,3.91943947952914,1.6136793949769,1.77897889429935,0.848830726752828,3.9903474082158,1.76526635423281,1.78094428722351,"public"
4.08176170262291,4.55212633436424,0.853013418032535,4.89929934941143,4.03419848744226,2.66846834144903,0.848830726752828,3.9903474082158,0.882633177116403,0.890472143611754,"public"
3.26540936209832,3.64170106749139,0.853013418032535,3.91943947952914,0.806839697488451,1.77897889429935,0.848830726752828,3.9903474082158,0.882633177116403,0.890472143611754,"public"
3.26540936209832,2.73127580061854,1.70602683606507,3.91943947952914,1.6136793949769,2.66846834144903,0.848830726752828,3.9903474082158,0.882633177116403,2.67141643083526,"public"
2.44905702157374,2.73127580061854,2.55904025409761,2.93957960964686,2.42051909246535,2.66846834144903,2.54649218025848,2.39420844492948,2.64789953134921,1.78094428722351,"public"
3.26540936209832,3.64170106749139,2.55904025409761,1.95971973976457,2.42051909246535,2.66846834144903,2.54649218025848,1.59613896328632,2.64789953134921,2.67141643083526,"public"
2.44905702157374,2.73127580061854,2.55904025409761,2.93957960964686,2.42051909246535,3.5579577885987,1.69766145350566,2.39420844492948,2.64789953134921,2.67141643083526,"public"
3.26540936209832,3.64170106749139,2.55904025409761,2.93957960964686,1.6136793949769,1.77897889429935,2.54649218025848,3.9903474082158,1.76526635423281,1.78094428722351,"public"
2.44905702157374,1.8208505337457,2.55904025409761,1.95971973976457,3.2273587899538,3.5579577885987,3.39532290701131,2.39420844492948,3.53053270846561,1.78094428722351,"public"
2.44905702157374,2.73127580061854,1.70602683606507,2.93957960964686,2.42051909246535,2.66846834144903,1.69766145350566,3.19227792657264,1.76526635423281,2.67141643083526,"public"
0.816352340524581,2.73127580061854,2.55904025409761,2.93957960964686,2.42051909246535,2.66846834144903,2.54649218025848,2.39420844492948,2.64789953134921,2.67141643083526,"public"
1.63270468104916,0.910425266872848,2.55904025409761,1.95971973976457,2.42051909246535,2.66846834144903,2.54649218025848,1.59613896328632,2.64789953134921,2.67141643083526,"public"
2.44905702157374,2.73127580061854,2.55904025409761,2.93957960964686,3.2273587899538,2.66846834144903,2.54649218025848,2.39420844492948,2.64789953134921,2.67141643083526,"public"
3.26540936209832,3.64170106749139,0.853013418032535,4.89929934941143,0.806839697488451,1.77897889429935,0.848830726752828,3.19227792657264,0.882633177116403,0.890472143611754,"public"
2.44905702157374,2.73127580061854,1.70602683606507,2.93957960964686,0.806839697488451,2.66846834144903,1.69766145350566,3.9903474082158,0.882633177116403,1.78094428722351,"public"
4.08176170262291,4.55212633436424,1.70602683606507,4.89929934941143,1.6136793949769,0.889489447149676,0.848830726752828,3.9903474082158,0.882633177116403,1.78094428722351,"public"
1.63270468104916,1.8208505337457,2.55904025409761,2.93957960964686,3.2273587899538,4.44744723574838,2.54649218025848,1.59613896328632,1.76526635423281,3.56188857444702,"public"
0.816352340524581,2.73127580061854,2.55904025409761,2.93957960964686,3.2273587899538,2.66846834144903,2.54649218025848,0.79806948164316,1.76526635423281,3.56188857444702,"public"
2.44905702157374,3.64170106749139,3.41205367213014,2.93957960964686,3.2273587899538,3.5579577885987,0.848830726752828,3.9903474082158,0.882633177116403,1.78094428722351,"public"
0.816352340524581,0.910425266872848,4.26506709016268,0.979859869882286,4.03419848744226,4.44744723574838,4.24415363376414,0.79806948164316,2.64789953134921,4.45236071805877,"public"
0.816352340524581,2.73127580061854,2.55904025409761,0.979859869882286,4.03419848744226,4.44744723574838,3.39532290701131,2.39420844492948,2.64789953134921,4.45236071805877,"public"
2.44905702157374,3.64170106749139,1.70602683606507,3.91943947952914,3.2273587899538,3.5579577885987,0.848830726752828,3.9903474082158,0.882633177116403,0.890472143611754,"public"
2.44905702157374,3.64170106749139,1.70602683606507,3.91943947952914,2.42051909246535,2.66846834144903,1.69766145350566,3.19227792657264,1.76526635423281,3.56188857444702,"public"
4.08176170262291,3.64170106749139,0.853013418032535,3.91943947952914,0.806839697488451,2.66846834144903,0.848830726752828,3.9903474082158,0.882633177116403,0.890472143611754,"public"
2.44905702157374,2.73127580061854,1.70602683606507,2.93957960964686,1.6136793949769,2.66846834144903,1.69766145350566,2.39420844492948,1.76526635423281,1.78094428722351,"public"
2.44905702157374,2.73127580061854,2.55904025409761,2.93957960964686,2.42051909246535,3.5579577885987,2.54649218025848,2.39420844492948,1.76526635423281,2.67141643083526,"public"
0.816352340524581,0.910425266872848,4.26506709016268,0.979859869882286,4.03419848744226,4.44744723574838,4.24415363376414,1.59613896328632,4.41316588558201,4.45236071805877,"public"
2.44905702157374,2.73127580061854,3.41205367213014,1.95971973976457,2.42051909246535,2.66846834144903,1.69766145350566,2.39420844492948,2.64789953134921,2.67141643083526,"public"
4.08176170262291,4.55212633436424,1.70602683606507,3.91943947952914,0.806839697488451,2.66846834144903,0.848830726752828,2.39420844492948,0.882633177116403,1.78094428722351,"public"
0.816352340524581,0.910425266872848,3.41205367213014,1.95971973976457,3.2273587899538,0.889489447149676,3.39532290701131,0.79806948164316,2.64789953134921,2.67141643083526,"public"
4.08176170262291,4.55212633436424,0.853013418032535,4.89929934941143,0.806839697488451,1.77897889429935,0.848830726752828,3.9903474082158,0.882633177116403,1.78094428722351,"public"
3.26540936209832,3.64170106749139,1.70602683606507,3.91943947952914,2.42051909246535,1.77897889429935,2.54649218025848,2.39420844492948,1.76526635423281,2.67141643083526,"public"
1.63270468104916,1.8208505337457,3.41205367213014,2.93957960964686,3.2273587899538,4.44744723574838,2.54649218025848,2.39420844492948,2.64789953134921,2.67141643083526,"public"
2.44905702157374,1.8208505337457,2.55904025409761,1.95971973976457,2.42051909246535,4.44744723574838,2.54649218025848,3.19227792657264,1.76526635423281,2.67141643083526,"public"
2.44905702157374,2.73127580061854,1.70602683606507,2.93957960964686,2.42051909246535,2.66846834144903,1.69766145350566,2.39420844492948,0.882633177116403,2.67141643083526,"public"
0.816352340524581,0.910425266872848,3.41205367213014,0.979859869882286,3.2273587899538,3.5579577885987,3.39532290701131,1.59613896328632,3.53053270846561,3.56188857444702,"public"
3.26540936209832,4.55212633436424,1.70602683606507,4.89929934941143,0.806839697488451,1.77897889429935,1.69766145350566,3.9903474082158,0.882633177116403,1.78094428722351,"public"
3.26540936209832,3.64170106749139,1.70602683606507,3.91943947952914,0.806839697488451,2.66846834144903,0.848830726752828,3.9903474082158,0.882633177116403,1.78094428722351,"public"
2.44905702157374,2.73127580061854,1.70602683606507,2.93957960964686,1.6136793949769,2.66846834144903,2.54649218025848,3.19227792657264,1.76526635423281,1.78094428722351,"public"
3.26540936209832,2.73127580061854,2.55904025409761,2.93957960964686,1.6136793949769,1.77897889429935,0.848830726752828,3.19227792657264,1.76526635423281,3.56188857444702,"public"
3.26540936209832,3.64170106749139,1.70602683606507,3.91943947952914,2.42051909246535,1.77897889429935,0.848830726752828,3.19227792657264,1.76526635423281,2.67141643083526,"public"
0.816352340524581,1.8208505337457,2.55904025409761,1.95971973976457,4.03419848744226,2.66846834144903,3.39532290701131,1.59613896328632,2.64789953134921,2.67141643083526,"public"
1.63270468104916,0.910425266872848,4.26506709016268,0.979859869882286,4.03419848744226,4.44744723574838,4.24415363376414,0.79806948164316,2.64789953134921,4.45236071805877,"public"
2.44905702157374,3.64170106749139,2.55904025409761,2.93957960964686,1.6136793949769,2.66846834144903,0.848830726752828,3.9903474082158,0.882633177116403,1.78094428722351,"public"
2.44905702157374,2.73127580061854,2.55904025409761,3.91943947952914,1.6136793949769,2.66846834144903,2.54649218025848,3.19227792657264,1.76526635423281,1.78094428722351,"public"
0.816352340524581,0.910425266872848,3.41205367213014,1.95971973976457,4.03419848744226,4.44744723574838,3.39532290701131,0.79806948164316,3.53053270846561,2.67141643083526,"public"
1.63270468104916,2.73127580061854,2.55904025409761,2.93957960964686,3.2273587899538,3.5579577885987,2.54649218025848,1.59613896328632,2.64789953134921,3.56188857444702,"public"
2.44905702157374,3.64170106749139,2.55904025409761,4.89929934941143,4.03419848744226,3.5579577885987,2.54649218025848,3.19227792657264,3.53053270846561,3.56188857444702,"public"
2.44905702157374,3.64170106749139,2.55904025409761,2.93957960964686,2.42051909246535,2.66846834144903,2.54649218025848,2.39420844492948,1.76526635423281,2.67141643083526,"public"
4.08176170262291,3.64170106749139,0.853013418032535,4.89929934941143,0.806839697488451,1.77897889429935,0.848830726752828,3.9903474082158,0.882633177116403,1.78094428722351,"public"
2.44905702157374,0.910425266872848,4.26506709016268,1.95971973976457,3.2273587899538,4.44744723574838,1.69766145350566,2.39420844492948,1.76526635423281,2.67141643083526,"public"
0.816352340524581,0.910425266872848,4.26506709016268,1.95971973976457,4.03419848744226,4.44744723574838,4.24415363376414,0.79806948164316,2.64789953134921,4.45236071805877,"public"
3.26540936209832,3.64170106749139,0.853013418032535,3.91943947952914,0.806839697488451,2.66846834144903,1.69766145350566,2.39420844492948,1.76526635423281,2.67141643083526,"public"
3.26540936209832,3.64170106749139,2.55904025409761,3.91943947952914,3.2273587899538,2.66846834144903,2.54649218025848,2.39420844492948,1.76526635423281,1.78094428722351,"public"
2.44905702157374,3.64170106749139,2.55904025409761,2.93957960964686,2.42051909246535,2.66846834144903,1.69766145350566,2.39420844492948,1.76526635423281,2.67141643083526,"public"
2.44905702157374,2.73127580061854,2.55904025409761,2.93957960964686,2.42051909246535,3.5579577885987,1.69766145350566,3.19227792657264,1.76526635423281,1.78094428722351,"public"
4.08176170262291,4.55212633436424,1.70602683606507,4.89929934941143,1.6136793949769,1.77897889429935,0.848830726752828,3.9903474082158,0.882633177116403,0.890472143611754,"public"
4.08176170262291,4.55212633436424,0.853013418032535,4.89929934941143,0.806839697488451,0.889489447149676,0.848830726752828,3.9903474082158,0.882633177116403,1.78094428722351,"public"
2.44905702157374,4.55212633436424,0.853013418032535,3.91943947952914,0.806839697488451,1.77897889429935,1.69766145350566,3.9903474082158,0.882633177116403,1.78094428722351,"public"
3.26540936209832,3.64170106749139,3.41205367213014,3.91943947952914,1.6136793949769,1.77897889429935,3.39532290701131,3.9903474082158,1.76526635423281,3.56188857444702,"public"
4.08176170262291,4.55212633436424,0.853013418032535,3.91943947952914,0.806839697488451,1.77897889429935,0.848830726752828,3.9903474082158,0.882633177116403,0.890472143611754,"public"
2.44905702157374,2.73127580061854,2.55904025409761,3.91943947952914,3.2273587899538,3.5579577885987,1.69766145350566,2.39420844492948,2.64789953134921,4.45236071805877,"public"
2.44905702157374,2.73127580061854,1.70602683606507,3.91943947952914,1.6136793949769,3.5579577885987,1.69766145350566,3.9903474082158,0.882633177116403,2.67141643083526,"public"
2.44905702157374,2.73127580061854,3.41205367213014,2.93957960964686,1.6136793949769,2.66846834144903,2.54649218025848,2.39420844492948,0.882633177116403,2.67141643083526,"public"
4.08176170262291,4.55212633436424,1.70602683606507,3.91943947952914,0.806839697488451,2.66846834144903,0.848830726752828,3.9903474082158,0.882633177116403,2.67141643083526,"public"
1.63270468104916,1.8208505337457,1.70602683606507,2.93957960964686,3.2273587899538,3.5579577885987,2.54649218025848,1.59613896328632,2.64789953134921,3.56188857444702,"public"
2.44905702157374,2.73127580061854,1.70602683606507,4.89929934941143,2.42051909246535,2.66846834144903,0.848830726752828,3.9903474082158,1.76526635423281,1.78094428722351,"public"
0.816352340524581,0.910425266872848,4.26506709016268,0.979859869882286,0.806839697488451,4.44744723574838,4.24415363376414,0.79806948164316,4.41316588558201,4.45236071805877,"public"
3.26540936209832,2.73127580061854,1.70602683606507,2.93957960964686,2.42051909246535,2.66846834144903,1.69766145350566,1.59613896328632,1.76526635423281,1.78094428722351,"public"
4.08176170262291,4.55212633436424,4.26506709016268,4.89929934941143,4.03419848744226,4.44744723574838,2.54649218025848,2.39420844492948,2.64789953134921,2.67141643083526,"public"
4.08176170262291,3.64170106749139,2.55904025409761,3.91943947952914,1.6136793949769,1.77897889429935,2.54649218025848,3.19227792657264,0.882633177116403,1.78094428722351,"public"
2.44905702157374,3.64170106749139,2.55904025409761,2.93957960964686,2.42051909246535,2.66846834144903,1.69766145350566,1.59613896328632,0.882633177116403,1.78094428722351,"public"
1.63270468104916,2.73127580061854,2.55904025409761,1.95971973976457,1.6136793949769,2.66846834144903,1.69766145350566,2.39420844492948,1.76526635423281,1.78094428722351,"public"
0.816352340524581,2.73127580061854,1.70602683606507,1.95971973976457,3.2273587899538,3.5579577885987,4.24415363376414,0.79806948164316,3.53053270846561,3.56188857444702,"public"
2.44905702157374,3.64170106749139,1.70602683606507,2.93957960964686,1.6136793949769,2.66846834144903,0.848830726752828,3.19227792657264,0.882633177116403,1.78094428722351,"public"
2.44905702157374,2.73127580061854,2.55904025409761,2.93957960964686,2.42051909246535,3.5579577885987,2.54649218025848,2.39420844492948,1.76526635423281,2.67141643083526,"public"
3.26540936209832,2.73127580061854,1.70602683606507,2.93957960964686,1.6136793949769,1.77897889429935,0.848830726752828,3.9903474082158,0.882633177116403,0.890472143611754,"public"
0.816352340524581,0.910425266872848,0.853013418032535,0.979859869882286,0.806839697488451,0.889489447149676,0.848830726752828,0.79806948164316,0.882633177116403,0.890472143611754,"public"
1.63270468104916,1.8208505337457,2.55904025409761,2.93957960964686,2.42051909246535,2.66846834144903,1.69766145350566,2.39420844492948,2.64789953134921,2.67141643083526,"public"
2.44905702157374,2.73127580061854,1.70602683606507,2.93957960964686,1.6136793949769,3.5579577885987,2.54649218025848,2.39420844492948,1.76526635423281,1.78094428722351,"public"
1.63270468104916,3.64170106749139,4.26506709016268,2.93957960964686,3.2273587899538,3.5579577885987,2.54649218025848,3.9903474082158,1.76526635423281,2.67141643083526,"public"
3.26540936209832,3.64170106749139,0.853013418032535,3.91943947952914,0.806839697488451,0.889489447149676,0.848830726752828,3.19227792657264,0.882633177116403,0.890472143611754,"public"
1.63270468104916,2.73127580061854,1.70602683606507,2.93957960964686,2.42051909246535,1.77897889429935,2.54649218025848,3.9903474082158,4.41316588558201,3.56188857444702,"public"
4.08176170262291,2.73127580061854,1.70602683606507,2.93957960964686,1.6136793949769,3.5579577885987,1.69766145350566,3.19227792657264,0.882633177116403,3.56188857444702,"public"
1.63270468104916,2.73127580061854,2.55904025409761,2.93957960964686,2.42051909246535,2.66846834144903,2.54649218025848,1.59613896328632,1.76526635423281,2.67141643083526,"public"
3.26540936209832,2.73127580061854,2.55904025409761,2.93957960964686,3.2273587899538,2.66846834144903,1.69766145350566,2.39420844492948,1.76526635423281,2.67141643083526,"public"
2.44905702157374,3.64170106749139,0.853013418032535,2.93957960964686,2.42051909246535,3.5579577885987,0.848830726752828,0.79806948164316,0.882633177116403,0.890472143611754,"public"
4.08176170262291,4.55212633436424,0.853013418032535,4.89929934941143,4.03419848744226,4.44744723574838,0.848830726752828,3.9903474082158,0.882633177116403,0.890472143611754,"public"
2.44905702157374,2.73127580061854,2.55904025409761,2.93957960964686,2.42051909246535,2.66846834144903,1.69766145350566,3.19227792657264,1.76526635423281,2.67141643083526,"public"
4.08176170262291,4.55212633436424,0.853013418032535,4.89929934941143,0.806839697488451,4.44744723574838,1.69766145350566,3.9903474082158,1.76526635423281,1.78094428722351,"public"
1.63270468104916,2.73127580061854,3.41205367213014,2.93957960964686,2.42051909246535,2.66846834144903,2.54649218025848,2.39420844492948,1.76526635423281,2.67141643083526,"public"
3.26540936209832,3.64170106749139,1.70602683606507,2.93957960964686,1.6136793949769,1.77897889429935,1.69766145350566,3.19227792657264,0.882633177116403,1.78094428722351,"public"
0.816352340524581,0.910425266872848,4.26506709016268,1.95971973976457,4.03419848744226,4.44744723574838,2.54649218025848,1.59613896328632,3.53053270846561,3.56188857444702,"public"
4.08176170262291,3.64170106749139,1.70602683606507,3.91943947952914,1.6136793949769,1.77897889429935,3.39532290701131,3.19227792657264,1.76526635423281,1.78094428722351,"public"
4.08176170262291,3.64170106749139,1.70602683606507,3.91943947952914,1.6136793949769,1.77897889429935,0.848830726752828,3.9903474082158,0.882633177116403,0.890472143611754,"public"
3.26540936209832,4.55212633436424,0.853013418032535,4.89929934941143,0.806839697488451,1.77897889429935,0.848830726752828,3.19227792657264,0.882633177116403,1.78094428722351,"public"
0.816352340524581,0.910425266872848,2.55904025409761,1.95971973976457,3.2273587899538,3.5579577885987,2.54649218025848,1.59613896328632,1.76526635423281,2.67141643083526,"public"
3.26540936209832,3.64170106749139,0.853013418032535,3.91943947952914,0.806839697488451,0.889489447149676,0.848830726752828,3.9903474082158,0.882633177116403,0.890472143611754,"public"
1.63270468104916,2.73127580061854,2.55904025409761,2.93957960964686,2.42051909246535,2.66846834144903,2.54649218025848,1.59613896328632,1.76526635423281,2.67141643083526,"public"
3.26540936209832,2.73127580061854,0.853013418032535,3.91943947952914,1.6136793949769,2.66846834144903,1.69766145350566,3.9903474082158,0.882633177116403,2.67141643083526,"public"
0.816352340524581,0.910425266872848,2.55904025409761,2.93957960964686,2.42051909246535,2.66846834144903,0.848830726752828,2.39420844492948,0.882633177116403,0.890472143611754,"public"
1.63270468104916,1.8208505337457,0.853013418032535,2.93957960964686,3.2273587899538,3.5579577885987,1.69766145350566,2.39420844492948,1.76526635423281,2.67141643083526,"public"
4.08176170262291,2.73127580061854,1.70602683606507,2.93957960964686,1.6136793949769,2.66846834144903,1.69766145350566,2.39420844492948,0.882633177116403,3.56188857444702,"public"
3.26540936209832,2.73127580061854,2.55904025409761,2.93957960964686,2.42051909246535,1.77897889429935,1.69766145350566,2.39420844492948,0.882633177116403,2.67141643083526,"public"
3.26540936209832,3.64170106749139,1.70602683606507,3.91943947952914,3.2273587899538,3.5579577885987,1.69766145350566,2.39420844492948,1.76526635423281,2.67141643083526,"public"
4.08176170262291,4.55212633436424,1.70602683606507,1.95971973976457,1.6136793949769,1.77897889429935,1.69766145350566,3.9903474082158,0.882633177116403,0.890472143611754,"public"
4.08176170262291,3.64170106749139,1.70602683606507,2.93957960964686,0.806839697488451,1.77897889429935,0.848830726752828,3.9903474082158,1.76526635423281,2.67141643083526,"public"
1.63270468104916,1.8208505337457,2.55904025409761,2.93957960964686,3.2273587899538,3.5579577885987,1.69766145350566,3.9903474082158,0.882633177116403,1.78094428722351,"public"
1.63270468104916,2.73127580061854,2.55904025409761,2.93957960964686,2.42051909246535,2.66846834144903,1.69766145350566,1.59613896328632,2.64789953134921,3.56188857444702,"public"
3.26540936209832,2.73127580061854,1.70602683606507,3.91943947952914,1.6136793949769,2.66846834144903,0.848830726752828,3.19227792657264,0.882633177116403,0.890472143611754,"public"
2.44905702157374,2.73127580061854,1.70602683606507,2.93957960964686,1.6136793949769,3.5579577885987,0.848830726752828,3.19227792657264,0.882633177116403,1.78094428722351,"public"
2.44905702157374,3.64170106749139,1.70602683606507,2.93957960964686,2.42051909246535,2.66846834144903,2.54649218025848,2.39420844492948,1.76526635423281,1.78094428722351,"public"
4.08176170262291,4.55212633436424,0.853013418032535,4.89929934941143,0.806839697488451,2.66846834144903,1.69766145350566,3.9903474082158,0.882633177116403,0.890472143611754,"public"
2.44905702157374,2.73127580061854,2.55904025409761,3.91943947952914,2.42051909246535,3.5579577885987,1.69766145350566,2.39420844492948,0.882633177116403,1.78094428722351,"public"
0.816352340524581,0.910425266872848,2.55904025409761,2.93957960964686,2.42051909246535,4.44744723574838,2.54649218025848,1.59613896328632,2.64789953134921,2.67141643083526,"public"
0.816352340524581,0.910425266872848,4.26506709016268,0.979859869882286,2.42051909246535,2.66846834144903,4.24415363376414,0.79806948164316,4.41316588558201,4.45236071805877,"public"
2.44905702157374,3.64170106749139,0.853013418032535,2.93957960964686,2.42051909246535,1.77897889429935,0.848830726752828,3.9903474082158,2.64789953134921,1.78094428722351,"public"
3.26540936209832,3.64170106749139,1.70602683606507,3.91943947952914,1.6136793949769,1.77897889429935,0.848830726752828,3.19227792657264,0.882633177116403,1.78094428722351,"public"
0.816352340524581,0.910425266872848,4.26506709016268,2.93957960964686,2.42051909246535,3.5579577885987,4.24415363376414,1.59613896328632,2.64789953134921,4.45236071805877,"public"
2.44905702157374,2.73127580061854,2.55904025409761,2.93957960964686,2.42051909246535,2.66846834144903,2.54649218025848,2.39420844492948,2.64789953134921,2.67141643083526,"public"
1.63270468104916,1.8208505337457,1.70602683606507,1.95971973976457,3.2273587899538,2.66846834144903,1.69766145350566,1.59613896328632,2.64789953134921,2.67141643083526,"public"
4.08176170262291,4.55212633436424,0.853013418032535,4.89929934941143,0.806839697488451,0.889489447149676,0.848830726752828,3.9903474082158,0.882633177116403,0.890472143611754,"public"
3.26540936209832,3.64170106749139,3.41205367213014,2.93957960964686,2.42051909246535,2.66846834144903,2.54649218025848,3.19227792657264,1.76526635423281,3.56188857444702,"public"
0.816352340524581,0.910425266872848,4.26506709016268,0.979859869882286,4.03419848744226,3.5579577885987,4.24415363376414,0.79806948164316,3.53053270846561,2.67141643083526,"public"
2.44905702157374,3.64170106749139,1.70602683606507,3.91943947952914,1.6136793949769,2.66846834144903,1.69766145350566,3.9903474082158,1.76526635423281,1.78094428722351,"public"
0.816352340524581,0.910425266872848,4.26506709016268,0.979859869882286,4.03419848744226,4.44744723574838,2.54649218025848,1.59613896328632,3.53053270846561,3.56188857444702,"public"
3.26540936209832,3.64170106749139,1.70602683606507,3.91943947952914,1.6136793949769,2.66846834144903,0.848830726752828,3.19227792657264,0.882633177116403,0.890472143611754,"public"
0.816352340524581,1.8208505337457,2.55904025409761,1.95971973976457,0.806839697488451,2.66846834144903,3.39532290701131,0.79806948164316,3.53053270846561,4.45236071805877,"public"
4.08176170262291,4.55212633436424,1.70602683606507,3.91943947952914,1.6136793949769,3.5579577885987,0.848830726752828,3.9903474082158,0.882633177116403,2.67141643083526,"public"
3.26540936209832,2.73127580061854,1.70602683606507,2.93957960964686,2.42051909246535,2.66846834144903,1.69766145350566,3.19227792657264,1.76526635423281,2.67141643083526,"public"
4.08176170262291,3.64170106749139,3.41205367213014,3.91943947952914,1.6136793949769,2.66846834144903,0.848830726752828,3.19227792657264,1.76526635423281,4.45236071805877,"public"
4.08176170262291,2.73127580061854,3.41205367213014,3.91943947952914,1.6136793949769,2.66846834144903,0.848830726752828,3.9903474082158,0.882633177116403,1.78094428722351,"public"
3.26540936209832,3.64170106749139,0.853013418032535,3.91943947952914,0.806839697488451,2.66846834144903,0.848830726752828,3.9903474082158,0.882633177116403,0.890472143611754,"public"
3.26540936209832,2.73127580061854,2.55904025409761,2.93957960964686,1.6136793949769,3.5579577885987,0.848830726752828,3.9903474082158,3.53053270846561,1.78094428722351,"public"
4.08176170262291,3.64170106749139,0.853013418032535,3.91943947952914,0.806839697488451,2.66846834144903,0.848830726752828,3.9903474082158,0.882633177116403,1.78094428722351,"public"
2.44905702157374,3.64170106749139,2.55904025409761,3.91943947952914,2.42051909246535,2.66846834144903,1.69766145350566,3.19227792657264,1.76526635423281,2.67141643083526,"public"
1.63270468104916,2.73127580061854,2.55904025409761,2.93957960964686,2.42051909246535,2.66846834144903,2.54649218025848,1.59613896328632,2.64789953134921,2.67141643083526,"public"
2.44905702157374,2.73127580061854,4.26506709016268,3.91943947952914,2.42051909246535,4.44744723574838,2.54649218025848,2.39420844492948,2.64789953134921,2.67141643083526,"public"
2.44905702157374,2.73127580061854,3.41205367213014,3.91943947952914,3.2273587899538,3.5579577885987,2.54649218025848,2.39420844492948,3.53053270846561,3.56188857444702,"public"
2.44905702157374,3.64170106749139,1.70602683606507,3.91943947952914,1.6136793949769,2.66846834144903,1.69766145350566,3.9903474082158,1.76526635423281,1.78094428722351,"public"
0.816352340524581,0.910425266872848,4.26506709016268,0.979859869882286,4.03419848744226,4.44744723574838,1.69766145350566,0.79806948164316,4.41316588558201,4.45236071805877,"public"
0.816352340524581,2.73127580061854,2.55904025409761,3.91943947952914,0.806839697488451,3.5579577885987,2.54649218025848,2.39420844492948,3.53053270846561,4.45236071805877,"public"
2.44905702157374,2.73127580061854,2.55904025409761,2.93957960964686,2.42051909246535,2.66846834144903,1.69766145350566,3.19227792657264,0.882633177116403,3.56188857444702,"public"
3.26540936209832,3.64170106749139,0.853013418032535,3.91943947952914,1.6136793949769,1.77897889429935,0.848830726752828,3.9903474082158,0.882633177116403,0.890472143611754,"public"
0.816352340524581,0.910425266872848,4.26506709016268,0.979859869882286,1.6136793949769,4.44744723574838,2.54649218025848,2.39420844492948,1.76526635423281,2.67141643083526,"public"
4.08176170262291,3.64170106749139,1.70602683606507,3.91943947952914,1.6136793949769,3.5579577885987,0.848830726752828,3.9903474082158,0.882633177116403,1.78094428722351,"public"
1.63270468104916,2.73127580061854,2.55904025409761,2.93957960964686,2.42051909246535,3.5579577885987,1.69766145350566,2.39420844492948,1.76526635423281,2.67141643083526,"public"
4.08176170262291,4.55212633436424,4.26506709016268,4.89929934941143,4.03419848744226,4.44744723574838,4.24415363376414,3.9903474082158,4.41316588558201,4.45236071805877,"public"
3.26540936209832,4.55212633436424,1.70602683606507,1.95971973976457,1.6136793949769,1.77897889429935,1.69766145350566,3.9903474082158,0.882633177116403,0.890472143611754,"public"
2.44905702157374,1.8208505337457,3.41205367213014,2.93957960964686,2.42051909246535,2.66846834144903,2.54649218025848,2.39420844492948,1.76526635423281,3.56188857444702,"public"
0.816352340524581,0.910425266872848,0.853013418032535,0.979859869882286,0.806839697488451,1.77897889429935,0.848830726752828,0.79806948164316,0.882633177116403,0.890472143611754,"public"
2.44905702157374,4.55212633436424,1.70602683606507,3.91943947952914,2.42051909246535,2.66846834144903,1.69766145350566,3.19227792657264,1.76526635423281,1.78094428722351,"public"
1.63270468104916,1.8208505337457,3.41205367213014,2.93957960964686,2.42051909246535,3.5579577885987,3.39532290701131,1.59613896328632,2.64789953134921,2.67141643083526,"public"
4.08176170262291,2.73127580061854,1.70602683606507,4.89929934941143,0.806839697488451,3.5579577885987,0.848830726752828,3.9903474082158,0.882633177116403,0.890472143611754,"public"
3.26540936209832,4.55212633436424,1.70602683606507,2.93957960964686,4.03419848744226,1.77897889429935,1.69766145350566,3.19227792657264,1.76526635423281,1.78094428722351,"public"
2.44905702157374,1.8208505337457,1.70602683606507,2.93957960964686,2.42051909246535,2.66846834144903,1.69766145350566,2.39420844492948,2.64789953134921,2.67141643083526,"public"
1.63270468104916,1.8208505337457,2.55904025409761,1.95971973976457,4.03419848744226,3.5579577885987,3.39532290701131,1.59613896328632,3.53053270846561,3.56188857444702,"public"
0.816352340524581,2.73127580061854,3.41205367213014,1.95971973976457,4.03419848744226,4.44744723574838,3.39532290701131,1.59613896328632,2.64789953134921,4.45236071805877,"public"
0.816352340524581,2.73127580061854,4.26506709016268,1.95971973976457,3.2273587899538,3.5579577885987,3.39532290701131,3.9903474082158,4.41316588558201,3.56188857444702,"public"
2.44905702157374,2.73127580061854,2.55904025409761,2.93957960964686,2.42051909246535,2.66846834144903,1.69766145350566,2.39420844492948,0.882633177116403,2.67141643083526,"public"
2.44905702157374,3.64170106749139,1.70602683606507,2.93957960964686,0.806839697488451,2.66846834144903,0.848830726752828,3.9903474082158,0.882633177116403,0.890472143611754,"public"
4.08176170262291,3.64170106749139,0.853013418032535,3.91943947952914,0.806839697488451,1.77897889429935,0.848830726752828,3.9903474082158,0.882633177116403,2.67141643083526,"public"
2.44905702157374,2.73127580061854,1.70602683606507,3.91943947952914,0.806839697488451,2.66846834144903,0.848830726752828,3.9903474082158,0.882633177116403,0.890472143611754,"public"
2.44905702157374,2.73127580061854,1.70602683606507,2.93957960964686,2.42051909246535,1.77897889429935,0.848830726752828,3.19227792657264,0.882633177116403,0.890472143611754,"public"
3.26540936209832,4.55212633436424,0.853013418032535,3.91943947952914,1.6136793949769,0.889489447149676,0.848830726752828,3.9903474082158,0.882633177116403,1.78094428722351,"public"
3.26540936209832,3.64170106749139,0.853013418032535,3.91943947952914,0.806839697488451,0.889489447149676,0.848830726752828,3.19227792657264,1.76526635423281,1.78094428722351,"public"
3.26540936209832,3.64170106749139,0.853013418032535,3.91943947952914,0.806839697488451,1.77897889429935,0.848830726752828,3.9903474082158,0.882633177116403,2.67141643083526,"public"
3.26540936209832,3.64170106749139,3.41205367213014,3.91943947952914,3.2273587899538,3.5579577885987,4.24415363376414,0.79806948164316,3.53053270846561,2.67141643083526,"public"
2.44905702157374,3.64170106749139,4.26506709016268,3.91943947952914,3.2273587899538,2.66846834144903,1.69766145350566,2.39420844492948,1.76526635423281,2.67141643083526,"public"
1.63270468104916,1.8208505337457,3.41205367213014,1.95971973976457,4.03419848744226,4.44744723574838,2.54649218025848,0.79806948164316,4.41316588558201,4.45236071805877,"public"
0.816352340524581,1.8208505337457,2.55904025409761,1.95971973976457,3.2273587899538,4.44744723574838,3.39532290701131,0.79806948164316,4.41316588558201,2.67141643083526,"public"
1.63270468104916,2.73127580061854,0.853013418032535,2.93957960964686,2.42051909246535,0.889489447149676,1.69766145350566,1.59613896328632,1.76526635423281,1.78094428722351,"public"
1.63270468104916,2.73127580061854,1.70602683606507,2.93957960964686,1.6136793949769,2.66846834144903,1.69766145350566,3.19227792657264,0.882633177116403,2.67141643083526,"public"
0.816352340524581,1.8208505337457,3.41205367213014,1.95971973976457,3.2273587899538,3.5579577885987,2.54649218025848,1.59613896328632,3.53053270846561,3.56188857444702,"public"
2.44905702157374,2.73127580061854,2.55904025409761,2.93957960964686,2.42051909246535,1.77897889429935,1.69766145350566,1.59613896328632,1.76526635423281,2.67141643083526,"public"
0.816352340524581,0.910425266872848,1.70602683606507,2.93957960964686,2.42051909246535,2.66846834144903,2.54649218025848,2.39420844492948,1.76526635423281,2.67141643083526,"public"
2.44905702157374,2.73127580061854,2.55904025409761,2.93957960964686,2.42051909246535,3.5579577885987,2.54649218025848,3.19227792657264,1.76526635423281,2.67141643083526,"public"
1.63270468104916,2.73127580061854,1.70602683606507,2.93957960964686,1.6136793949769,2.66846834144903,1.69766145350566,3.9903474082158,0.882633177116403,1.78094428722351,"public"
3.26540936209832,3.64170106749139,1.70602683606507,3.91943947952914,1.6136793949769,1.77897889429935,1.69766145350566,3.9903474082158,0.882633177116403,1.78094428722351,"public"
4.08176170262291,4.55212633436424,1.70602683606507,4.89929934941143,1.6136793949769,3.5579577885987,1.69766145350566,3.9903474082158,1.76526635423281,0.890472143611754,"public"
3.26540936209832,2.73127580061854,3.41205367213014,2.93957960964686,1.6136793949769,4.44744723574838,0.848830726752828,3.9903474082158,1.76526635423281,2.67141643083526,"public"
3.26540936209832,3.64170106749139,0.853013418032535,2.93957960964686,0.806839697488451,1.77897889429935,1.69766145350566,3.19227792657264,1.76526635423281,1.78094428722351,"public"
2.44905702157374,3.64170106749139,1.70602683606507,2.93957960964686,2.42051909246535,2.66846834144903,1.69766145350566,2.39420844492948,2.64789953134921,2.67141643083526,"public"
1.63270468104916,2.73127580061854,3.41205367213014,2.93957960964686,1.6136793949769,4.44744723574838,1.69766145350566,2.39420844492948,1.76526635423281,4.45236071805877,"public"
4.08176170262291,4.55212633436424,0.853013418032535,4.89929934941143,0.806839697488451,1.77897889429935,1.69766145350566,3.9903474082158,0.882633177116403,1.78094428722351,"public"
4.08176170262291,3.64170106749139,2.55904025409761,2.93957960964686,1.6136793949769,3.5579577885987,0.848830726752828,3.9903474082158,1.76526635423281,1.78094428722351,"public"
2.44905702157374,2.73127580061854,1.70602683606507,3.91943947952914,1.6136793949769,2.66846834144903,1.69766145350566,2.39420844492948,1.76526635423281,1.78094428722351,"public"
4.08176170262291,3.64170106749139,0.853013418032535,3.91943947952914,3.2273587899538,1.77897889429935,0.848830726752828,3.9903474082158,0.882633177116403,0.890472143611754,"public"
1.63270468104916,2.73127580061854,1.70602683606507,1.95971973976457,2.42051909246535,1.77897889429935,1.69766145350566,1.59613896328632,1.76526635423281,1.78094428722351,"public"
4.08176170262291,3.64170106749139,1.70602683606507,4.89929934941143,0.806839697488451,0.889489447149676,0.848830726752828,3.9903474082158,0.882633177116403,0.890472143611754,"public"
1.63270468104916,1.8208505337457,3.41205367213014,2.93957960964686,4.03419848744226,3.5579577885987,3.39532290701131,1.59613896328632,2.64789953134921,3.56188857444702,"public"
2.44905702157374,2.73127580061854,2.55904025409761,2.93957960964686,2.42051909246535,2.66846834144903,3.39532290701131,2.39420844492948,1.76526635423281,2.67141643083526,"public"
1.63270468104916,1.8208505337457,2.55904025409761,1.95971973976457,3.2273587899538,4.44744723574838,2.54649218025848,2.39420844492948,1.76526635423281,4.45236071805877,"public"
0.816352340524581,1.8208505337457,4.26506709016268,0.979859869882286,4.03419848744226,4.44744723574838,3.39532290701131,0.79806948164316,3.53053270846561,3.56188857444702,"public"
3.26540936209832,1.8208505337457,1.70602683606507,1.95971973976457,3.2273587899538,3.5579577885987,1.69766145350566,2.39420844492948,3.53053270846561,2.67141643083526,"public"
2.44905702157374,2.73127580061854,3.41205367213014,2.93957960964686,1.6136793949769,3.5579577885987,1.69766145350566,3.19227792657264,0.882633177116403,1.78094428722351,"public"
2.44905702157374,1.8208505337457,1.70602683606507,1.95971973976457,2.42051909246535,1.77897889429935,3.39532290701131,2.39420844492948,2.64789953134921,1.78094428722351,"public"
2.44905702157374,2.73127580061854,2.55904025409761,2.93957960964686,2.42051909246535,2.66846834144903,1.69766145350566,2.39420844492948,1.76526635423281,1.78094428722351,"public"
4.08176170262291,3.64170106749139,0.853013418032535,3.91943947952914,0.806839697488451,2.66846834144903,0.848830726752828,3.9903474082158,0.882633177116403,1.78094428722351,"public"
2.44905702157374,3.64170106749139,1.70602683606507,2.93957960964686,2.42051909246535,2.66846834144903,2.54649218025848,2.39420844492948,0.882633177116403,2.67141643083526,"public"
2.44905702157374,2.73127580061854,2.55904025409761,2.93957960964686,3.2273587899538,3.5579577885987,2.54649218025848,2.39420844492948,1.76526635423281,4.45236071805877,"public"
3.26540936209832,3.64170106749139,1.70602683606507,3.91943947952914,1.6136793949769,1.77897889429935,2.54649218025848,3.19227792657264,0.882633177116403,1.78094428722351,"public"
4.08176170262291,4.55212633436424,0.853013418032535,4.89929934941143,0.806839697488451,0.889489447149676,0.848830726752828,3.9903474082158,0.882633177116403,1.78094428722351,"public"
0.816352340524581,2.73127580061854,2.55904025409761,2.93957960964686,2.42051909246535,2.66846834144903,2.54649218025848,1.59613896328632,1.76526635423281,1.78094428722351,"public"
2.44905702157374,1.8208505337457,1.70602683606507,2.93957960964686,2.42051909246535,2.66846834144903,0.848830726752828,2.39420844492948,2.64789953134921,1.78094428722351,"public"
2.44905702157374,3.64170106749139,1.70602683606507,3.91943947952914,1.6136793949769,1.77897889429935,0.848830726752828,3.19227792657264,0.882633177116403,0.890472143611754,"public"
2.44905702157374,2.73127580061854,3.41205367213014,1.95971973976457,4.03419848744226,4.44744723574838,1.69766145350566,1.59613896328632,1.76526635423281,2.67141643083526,"public"
2.44905702157374,1.8208505337457,3.41205367213014,2.93957960964686,2.42051909246535,2.66846834144903,1.69766145350566,3.19227792657264,1.76526635423281,1.78094428722351,"public"
2.44905702157374,3.64170106749139,1.70602683606507,2.93957960964686,2.42051909246535,2.66846834144903,2.54649218025848,3.19227792657264,1.76526635423281,2.67141643083526,"public"
0.816352340524581,2.73127580061854,4.26506709016268,1.95971973976457,4.03419848744226,4.44744723574838,2.54649218025848,0.79806948164316,3.53053270846561,4.45236071805877,"public"
4.08176170262291,2.73127580061854,2.55904025409761,2.93957960964686,3.2273587899538,2.66846834144903,0.848830726752828,1.59613896328632,2.64789953134921,1.78094428722351,"public"
2.44905702157374,3.64170106749139,1.70602683606507,2.93957960964686,1.6136793949769,1.77897889429935,1.69766145350566,3.19227792657264,1.76526635423281,3.56188857444702,"public"
4.08176170262291,4.55212633436424,0.853013418032535,3.91943947952914,0.806839697488451,1.77897889429935,0.848830726752828,3.9903474082158,0.882633177116403,1.78094428722351,"public"
2.44905702157374,2.73127580061854,2.55904025409761,2.93957960964686,2.42051909246535,2.66846834144903,2.54649218025848,2.39420844492948,2.64789953134921,2.67141643083526,"public"
2.44905702157374,2.73127580061854,1.70602683606507,3.91943947952914,0.806839697488451,0.889489447149676,1.69766145350566,3.19227792657264,0.882633177116403,2.67141643083526,"public"
1.63270468104916,2.73127580061854,4.26506709016268,2.93957960964686,2.42051909246535,4.44744723574838,4.24415363376414,1.59613896328632,2.64789953134921,3.56188857444702,"public"
3.26540936209832,3.64170106749139,1.70602683606507,2.93957960964686,0.806839697488451,2.66846834144903,0.848830726752828,3.9903474082158,0.882633177116403,1.78094428722351,"public"
4.08176170262291,3.64170106749139,1.70602683606507,3.91943947952914,0.806839697488451,2.66846834144903,0.848830726752828,3.9903474082158,0.882633177116403,1.78094428722351,"public"
0.816352340524581,0.910425266872848,4.26506709016268,0.979859869882286,0.806839697488451,4.44744723574838,4.24415363376414,0.79806948164316,4.41316588558201,4.45236071805877,"public"
2.44905702157374,3.64170106749139,1.70602683606507,4.89929934941143,2.42051909246535,1.77897889429935,1.69766145350566,3.19227792657264,0.882633177116403,0.890472143611754,"public"
2.44905702157374,2.73127580061854,2.55904025409761,2.93957960964686,2.42051909246535,2.66846834144903,1.69766145350566,2.39420844492948,1.76526635423281,2.67141643083526,"public"
3.26540936209832,4.55212633436424,1.70602683606507,3.91943947952914,1.6136793949769,1.77897889429935,1.69766145350566,3.19227792657264,1.76526635423281,1.78094428722351,"public"
0.816352340524581,1.8208505337457,0.853013418032535,1.95971973976457,2.42051909246535,2.66846834144903,1.69766145350566,1.59613896328632,2.64789953134921,2.67141643083526,"public"
0.816352340524581,2.73127580061854,4.26506709016268,1.95971973976457,4.03419848744226,4.44744723574838,4.24415363376414,1.59613896328632,4.41316588558201,3.56188857444702,"public"
0.816352340524581,1.8208505337457,2.55904025409761,2.93957960964686,2.42051909246535,3.5579577885987,2.54649218025848,0.79806948164316,2.64789953134921,2.67141643083526,"public"
2.44905702157374,2.73127580061854,2.55904025409761,1.95971973976457,2.42051909246535,3.5579577885987,3.39532290701131,2.39420844492948,1.76526635423281,2.67141643083526,"public"
4.08176170262291,4.55212633436424,1.70602683606507,3.91943947952914,1.6136793949769,2.66846834144903,2.54649218025848,3.9903474082158,1.76526635423281,0.890472143611754,"public"
3.26540936209832,3.64170106749139,1.70602683606507,3.91943947952914,1.6136793949769,2.66846834144903,2.54649218025848,2.39420844492948,3.53053270846561,1.78094428722351,"public"
2.44905702157374,2.73127580061854,3.41205367213014,2.93957960964686,2.42051909246535,4.44744723574838,1.69766145350566,2.39420844492948,0.882633177116403,1.78094428722351,"public"
1.63270468104916,1.8208505337457,3.41205367213014,2.93957960964686,3.2273587899538,3.5579577885987,2.54649218025848,1.59613896328632,4.41316588558201,3.56188857444702,"public"
2.44905702157374,2.73127580061854,1.70602683606507,2.93957960964686,1.6136793949769,2.66846834144903,1.69766145350566,3.19227792657264,1.76526635423281,1.78094428722351,"public"
3.26540936209832,2.73127580061854,2.55904025409761,2.93957960964686,3.2273587899538,2.66846834144903,0.848830726752828,3.9903474082158,0.882633177116403,1.78094428722351,"public"
3.26540936209832,3.64170106749139,1.70602683606507,3.91943947952914,1.6136793949769,2.66846834144903,0.848830726752828,3.19227792657264,1.76526635423281,2.67141643083526,"public"
2.44905702157374,2.73127580061854,4.26506709016268,1.95971973976457,4.03419848744226,4.44744723574838,2.54649218025848,2.39420844492948,2.64789953134921,4.45236071805877,"public"
3.26540936209832,2.73127580061854,1.70602683606507,2.93957960964686,2.42051909246535,3.5579577885987,1.69766145350566,3.19227792657264,1.76526635423281,2.67141643083526,"public"
2.44905702157374,2.73127580061854,0.853013418032535,2.93957960964686,2.42051909246535,2.66846834144903,1.69766145350566,2.39420844492948,1.76526635423281,1.78094428722351,"public"
3.26540936209832,3.64170106749139,1.70602683606507,3.91943947952914,1.6136793949769,2.66846834144903,2.54649218025848,3.9903474082158,1.76526635423281,2.67141643083526,"public"
2.44905702157374,2.73127580061854,4.26506709016268,2.93957960964686,4.03419848744226,3.5579577885987,2.54649218025848,0.79806948164316,4.41316588558201,4.45236071805877,"public"
3.26540936209832,2.73127580061854,1.70602683606507,2.93957960964686,2.42051909246535,2.66846834144903,0.848830726752828,3.9903474082158,0.882633177116403,1.78094428722351,"public"
4.08176170262291,4.55212633436424,0.853013418032535,3.91943947952914,0.806839697488451,0.889489447149676,0.848830726752828,3.9903474082158,0.882633177116403,0.890472143611754,"public"
0.816352340524581,0.910425266872848,2.55904025409761,0.979859869882286,4.03419848744226,0.889489447149676,3.39532290701131,1.59613896328632,3.53053270846561,4.45236071805877,"public"
3.26540936209832,3.64170106749139,0.853013418032535,3.91943947952914,0.806839697488451,0.889489447149676,1.69766145350566,3.19227792657264,0.882633177116403,1.78094428722351,"public"
3.26540936209832,3.64170106749139,1.70602683606507,3.91943947952914,1.6136793949769,2.66846834144903,1.69766145350566,2.39420844492948,1.76526635423281,1.78094428722351,"public"
1.63270468104916,1.8208505337457,4.26506709016268,1.95971973976457,2.42051909246535,4.44744723574838,3.39532290701131,0.79806948164316,4.41316588558201,4.45236071805877,"public"
3.26540936209832,3.64170106749139,1.70602683606507,3.91943947952914,1.6136793949769,2.66846834144903,0.848830726752828,3.9903474082158,0.882633177116403,0.890472143611754,"public"
1.63270468104916,1.8208505337457,3.41205367213014,1.95971973976457,1.6136793949769,4.44744723574838,3.39532290701131,1.59613896328632,4.41316588558201,3.56188857444702,"public"
1.63270468104916,1.8208505337457,2.55904025409761,1.95971973976457,2.42051909246535,2.66846834144903,3.39532290701131,1.59613896328632,1.76526635423281,2.67141643083526,"public"
2.44905702157374,2.73127580061854,3.41205367213014,2.93957960964686,2.42051909246535,3.5579577885987,2.54649218025848,1.59613896328632,1.76526635423281,3.56188857444702,"public"
3.26540936209832,4.55212633436424,1.70602683606507,4.89929934941143,1.6136793949769,1.77897889429935,1.69766145350566,3.19227792657264,0.882633177116403,1.78094428722351,"public"
1.63270468104916,2.73127580061854,2.55904025409761,2.93957960964686,4.03419848744226,2.66846834144903,2.54649218025848,2.39420844492948,1.76526635423281,2.67141643083526,"public"
0.816352340524581,1.8208505337457,4.26506709016268,2.93957960964686,4.03419848744226,4.44744723574838,3.39532290701131,0.79806948164316,2.64789953134921,1.78094428722351,"public"
0.816352340524581,1.8208505337457,2.55904025409761,2.93957960964686,3.2273587899538,4.44744723574838,1.69766145350566,2.39420844492948,2.64789953134921,3.56188857444702,"public"
0.816352340524581,3.64170106749139,2.55904025409761,1.95971973976457,4.03419848744226,3.5579577885987,0.848830726752828,1.59613896328632,4.41316588558201,4.45236071805877,"public"
3.26540936209832,3.64170106749139,1.70602683606507,1.95971973976457,1.6136793949769,2.66846834144903,1.69766145350566,3.9903474082158,1.76526635423281,1.78094428722351,"public"
2.44905702157374,0.910425266872848,2.55904025409761,2.93957960964686,2.42051909246535,4.44744723574838,2.54649218025848,2.39420844492948,2.64789953134921,2.67141643083526,"public"
3.26540936209832,3.64170106749139,1.70602683606507,2.93957960964686,0.806839697488451,1.77897889429935,0.848830726752828,3.9903474082158,0.882633177116403,1.78094428722351,"public"
3.26540936209832,3.64170106749139,1.70602683606507,2.93957960964686,0.806839697488451,1.77897889429935,0.848830726752828,3.9903474082158,0.882633177116403,1.78094428722351,"public"
3.26540936209832,3.64170106749139,1.70602683606507,3.91943947952914,3.2273587899538,3.5579577885987,1.69766145350566,3.9903474082158,0.882633177116403,1.78094428722351,"public"
2.44905702157374,2.73127580061854,1.70602683606507,2.93957960964686,0.806839697488451,2.66846834144903,2.54649218025848,1.59613896328632,3.53053270846561,2.67141643083526,"public"
3.26540936209832,3.64170106749139,1.70602683606507,2.93957960964686,1.6136793949769,2.66846834144903,1.69766145350566,3.19227792657264,0.882633177116403,2.67141643083526,"public"
2.44905702157374,2.73127580061854,2.55904025409761,1.95971973976457,2.42051909246535,2.66846834144903,1.69766145350566,3.19227792657264,2.64789953134921,2.67141643083526,"public"
2.44905702157374,3.64170106749139,1.70602683606507,4.89929934941143,1.6136793949769,2.66846834144903,1.69766145350566,3.9903474082158,0.882633177116403,0.890472143611754,"public"
2.44905702157374,2.73127580061854,2.55904025409761,3.91943947952914,0.806839697488451,1.77897889429935,0.848830726752828,3.9903474082158,1.76526635423281,2.67141643083526,"public"
3.26540936209832,3.64170106749139,1.70602683606507,3.91943947952914,1.6136793949769,2.66846834144903,1.69766145350566,3.9903474082158,1.76526635423281,1.78094428722351,"public"
3.26540936209832,4.55212633436424,4.26506709016268,4.89929934941143,3.2273587899538,3.5579577885987,3.39532290701131,3.9903474082158,4.41316588558201,3.56188857444702,"public"
0.816352340524581,0.910425266872848,4.26506709016268,0.979859869882286,4.03419848744226,4.44744723574838,4.24415363376414,0.79806948164316,4.41316588558201,4.45236071805877,"public"
2.44905702157374,2.73127580061854,2.55904025409761,2.93957960964686,1.6136793949769,3.5579577885987,1.69766145350566,2.39420844492948,1.76526635423281,3.56188857444702,"public"
1.63270468104916,0.910425266872848,2.55904025409761,1.95971973976457,4.03419848744226,3.5579577885987,1.69766145350566,3.19227792657264,2.64789953134921,2.67141643083526,"public"
1.63270468104916,2.73127580061854,0.853013418032535,3.91943947952914,4.03419848744226,3.5579577885987,3.39532290701131,2.39420844492948,3.53053270846561,3.56188857444702,"public"
2.44905702157374,2.73127580061854,3.41205367213014,2.93957960964686,3.2273587899538,3.5579577885987,1.69766145350566,2.39420844492948,1.76526635423281,2.67141643083526,"public"
3.26540936209832,3.64170106749139,0.853013418032535,3.91943947952914,0.806839697488451,1.77897889429935,0.848830726752828,3.9903474082158,0.882633177116403,1.78094428722351,"public"
3.26540936209832,2.73127580061854,1.70602683606507,3.91943947952914,1.6136793949769,2.66846834144903,1.69766145350566,3.19227792657264,1.76526635423281,2.67141643083526,"public"
1.63270468104916,2.73127580061854,2.55904025409761,2.93957960964686,2.42051909246535,2.66846834144903,1.69766145350566,2.39420844492948,1.76526635423281,2.67141643083526,"public"
4.08176170262291,4.55212633436424,0.853013418032535,4.89929934941143,0.806839697488451,0.889489447149676,1.69766145350566,3.19227792657264,1.76526635423281,0.890472143611754,"public"
1.63270468104916,4.55212633436424,0.853013418032535,3.91943947952914,4.03419848744226,3.5579577885987,2.54649218025848,2.39420844492948,1.76526635423281,2.67141643083526,"public"
2.44905702157374,3.64170106749139,1.70602683606507,3.91943947952914,3.2273587899538,2.66846834144903,0.848830726752828,3.9903474082158,1.76526635423281,2.67141643083526,"public"
2.44905702157374,4.55212633436424,0.853013418032535,2.93957960964686,2.42051909246535,0.889489447149676,2.54649218025848,2.39420844492948,2.64789953134921,2.67141643083526,"public"
2.44905702157374,3.64170106749139,1.70602683606507,3.91943947952914,1.6136793949769,2.66846834144903,1.69766145350566,3.19227792657264,0.882633177116403,2.67141643083526,"public"
2.44905702157374,2.73127580061854,2.55904025409761,3.91943947952914,2.42051909246535,2.66846834144903,1.69766145350566,2.39420844492948,0.882633177116403,2.67141643083526,"public"
1.63270468104916,2.73127580061854,1.70602683606507,2.93957960964686,4.03419848744226,3.5579577885987,3.39532290701131,0.79806948164316,3.53053270846561,1.78094428722351,"public"
3.26540936209832,4.55212633436424,1.70602683606507,4.89929934941143,1.6136793949769,1.77897889429935,1.69766145350566,3.19227792657264,1.76526635423281,3.56188857444702,"public"
1.63270468104916,1.8208505337457,3.41205367213014,1.95971973976457,3.2273587899538,3.5579577885987,2.54649218025848,1.59613896328632,2.64789953134921,2.67141643083526,"public"
1.63270468104916,1.8208505337457,2.55904025409761,2.93957960964686,4.03419848744226,3.5579577885987,3.39532290701131,2.39420844492948,3.53053270846561,2.67141643083526,"public"
1.63270468104916,2.73127580061854,2.55904025409761,1.95971973976457,3.2273587899538,2.66846834144903,2.54649218025848,1.59613896328632,3.53053270846561,3.56188857444702,"public"
1.63270468104916,4.55212633436424,3.41205367213014,4.89929934941143,2.42051909246535,2.66846834144903,2.54649218025848,3.9903474082158,1.76526635423281,2.67141643083526,"public"
0.816352340524581,1.8208505337457,2.55904025409761,0.979859869882286,2.42051909246535,4.44744723574838,2.54649218025848,3.19227792657264,1.76526635423281,1.78094428722351,"public"
3.26540936209832,4.55212633436424,2.55904025409761,3.91943947952914,2.42051909246535,2.66846834144903,4.24415363376414,3.9903474082158,2.64789953134921,2.67141643083526,"public"
1.63270468104916,0.910425266872848,2.55904025409761,1.95971973976457,4.03419848744226,2.66846834144903,2.54649218025848,3.19227792657264,1.76526635423281,4.45236071805877,"public"
2.44905702157374,2.73127580061854,4.26506709016268,1.95971973976457,4.03419848744226,3.5579577885987,3.39532290701131,1.59613896328632,2.64789953134921,4.45236071805877,"public"
1.63270468104916,1.8208505337457,3.41205367213014,1.95971973976457,4.03419848744226,3.5579577885987,3.39532290701131,1.59613896328632,4.41316588558201,4.45236071805877,"public"
2.44905702157374,3.64170106749139,1.70602683606507,3.91943947952914,1.6136793949769,2.66846834144903,0.848830726752828,3.9903474082158,1.76526635423281,2.67141643083526,"public"
0.816352340524581,2.73127580061854,4.26506709016268,2.93957960964686,1.6136793949769,3.5579577885987,3.39532290701131,1.59613896328632,3.53053270846561,2.67141643083526,"public"
2.44905702157374,4.55212633436424,2.55904025409761,4.89929934941143,0.806839697488451,4.44744723574838,0.848830726752828,3.9903474082158,0.882633177116403,0.890472143611754,"public"
3.26540936209832,1.8208505337457,0.853013418032535,2.93957960964686,0.806839697488451,2.66846834144903,1.69766145350566,3.9903474082158,0.882633177116403,1.78094428722351,"public"
2.44905702157374,2.73127580061854,2.55904025409761,2.93957960964686,2.42051909246535,2.66846834144903,2.54649218025848,2.39420844492948,2.64789953134921,2.67141643083526,"public"
4.08176170262291,3.64170106749139,0.853013418032535,2.93957960964686,0.806839697488451,3.5579577885987,0.848830726752828,0.79806948164316,0.882633177116403,2.67141643083526,"public"
2.44905702157374,2.73127580061854,3.41205367213014,1.95971973976457,4.03419848744226,3.5579577885987,1.69766145350566,0.79806948164316,2.64789953134921,1.78094428722351,"public"
2.44905702157374,1.8208505337457,2.55904025409761,2.93957960964686,2.42051909246535,2.66846834144903,2.54649218025848,2.39420844492948,1.76526635423281,2.67141643083526,"public"
3.26540936209832,2.73127580061854,1.70602683606507,3.91943947952914,4.03419848744226,2.66846834144903,1.69766145350566,3.19227792657264,0.882633177116403,1.78094428722351,"public"
3.26540936209832,3.64170106749139,1.70602683606507,2.93957960964686,4.03419848744226,2.66846834144903,0.848830726752828,3.9903474082158,0.882633177116403,1.78094428722351,"public"
0.816352340524581,1.8208505337457,4.26506709016268,3.91943947952914,0.806839697488451,3.5579577885987,2.54649218025848,1.59613896328632,2.64789953134921,1.78094428722351,"public"
2.44905702157374,1.8208505337457,2.55904025409761,1.95971973976457,2.42051909246535,1.77897889429935,2.54649218025848,3.19227792657264,2.64789953134921,2.67141643083526,"public"
0.816352340524581,1.8208505337457,2.55904025409761,1.95971973976457,2.42051909246535,3.5579577885987,3.39532290701131,0.79806948164316,3.53053270846561,4.45236071805877,"public"
3.26540936209832,2.73127580061854,1.70602683606507,2.93957960964686,1.6136793949769,2.66846834144903,0.848830726752828,3.19227792657264,0.882633177116403,3.56188857444702,"public"
1.63270468104916,2.73127580061854,2.55904025409761,2.93957960964686,2.42051909246535,2.66846834144903,2.54649218025848,0.79806948164316,2.64789953134921,0.890472143611754,"public"
0.816352340524581,1.8208505337457,4.26506709016268,2.93957960964686,4.03419848744226,4.44744723574838,2.54649218025848,2.39420844492948,0.882633177116403,3.56188857444702,"public"
2.44905702157374,3.64170106749139,2.55904025409761,3.91943947952914,2.42051909246535,2.66846834144903,0.848830726752828,3.19227792657264,1.76526635423281,0.890472143611754,"public"
2.44905702157374,2.73127580061854,3.41205367213014,2.93957960964686,3.2273587899538,2.66846834144903,2.54649218025848,2.39420844492948,2.64789953134921,1.78094428722351,"public"
3.26540936209832,3.64170106749139,1.70602683606507,3.91943947952914,2.42051909246535,0.889489447149676,2.54649218025848,3.19227792657264,1.76526635423281,2.67141643083526,"public"
2.44905702157374,2.73127580061854,2.55904025409761,2.93957960964686,2.42051909246535,2.66846834144903,0.848830726752828,1.59613896328632,3.53053270846561,0.890472143611754,"public"
3.26540936209832,2.73127580061854,0.853013418032535,3.91943947952914,1.6136793949769,1.77897889429935,0.848830726752828,2.39420844492948,0.882633177116403,0.890472143611754,"public"
2.44905702157374,3.64170106749139,1.70602683606507,3.91943947952914,0.806839697488451,2.66846834144903,0.848830726752828,2.39420844492948,0.882633177116403,1.78094428722351,"public"
3.26540936209832,3.64170106749139,2.55904025409761,3.91943947952914,3.2273587899538,2.66846834144903,1.69766145350566,2.39420844492948,1.76526635423281,2.67141643083526,"public"
3.26540936209832,3.64170106749139,1.70602683606507,3.91943947952914,1.6136793949769,1.77897889429935,0.848830726752828,0.79806948164316,0.882633177116403,0.890472143611754,"public"
2.44905702157374,1.8208505337457,2.55904025409761,2.93957960964686,2.42051909246535,3.5579577885987,1.69766145350566,2.39420844492948,1.76526635423281,2.67141643083526,"public"
2.44905702157374,2.73127580061854,2.55904025409761,3.91943947952914,1.6136793949769,2.66846834144903,1.69766145350566,3.19227792657264,1.76526635423281,1.78094428722351,"public"
3.26540936209832,2.73127580061854,2.55904025409761,2.93957960964686,2.42051909246535,2.66846834144903,2.54649218025848,3.19227792657264,2.64789953134921,2.67141643083526,"public"
2.44905702157374,2.73127580061854,2.55904025409761,2.93957960964686,3.2273587899538,2.66846834144903,2.54649218025848,1.59613896328632,2.64789953134921,2.67141643083526,"public"
1.63270468104916,2.73127580061854,2.55904025409761,2.93957960964686,2.42051909246535,3.5579577885987,1.69766145350566,2.39420844492948,2.64789953134921,2.67141643083526,"public"
4.08176170262291,3.64170106749139,3.41205367213014,3.91943947952914,2.42051909246535,3.5579577885987,1.69766145350566,3.9903474082158,1.76526635423281,2.67141643083526,"public"
1.63270468104916,2.73127580061854,1.70602683606507,2.93957960964686,1.6136793949769,1.77897889429935,1.69766145350566,3.19227792657264,0.882633177116403,2.67141643083526,"public"
2.44905702157374,2.73127580061854,2.55904025409761,2.93957960964686,2.42051909246535,2.66846834144903,3.39532290701131,2.39420844492948,1.76526635423281,2.67141643083526,"public"
3.26540936209832,2.73127580061854,3.41205367213014,3.91943947952914,3.2273587899538,2.66846834144903,2.54649218025848,3.19227792657264,2.64789953134921,3.56188857444702,"public"
0.816352340524581,0.910425266872848,3.41205367213014,1.95971973976457,4.03419848744226,3.5579577885987,2.54649218025848,0.79806948164316,3.53053270846561,4.45236071805877,"public"
2.44905702157374,4.55212633436424,1.70602683606507,3.91943947952914,0.806839697488451,1.77897889429935,1.69766145350566,3.9903474082158,1.76526635423281,1.78094428722351,"public"
1.63270468104916,2.73127580061854,3.41205367213014,2.93957960964686,4.03419848744226,3.5579577885987,3.39532290701131,2.39420844492948,1.76526635423281,4.45236071805877,"public"
4.08176170262291,3.64170106749139,1.70602683606507,3.91943947952914,0.806839697488451,2.66846834144903,0.848830726752828,3.9903474082158,0.882633177116403,1.78094428722351,"public"
3.26540936209832,3.64170106749139,1.70602683606507,3.91943947952914,0.806839697488451,2.66846834144903,0.848830726752828,3.9903474082158,0.882633177116403,2.67141643083526,"public"
3.26540936209832,3.64170106749139,1.70602683606507,2.93957960964686,1.6136793949769,2.66846834144903,1.69766145350566,3.19227792657264,1.76526635423281,2.67141643083526,"public"
3.26540936209832,0.910425266872848,2.55904025409761,1.95971973976457,2.42051909246535,4.44744723574838,1.69766145350566,3.19227792657264,0.882633177116403,1.78094428722351,"public"
3.26540936209832,3.64170106749139,2.55904025409761,3.91943947952914,3.2273587899538,2.66846834144903,1.69766145350566,3.19227792657264,0.882633177116403,2.67141643083526,"public"
3.26540936209832,2.73127580061854,0.853013418032535,4.89929934941143,0.806839697488451,3.5579577885987,1.69766145350566,3.19227792657264,0.882633177116403,3.56188857444702,"public"
2.44905702157374,2.73127580061854,2.55904025409761,2.93957960964686,2.42051909246535,2.66846834144903,2.54649218025848,3.19227792657264,2.64789953134921,3.56188857444702,"public"
4.08176170262291,4.55212633436424,1.70602683606507,3.91943947952914,0.806839697488451,1.77897889429935,0.848830726752828,3.9903474082158,0.882633177116403,0.890472143611754,"public"
2.44905702157374,3.64170106749139,0.853013418032535,3.91943947952914,1.6136793949769,0.889489447149676,1.69766145350566,2.39420844492948,0.882633177116403,1.78094428722351,"public"
0.816352340524581,2.73127580061854,2.55904025409761,1.95971973976457,3.2273587899538,2.66846834144903,2.54649218025848,0.79806948164316,2.64789953134921,3.56188857444702,"public"
2.44905702157374,2.73127580061854,2.55904025409761,2.93957960964686,2.42051909246535,2.66846834144903,2.54649218025848,2.39420844492948,2.64789953134921,2.67141643083526,"public"
3.26540936209832,2.73127580061854,2.55904025409761,2.93957960964686,1.6136793949769,2.66846834144903,1.69766145350566,2.39420844492948,1.76526635423281,2.67141643083526,"public"
0.816352340524581,1.8208505337457,3.41205367213014,0.979859869882286,3.2273587899538,3.5579577885987,3.39532290701131,1.59613896328632,2.64789953134921,3.56188857444702,"public"
0.816352340524581,2.73127580061854,3.41205367213014,1.95971973976457,4.03419848744226,4.44744723574838,4.24415363376414,2.39420844492948,3.53053270846561,3.56188857444702,"public"
2.44905702157374,2.73127580061854,2.55904025409761,2.93957960964686,2.42051909246535,4.44744723574838,2.54649218025848,2.39420844492948,2.64789953134921,4.45236071805877,"public"
2.44905702157374,1.8208505337457,2.55904025409761,1.95971973976457,2.42051909246535,2.66846834144903,2.54649218025848,2.39420844492948,1.76526635423281,2.67141643083526,"public"
2.44905702157374,3.64170106749139,0.853013418032535,2.93957960964686,0.806839697488451,2.66846834144903,1.69766145350566,3.19227792657264,0.882633177116403,1.78094428722351,"public"
2.44905702157374,1.8208505337457,2.55904025409761,2.93957960964686,2.42051909246535,2.66846834144903,1.69766145350566,2.39420844492948,1.76526635423281,2.67141643083526,"public"
2.44905702157374,2.73127580061854,2.55904025409761,2.93957960964686,2.42051909246535,2.66846834144903,2.54649218025848,1.59613896328632,2.64789953134921,2.67141643083526,"public"
4.08176170262291,3.64170106749139,1.70602683606507,2.93957960964686,0.806839697488451,2.66846834144903,1.69766145350566,3.19227792657264,1.76526635423281,3.56188857444702,"public"
2.44905702157374,3.64170106749139,1.70602683606507,3.91943947952914,1.6136793949769,2.66846834144903,1.69766145350566,3.19227792657264,1.76526635423281,1.78094428722351,"public"
3.26540936209832,3.64170106749139,1.70602683606507,2.93957960964686,0.806839697488451,1.77897889429935,0.848830726752828,3.9903474082158,0.882633177116403,1.78094428722351,"public"
0.816352340524581,0.910425266872848,3.41205367213014,2.93957960964686,2.42051909246535,2.66846834144903,4.24415363376414,0.79806948164316,2.64789953134921,4.45236071805877,"public"
2.44905702157374,3.64170106749139,1.70602683606507,3.91943947952914,2.42051909246535,2.66846834144903,3.39532290701131,1.59613896328632,0.882633177116403,2.67141643083526,"public"
0.816352340524581,0.910425266872848,4.26506709016268,1.95971973976457,3.2273587899538,3.5579577885987,3.39532290701131,3.9903474082158,3.53053270846561,4.45236071805877,"public"
3.26540936209832,3.64170106749139,1.70602683606507,3.91943947952914,1.6136793949769,2.66846834144903,1.69766145350566,3.9903474082158,1.76526635423281,1.78094428722351,"public"
4.08176170262291,4.55212633436424,0.853013418032535,3.91943947952914,0.806839697488451,1.77897889429935,0.848830726752828,3.19227792657264,0.882633177116403,2.67141643083526,"public"
3.26540936209832,3.64170106749139,0.853013418032535,3.91943947952914,2.42051909246535,2.66846834144903,0.848830726752828,3.9903474082158,0.882633177116403,0.890472143611754,"public"
1.63270468104916,2.73127580061854,2.55904025409761,2.93957960964686,2.42051909246535,3.5579577885987,3.39532290701131,2.39420844492948,2.64789953134921,4.45236071805877,"public"
2.44905702157374,3.64170106749139,1.70602683606507,2.93957960964686,1.6136793949769,2.66846834144903,1.69766145350566,3.19227792657264,2.64789953134921,1.78094428722351,"public"
2.44905702157374,2.73127580061854,2.55904025409761,1.95971973976457,2.42051909246535,2.66846834144903,2.54649218025848,1.59613896328632,1.76526635423281,2.67141643083526,"public"
1.63270468104916,2.73127580061854,3.41205367213014,2.93957960964686,2.42051909246535,4.44744723574838,2.54649218025848,2.39420844492948,1.76526635423281,3.56188857444702,"public"
2.44905702157374,2.73127580061854,2.55904025409761,2.93957960964686,2.42051909246535,3.5579577885987,1.69766145350566,3.19227792657264,1.76526635423281,3.56188857444702,"public"
0.816352340524581,1.8208505337457,3.41205367213014,1.95971973976457,4.03419848744226,4.44744723574838,3.39532290701131,2.39420844492948,2.64789953134921,3.56188857444702,"public"
3.26540936209832,3.64170106749139,3.41205367213014,3.91943947952914,3.2273587899538,3.5579577885987,1.69766145350566,3.9903474082158,0.882633177116403,1.78094428722351,"public"
4.08176170262291,4.55212633436424,0.853013418032535,3.91943947952914,0.806839697488451,1.77897889429935,0.848830726752828,3.9903474082158,0.882633177116403,1.78094428722351,"public"
4.08176170262291,3.64170106749139,1.70602683606507,4.89929934941143,2.42051909246535,2.66846834144903,1.69766145350566,3.9903474082158,1.76526635423281,1.78094428722351,"public"
1.63270468104916,2.73127580061854,3.41205367213014,1.95971973976457,3.2273587899538,4.44744723574838,3.39532290701131,2.39420844492948,1.76526635423281,3.56188857444702,"public"
2.44905702157374,2.73127580061854,2.55904025409761,2.93957960964686,2.42051909246535,2.66846834144903,2.54649218025848,2.39420844492948,2.64789953134921,2.67141643083526,"public"
2.44905702157374,2.73127580061854,3.41205367213014,2.93957960964686,2.42051909246535,3.5579577885987,3.39532290701131,3.19227792657264,3.53053270846561,2.67141643083526,"public"
2.44905702157374,2.73127580061854,1.70602683606507,2.93957960964686,2.42051909246535,3.5579577885987,3.39532290701131,2.39420844492948,1.76526635423281,2.67141643083526,"public"
1.63270468104916,2.73127580061854,3.41205367213014,2.93957960964686,2.42051909246535,2.66846834144903,1.69766145350566,2.39420844492948,1.76526635423281,2.67141643083526,"public"
3.26540936209832,2.73127580061854,1.70602683606507,2.93957960964686,1.6136793949769,1.77897889429935,1.69766145350566,3.19227792657264,0.882633177116403,1.78094428722351,"public"
2.44905702157374,2.73127580061854,1.70602683606507,3.91943947952914,2.42051909246535,2.66846834144903,0.848830726752828,3.9903474082158,0.882633177116403,1.78094428722351,"public"
3.26540936209832,3.64170106749139,0.853013418032535,3.91943947952914,0.806839697488451,1.77897889429935,0.848830726752828,3.9903474082158,1.76526635423281,1.78094428722351,"public"
3.26540936209832,3.64170106749139,1.70602683606507,3.91943947952914,0.806839697488451,1.77897889429935,0.848830726752828,3.9903474082158,1.76526635423281,1.78094428722351,"public"
3.26540936209832,2.73127580061854,1.70602683606507,2.93957960964686,1.6136793949769,2.66846834144903,1.69766145350566,3.19227792657264,1.76526635423281,2.67141643083526,"public"
1.63270468104916,1.8208505337457,2.55904025409761,1.95971973976457,1.6136793949769,1.77897889429935,1.69766145350566,0.79806948164316,2.64789953134921,4.45236071805877,"public"
2.44905702157374,2.73127580061854,2.55904025409761,2.93957960964686,2.42051909246535,2.66846834144903,1.69766145350566,3.19227792657264,1.76526635423281,1.78094428722351,"public"
0.816352340524581,2.73127580061854,3.41205367213014,2.93957960964686,4.03419848744226,4.44744723574838,3.39532290701131,1.59613896328632,2.64789953134921,3.56188857444702,"public"
3.26540936209832,2.73127580061854,0.853013418032535,4.89929934941143,3.2273587899538,1.77897889429935,0.848830726752828,3.9903474082158,0.882633177116403,0.890472143611754,"public"
0.816352340524581,0.910425266872848,0.853013418032535,0.979859869882286,4.03419848744226,4.44744723574838,3.39532290701131,0.79806948164316,3.53053270846561,3.56188857444702,"public"
1.63270468104916,1.8208505337457,2.55904025409761,2.93957960964686,2.42051909246535,3.5579577885987,1.69766145350566,3.9903474082158,1.76526635423281,2.67141643083526,"public"
4.08176170262291,3.64170106749139,1.70602683606507,4.89929934941143,0.806839697488451,1.77897889429935,1.69766145350566,3.19227792657264,0.882633177116403,1.78094428722351,"public"
2.44905702157374,1.8208505337457,2.55904025409761,2.93957960964686,3.2273587899538,3.5579577885987,2.54649218025848,1.59613896328632,0.882633177116403,3.56188857444702,"public"
4.08176170262291,3.64170106749139,0.853013418032535,3.91943947952914,0.806839697488451,1.77897889429935,0.848830726752828,3.9903474082158,0.882633177116403,1.78094428722351,"public"
3.26540936209832,3.64170106749139,2.55904025409761,2.93957960964686,0.806839697488451,4.44744723574838,1.69766145350566,3.19227792657264,1.76526635423281,2.67141643083526,"public"
0.816352340524581,2.73127580061854,1.70602683606507,2.93957960964686,1.6136793949769,1.77897889429935,2.54649218025848,1.59613896328632,1.76526635423281,0.890472143611754,"public"
4.08176170262291,4.55212633436424,4.26506709016268,4.89929934941143,4.03419848744226,4.44744723574838,4.24415363376414,3.9903474082158,4.41316588558201,4.45236071805877,"public"
4.08176170262291,2.73127580061854,3.41205367213014,3.91943947952914,2.42051909246535,2.66846834144903,3.39532290701131,3.19227792657264,2.64789953134921,1.78094428722351,"public"
0.816352340524581,0.910425266872848,4.26506709016268,1.95971973976457,4.03419848744226,4.44744723574838,4.24415363376414,0.79806948164316,4.41316588558201,4.45236071805877,"public"
2.44905702157374,1.8208505337457,0.853013418032535,2.93957960964686,3.2273587899538,4.44744723574838,1.69766145350566,2.39420844492948,1.76526635423281,3.56188857444702,"public"
2.44905702157374,2.73127580061854,2.55904025409761,2.93957960964686,2.42051909246535,2.66846834144903,1.69766145350566,3.19227792657264,0.882633177116403,1.78094428722351,"public"
0.816352340524581,0.910425266872848,3.41205367213014,2.93957960964686,2.42051909246535,4.44744723574838,1.69766145350566,1.59613896328632,2.64789953134921,3.56188857444702,"public"
2.44905702157374,2.73127580061854,0.853013418032535,3.91943947952914,2.42051909246535,1.77897889429935,2.54649218025848,1.59613896328632,2.64789953134921,3.56188857444702,"public"
3.26540936209832,2.73127580061854,0.853013418032535,2.93957960964686,0.806839697488451,4.44744723574838,0.848830726752828,3.9903474082158,0.882633177116403,2.67141643083526,"public"
0.816352340524581,1.8208505337457,3.41205367213014,3.91943947952914,2.42051909246535,4.44744723574838,2.54649218025848,2.39420844492948,2.64789953134921,3.56188857444702,"public"
2.44905702157374,2.73127580061854,0.853013418032535,4.89929934941143,1.6136793949769,0.889489447149676,1.69766145350566,2.39420844492948,1.76526635423281,1.78094428722351,"public"
2.44905702157374,2.73127580061854,2.55904025409761,3.91943947952914,2.42051909246535,2.66846834144903,2.54649218025848,3.19227792657264,1.76526635423281,2.67141643083526,"public"
1.63270468104916,2.73127580061854,1.70602683606507,2.93957960964686,2.42051909246535,2.66846834144903,2.54649218025848,2.39420844492948,1.76526635423281,1.78094428722351,"public"
1.63270468104916,0.910425266872848,3.41205367213014,2.93957960964686,4.03419848744226,4.44744723574838,3.39532290701131,1.59613896328632,3.53053270846561,4.45236071805877,"public"
1.63270468104916,1.8208505337457,1.70602683606507,2.93957960964686,2.42051909246535,1.77897889429935,3.39532290701131,2.39420844492948,1.76526635423281,2.67141643083526,"public"
2.44905702157374,2.73127580061854,3.41205367213014,3.91943947952914,2.42051909246535,2.66846834144903,1.69766145350566,2.39420844492948,1.76526635423281,2.67141643083526,"public"
1.63270468104916,1.8208505337457,1.70602683606507,2.93957960964686,2.42051909246535,2.66846834144903,2.54649218025848,1.59613896328632,0.882633177116403,0.890472143611754,"public"
3.26540936209832,3.64170106749139,0.853013418032535,3.91943947952914,0.806839697488451,2.66846834144903,0.848830726752828,3.9903474082158,0.882633177116403,0.890472143611754,"public"
2.44905702157374,3.64170106749139,0.853013418032535,2.93957960964686,0.806839697488451,2.66846834144903,1.69766145350566,3.19227792657264,1.76526635423281,2.67141643083526,"public"
4.08176170262291,4.55212633436424,0.853013418032535,4.89929934941143,4.03419848744226,0.889489447149676,0.848830726752828,3.9903474082158,0.882633177116403,0.890472143611754,"public"
2.44905702157374,3.64170106749139,1.70602683606507,2.93957960964686,2.42051909246535,1.77897889429935,1.69766145350566,2.39420844492948,1.76526635423281,2.67141643083526,"public"
4.08176170262291,4.55212633436424,0.853013418032535,4.89929934941143,0.806839697488451,0.889489447149676,0.848830726752828,3.9903474082158,0.882633177116403,0.890472143611754,"public"
4.08176170262291,4.55212633436424,0.853013418032535,4.89929934941143,0.806839697488451,1.77897889429935,0.848830726752828,3.9903474082158,0.882633177116403,0.890472143611754,"public"
2.44905702157374,2.73127580061854,1.70602683606507,3.91943947952914,1.6136793949769,1.77897889429935,1.69766145350566,2.39420844492948,1.76526635423281,1.78094428722351,"public"
2.44905702157374,1.8208505337457,2.55904025409761,2.93957960964686,2.42051909246535,3.5579577885987,1.69766145350566,2.39420844492948,0.882633177116403,2.67141643083526,"public"
2.44905702157374,2.73127580061854,0.853013418032535,3.91943947952914,0.806839697488451,2.66846834144903,1.69766145350566,3.19227792657264,1.76526635423281,2.67141643083526,"public"
3.26540936209832,3.64170106749139,1.70602683606507,3.91943947952914,1.6136793949769,1.77897889429935,1.69766145350566,3.9903474082158,0.882633177116403,1.78094428722351,"public"
2.44905702157374,2.73127580061854,1.70602683606507,3.91943947952914,1.6136793949769,2.66846834144903,1.69766145350566,2.39420844492948,1.76526635423281,2.67141643083526,"public"
0.816352340524581,2.73127580061854,3.41205367213014,1.95971973976457,3.2273587899538,4.44744723574838,3.39532290701131,1.59613896328632,1.76526635423281,2.67141643083526,"public"
1.63270468104916,1.8208505337457,1.70602683606507,2.93957960964686,0.806839697488451,2.66846834144903,1.69766145350566,3.19227792657264,1.76526635423281,1.78094428722351,"public"
3.26540936209832,3.64170106749139,1.70602683606507,3.91943947952914,1.6136793949769,2.66846834144903,1.69766145350566,3.19227792657264,1.76526635423281,1.78094428722351,"public"
3.26540936209832,4.55212633436424,1.70602683606507,4.89929934941143,1.6136793949769,4.44744723574838,2.54649218025848,3.9903474082158,0.882633177116403,0.890472143611754,"public"
3.26540936209832,3.64170106749139,1.70602683606507,3.91943947952914,1.6136793949769,1.77897889429935,0.848830726752828,3.19227792657264,0.882633177116403,1.78094428722351,"public"
3.26540936209832,3.64170106749139,3.41205367213014,2.93957960964686,2.42051909246535,3.5579577885987,1.69766145350566,2.39420844492948,2.64789953134921,3.56188857444702,"public"
2.44905702157374,1.8208505337457,1.70602683606507,3.91943947952914,3.2273587899538,4.44744723574838,2.54649218025848,1.59613896328632,3.53053270846561,4.45236071805877,"public"
1.63270468104916,2.73127580061854,0.853013418032535,0.979859869882286,1.6136793949769,2.66846834144903,3.39532290701131,0.79806948164316,1.76526635423281,1.78094428722351,"public"
2.44905702157374,2.73127580061854,2.55904025409761,2.93957960964686,3.2273587899538,2.66846834144903,1.69766145350566,3.9903474082158,1.76526635423281,2.67141643083526,"public"
3.26540936209832,2.73127580061854,1.70602683606507,3.91943947952914,2.42051909246535,3.5579577885987,2.54649218025848,2.39420844492948,2.64789953134921,3.56188857444702,"public"
2.44905702157374,3.64170106749139,1.70602683606507,2.93957960964686,1.6136793949769,2.66846834144903,0.848830726752828,3.19227792657264,1.76526635423281,1.78094428722351,"public"
0.816352340524581,0.910425266872848,4.26506709016268,1.95971973976457,4.03419848744226,4.44744723574838,4.24415363376414,0.79806948164316,4.41316588558201,4.45236071805877,"public"
2.44905702157374,2.73127580061854,1.70602683606507,2.93957960964686,1.6136793949769,3.5579577885987,1.69766145350566,3.19227792657264,2.64789953134921,2.67141643083526,"public"
2.44905702157374,2.73127580061854,2.55904025409761,2.93957960964686,2.42051909246535,2.66846834144903,2.54649218025848,2.39420844492948,3.53053270846561,2.67141643083526,"public"
1.63270468104916,0.910425266872848,2.55904025409761,2.93957960964686,2.42051909246535,3.5579577885987,2.54649218025848,1.59613896328632,2.64789953134921,2.67141643083526,"public"
2.44905702157374,2.73127580061854,3.41205367213014,1.95971973976457,1.6136793949769,2.66846834144903,0.848830726752828,3.9903474082158,0.882633177116403,2.67141643083526,"public"
4.08176170262291,3.64170106749139,3.41205367213014,2.93957960964686,3.2273587899538,0.889489447149676,0.848830726752828,3.19227792657264,2.64789953134921,2.67141643083526,"public"
2.44905702157374,1.8208505337457,2.55904025409761,2.93957960964686,3.2273587899538,2.66846834144903,1.69766145350566,3.19227792657264,1.76526635423281,2.67141643083526,"public"
4.08176170262291,4.55212633436424,0.853013418032535,4.89929934941143,0.806839697488451,0.889489447149676,0.848830726752828,3.9903474082158,0.882633177116403,0.890472143611754,"public"
2.44905702157374,2.73127580061854,0.853013418032535,2.93957960964686,1.6136793949769,2.66846834144903,1.69766145350566,3.19227792657264,1.76526635423281,0.890472143611754,"public"
2.44905702157374,1.8208505337457,2.55904025409761,2.93957960964686,2.42051909246535,2.66846834144903,2.54649218025848,1.59613896328632,2.64789953134921,2.67141643083526,"public"
1.63270468104916,1.8208505337457,4.26506709016268,0.979859869882286,4.03419848744226,4.44744723574838,2.54649218025848,1.59613896328632,2.64789953134921,2.67141643083526,"public"
2.44905702157374,3.64170106749139,2.55904025409761,3.91943947952914,1.6136793949769,3.5579577885987,1.69766145350566,3.9903474082158,0.882633177116403,2.67141643083526,"public"
1.63270468104916,1.8208505337457,1.70602683606507,1.95971973976457,1.6136793949769,1.77897889429935,2.54649218025848,2.39420844492948,1.76526635423281,2.67141643083526,"public"
0.816352340524581,0.910425266872848,3.41205367213014,0.979859869882286,4.03419848744226,4.44744723574838,2.54649218025848,0.79806948164316,2.64789953134921,3.56188857444702,"public"
1.63270468104916,3.64170106749139,2.55904025409761,2.93957960964686,3.2273587899538,4.44744723574838,3.39532290701131,2.39420844492948,3.53053270846561,1.78094428722351,"public"
0.816352340524581,0.910425266872848,0.853013418032535,0.979859869882286,0.806839697488451,0.889489447149676,0.848830726752828,0.79806948164316,0.882633177116403,0.890472143611754,"public"
4.08176170262291,4.55212633436424,1.70602683606507,3.91943947952914,0.806839697488451,2.66846834144903,0.848830726752828,3.9903474082158,0.882633177116403,1.78094428722351,"public"
0.816352340524581,2.73127580061854,2.55904025409761,1.95971973976457,2.42051909246535,3.5579577885987,3.39532290701131,1.59613896328632,3.53053270846561,3.56188857444702,"public"
1.63270468104916,2.73127580061854,0.853013418032535,2.93957960964686,3.2273587899538,2.66846834144903,1.69766145350566,2.39420844492948,0.882633177116403,1.78094428722351,"public"
0.816352340524581,2.73127580061854,4.26506709016268,0.979859869882286,0.806839697488451,4.44744723574838,4.24415363376414,0.79806948164316,4.41316588558201,4.45236071805877,"public"
3.26540936209832,2.73127580061854,1.70602683606507,3.91943947952914,0.806839697488451,1.77897889429935,0.848830726752828,3.9903474082158,0.882633177116403,0.890472143611754,"public"
3.26540936209832,2.73127580061854,2.55904025409761,2.93957960964686,2.42051909246535,3.5579577885987,2.54649218025848,2.39420844492948,2.64789953134921,2.67141643083526,"public"
3.26540936209832,2.73127580061854,1.70602683606507,3.91943947952914,1.6136793949769,2.66846834144903,0.848830726752828,3.19227792657264,1.76526635423281,2.67141643083526,"public"
0.816352340524581,0.910425266872848,4.26506709016268,0.979859869882286,1.6136793949769,0.889489447149676,4.24415363376414,0.79806948164316,3.53053270846561,4.45236071805877,"public"
2.44905702157374,2.73127580061854,3.41205367213014,3.91943947952914,2.42051909246535,1.77897889429935,1.69766145350566,3.19227792657264,2.64789953134921,2.67141643083526,"public"
3.26540936209832,3.64170106749139,1.70602683606507,2.93957960964686,2.42051909246535,2.66846834144903,1.69766145350566,3.19227792657264,0.882633177116403,2.67141643083526,"public"
1.63270468104916,2.73127580061854,3.41205367213014,1.95971973976457,4.03419848744226,3.5579577885987,3.39532290701131,2.39420844492948,4.41316588558201,3.56188857444702,"public"
4.08176170262291,4.55212633436424,0.853013418032535,4.89929934941143,0.806839697488451,0.889489447149676,0.848830726752828,3.9903474082158,0.882633177116403,0.890472143611754,"public"
3.26540936209832,3.64170106749139,2.55904025409761,2.93957960964686,1.6136793949769,1.77897889429935,1.69766145350566,3.19227792657264,0.882633177116403,1.78094428722351,"public"
0.816352340524581,0.910425266872848,3.41205367213014,2.93957960964686,1.6136793949769,3.5579577885987,2.54649218025848,1.59613896328632,1.76526635423281,2.67141643083526,"public"
2.44905702157374,2.73127580061854,2.55904025409761,2.93957960964686,2.42051909246535,2.66846834144903,0.848830726752828,3.9903474082158,0.882633177116403,2.67141643083526,"public"
3.26540936209832,3.64170106749139,0.853013418032535,3.91943947952914,0.806839697488451,1.77897889429935,2.54649218025848,2.39420844492948,1.76526635423281,2.67141643083526,"public"
3.26540936209832,2.73127580061854,2.55904025409761,1.95971973976457,2.42051909246535,4.44744723574838,1.69766145350566,3.19227792657264,0.882633177116403,2.67141643083526,"public"
2.44905702157374,2.73127580061854,2.55904025409761,2.93957960964686,1.6136793949769,2.66846834144903,1.69766145350566,3.19227792657264,2.64789953134921,2.67141643083526,"public"
0.816352340524581,0.910425266872848,4.26506709016268,3.91943947952914,2.42051909246535,4.44744723574838,4.24415363376414,0.79806948164316,2.64789953134921,4.45236071805877,"public"
3.26540936209832,4.55212633436424,3.41205367213014,4.89929934941143,0.806839697488451,3.5579577885987,3.39532290701131,3.19227792657264,1.76526635423281,1.78094428722351,"public"
2.44905702157374,2.73127580061854,2.55904025409761,2.93957960964686,2.42051909246535,2.66846834144903,2.54649218025848,2.39420844492948,2.64789953134921,2.67141643083526,"public"
3.26540936209832,3.64170106749139,0.853013418032535,2.93957960964686,3.2273587899538,2.66846834144903,0.848830726752828,2.39420844492948,1.76526635423281,2.67141643083526,"public"
4.08176170262291,4.55212633436424,0.853013418032535,4.89929934941143,0.806839697488451,0.889489447149676,0.848830726752828,3.9903474082158,0.882633177116403,0.890472143611754,"public"
4.08176170262291,4.55212633436424,0.853013418032535,4.89929934941143,0.806839697488451,0.889489447149676,0.848830726752828,3.9903474082158,0.882633177116403,0.890472143611754,"public"
1.63270468104916,1.8208505337457,3.41205367213014,1.95971973976457,4.03419848744226,3.5579577885987,2.54649218025848,2.39420844492948,0.882633177116403,3.56188857444702,"public"
3.26540936209832,2.73127580061854,1.70602683606507,3.91943947952914,1.6136793949769,1.77897889429935,1.69766145350566,3.9903474082158,1.76526635423281,2.67141643083526,"public"
2.44905702157374,2.73127580061854,0.853013418032535,3.91943947952914,1.6136793949769,2.66846834144903,0.848830726752828,3.9903474082158,0.882633177116403,0.890472143611754,"public"
3.26540936209832,3.64170106749139,1.70602683606507,3.91943947952914,1.6136793949769,2.66846834144903,1.69766145350566,3.9903474082158,1.76526635423281,1.78094428722351,"public"
4.08176170262291,3.64170106749139,0.853013418032535,4.89929934941143,0.806839697488451,1.77897889429935,0.848830726752828,3.9903474082158,0.882633177116403,1.78094428722351,"public"
1.63270468104916,4.55212633436424,2.55904025409761,1.95971973976457,4.03419848744226,4.44744723574838,4.24415363376414,0.79806948164316,4.41316588558201,4.45236071805877,"public"
2.44905702157374,2.73127580061854,2.55904025409761,2.93957960964686,1.6136793949769,3.5579577885987,0.848830726752828,2.39420844492948,0.882633177116403,0.890472143611754,"public"
3.26540936209832,0.910425266872848,4.26506709016268,2.93957960964686,4.03419848744226,4.44744723574838,4.24415363376414,2.39420844492948,0.882633177116403,2.67141643083526,"public"
1.63270468104916,1.8208505337457,3.41205367213014,3.91943947952914,3.2273587899538,3.5579577885987,4.24415363376414,2.39420844492948,0.882633177116403,3.56188857444702,"public"
4.08176170262291,4.55212633436424,0.853013418032535,4.89929934941143,4.03419848744226,0.889489447149676,0.848830726752828,3.9903474082158,0.882633177116403,0.890472143611754,"public"
3.26540936209832,3.64170106749139,1.70602683606507,3.91943947952914,4.03419848744226,1.77897889429935,0.848830726752828,3.9903474082158,0.882633177116403,1.78094428722351,"public"
3.26540936209832,3.64170106749139,1.70602683606507,2.93957960964686,1.6136793949769,2.66846834144903,1.69766145350566,3.19227792657264,1.76526635423281,1.78094428722351,"public"
2.44905702157374,1.8208505337457,2.55904025409761,2.93957960964686,2.42051909246535,4.44744723574838,0.848830726752828,3.19227792657264,1.76526635423281,3.56188857444702,"public"
2.44905702157374,2.73127580061854,2.55904025409761,2.93957960964686,1.6136793949769,3.5579577885987,0.848830726752828,3.9903474082158,1.76526635423281,1.78094428722351,"public"
0.816352340524581,2.73127580061854,3.41205367213014,2.93957960964686,2.42051909246535,2.66846834144903,1.69766145350566,1.59613896328632,1.76526635423281,3.56188857444702,"public"
2.44905702157374,0.910425266872848,2.55904025409761,1.95971973976457,3.2273587899538,2.66846834144903,1.69766145350566,2.39420844492948,1.76526635423281,3.56188857444702,"public"
2.44905702157374,2.73127580061854,1.70602683606507,2.93957960964686,1.6136793949769,1.77897889429935,1.69766145350566,2.39420844492948,1.76526635423281,1.78094428722351,"public"
0.816352340524581,0.910425266872848,3.41205367213014,0.979859869882286,0.806839697488451,4.44744723574838,4.24415363376414,0.79806948164316,3.53053270846561,3.56188857444702,"public"
0.816352340524581,2.73127580061854,4.26506709016268,3.91943947952914,3.2273587899538,3.5579577885987,2.54649218025848,1.59613896328632,0.882633177116403,4.45236071805877,"public"
3.26540936209832,3.64170106749139,0.853013418032535,4.89929934941143,1.6136793949769,1.77897889429935,0.848830726752828,3.19227792657264,0.882633177116403,1.78094428722351,"public"
2.44905702157374,2.73127580061854,2.55904025409761,2.93957960964686,2.42051909246535,3.5579577885987,2.54649218025848,2.39420844492948,1.76526635423281,2.67141643083526,"public"
2.44905702157374,2.73127580061854,0.853013418032535,2.93957960964686,0.806839697488451,1.77897889429935,2.54649218025848,2.39420844492948,0.882633177116403,1.78094428722351,"public"
0.816352340524581,0.910425266872848,0.853013418032535,1.95971973976457,0.806839697488451,0.889489447149676,2.54649218025848,2.39420844492948,4.41316588558201,3.56188857444702,"public"
3.26540936209832,3.64170106749139,3.41205367213014,3.91943947952914,2.42051909246535,4.44744723574838,1.69766145350566,3.9903474082158,0.882633177116403,2.67141643083526,"public"
0.816352340524581,0.910425266872848,4.26506709016268,0.979859869882286,4.03419848744226,4.44744723574838,4.24415363376414,0.79806948164316,4.41316588558201,4.45236071805877,"public"
1.63270468104916,1.8208505337457,1.70602683606507,1.95971973976457,4.03419848744226,4.44744723574838,2.54649218025848,2.39420844492948,1.76526635423281,2.67141643083526,"public"
4.08176170262291,2.73127580061854,1.70602683606507,2.93957960964686,1.6136793949769,3.5579577885987,0.848830726752828,3.9903474082158,0.882633177116403,0.890472143611754,"public"
4.08176170262291,3.64170106749139,1.70602683606507,3.91943947952914,0.806839697488451,2.66846834144903,1.69766145350566,3.9903474082158,0.882633177116403,1.78094428722351,"public"
1.63270468104916,2.73127580061854,1.70602683606507,2.93957960964686,2.42051909246535,2.66846834144903,1.69766145350566,2.39420844492948,1.76526635423281,2.67141643083526,"public"
4.08176170262291,4.55212633436424,4.26506709016268,4.89929934941143,4.03419848744226,4.44744723574838,3.39532290701131,3.9903474082158,3.53053270846561,2.67141643083526,"public"
2.44905702157374,2.73127580061854,2.55904025409761,3.91943947952914,1.6136793949769,3.5579577885987,1.69766145350566,1.59613896328632,1.76526635423281,2.67141643083526,"public"
2.44905702157374,2.73127580061854,1.70602683606507,2.93957960964686,2.42051909246535,1.77897889429935,1.69766145350566,1.59613896328632,0.882633177116403,2.67141643083526,"public"
2.44905702157374,2.73127580061854,1.70602683606507,2.93957960964686,1.6136793949769,2.66846834144903,1.69766145350566,2.39420844492948,1.76526635423281,1.78094428722351,"public"
0.816352340524581,3.64170106749139,3.41205367213014,1.95971973976457,3.2273587899538,4.44744723574838,2.54649218025848,1.59613896328632,2.64789953134921,3.56188857444702,"public"
2.44905702157374,2.73127580061854,1.70602683606507,2.93957960964686,2.42051909246535,3.5579577885987,1.69766145350566,2.39420844492948,2.64789953134921,2.67141643083526,"public"
0.816352340524581,0.910425266872848,4.26506709016268,1.95971973976457,4.03419848744226,4.44744723574838,4.24415363376414,0.79806948164316,3.53053270846561,1.78094428722351,"public"
2.44905702157374,2.73127580061854,1.70602683606507,2.93957960964686,1.6136793949769,1.77897889429935,2.54649218025848,3.19227792657264,1.76526635423281,1.78094428722351,"public"
2.44905702157374,3.64170106749139,3.41205367213014,2.93957960964686,2.42051909246535,3.5579577885987,2.54649218025848,3.19227792657264,1.76526635423281,2.67141643083526,"public"
0.816352340524581,2.73127580061854,4.26506709016268,0.979859869882286,2.42051909246535,3.5579577885987,4.24415363376414,0.79806948164316,4.41316588558201,2.67141643083526,"public"
3.26540936209832,3.64170106749139,2.55904025409761,3.91943947952914,0.806839697488451,1.77897889429935,0.848830726752828,3.19227792657264,1.76526635423281,1.78094428722351,"public"
2.44905702157374,2.73127580061854,1.70602683606507,2.93957960964686,1.6136793949769,2.66846834144903,1.69766145350566,3.19227792657264,1.76526635423281,2.67141643083526,"public"
2.44905702157374,2.73127580061854,3.41205367213014,1.95971973976457,2.42051909246535,3.5579577885987,3.39532290701131,2.39420844492948,2.64789953134921,3.56188857444702,"public"
2.44905702157374,2.73127580061854,1.70602683606507,2.93957960964686,1.6136793949769,2.66846834144903,1.69766145350566,3.19227792657264,0.882633177116403,1.78094428722351,"public"
2.44905702157374,2.73127580061854,1.70602683606507,3.91943947952914,1.6136793949769,2.66846834144903,0.848830726752828,3.19227792657264,0.882633177116403,1.78094428722351,"public"
3.26540936209832,2.73127580061854,1.70602683606507,3.91943947952914,1.6136793949769,3.5579577885987,1.69766145350566,3.19227792657264,1.76526635423281,2.67141643083526,"public"
0.816352340524581,1.8208505337457,3.41205367213014,1.95971973976457,4.03419848744226,4.44744723574838,2.54649218025848,0.79806948164316,4.41316588558201,3.56188857444702,"public"
0.816352340524581,1.8208505337457,3.41205367213014,2.93957960964686,4.03419848744226,4.44744723574838,0.848830726752828,0.79806948164316,3.53053270846561,3.56188857444702,"public"
4.08176170262291,4.55212633436424,2.55904025409761,2.93957960964686,1.6136793949769,3.5579577885987,0.848830726752828,3.9903474082158,0.882633177116403,2.67141643083526,"public"
0.816352340524581,0.910425266872848,4.26506709016268,2.93957960964686,4.03419848744226,3.5579577885987,1.69766145350566,0.79806948164316,2.64789953134921,2.67141643083526,"public"
2.44905702157374,4.55212633436424,1.70602683606507,3.91943947952914,2.42051909246535,1.77897889429935,1.69766145350566,3.19227792657264,1.76526635423281,1.78094428722351,"public"
1.63270468104916,2.73127580061854,2.55904025409761,1.95971973976457,2.42051909246535,2.66846834144903,0.848830726752828,2.39420844492948,1.76526635423281,4.45236071805877,"public"
0.816352340524581,2.73127580061854,2.55904025409761,3.91943947952914,2.42051909246535,2.66846834144903,1.69766145350566,2.39420844492948,1.76526635423281,0.890472143611754,"public"
1.63270468104916,0.910425266872848,2.55904025409761,2.93957960964686,2.42051909246535,3.5579577885987,2.54649218025848,1.59613896328632,2.64789953134921,3.56188857444702,"public"
2.44905702157374,2.73127580061854,1.70602683606507,1.95971973976457,2.42051909246535,3.5579577885987,2.54649218025848,2.39420844492948,1.76526635423281,2.67141643083526,"public"
0.816352340524581,1.8208505337457,4.26506709016268,1.95971973976457,4.03419848744226,4.44744723574838,4.24415363376414,0.79806948164316,4.41316588558201,4.45236071805877,"public"
2.44905702157374,3.64170106749139,1.70602683606507,2.93957960964686,1.6136793949769,4.44744723574838,1.69766145350566,3.19227792657264,1.76526635423281,2.67141643083526,"public"
0.816352340524581,4.55212633436424,4.26506709016268,4.89929934941143,2.42051909246535,4.44744723574838,0.848830726752828,2.39420844492948,2.64789953134921,1.78094428722351,"public"
2.44905702157374,2.73127580061854,2.55904025409761,2.93957960964686,2.42051909246535,2.66846834144903,2.54649218025848,2.39420844492948,1.76526635423281,2.67141643083526,"public"
0.816352340524581,0.910425266872848,2.55904025409761,2.93957960964686,3.2273587899538,3.5579577885987,2.54649218025848,1.59613896328632,2.64789953134921,3.56188857444702,"public"
2.44905702157374,1.8208505337457,2.55904025409761,2.93957960964686,2.42051909246535,3.5579577885987,0.848830726752828,1.59613896328632,0.882633177116403,1.78094428722351,"public"
2.44905702157374,2.73127580061854,2.55904025409761,2.93957960964686,2.42051909246535,2.66846834144903,2.54649218025848,2.39420844492948,2.64789953134921,2.67141643083526,"public"
2.44905702157374,3.64170106749139,2.55904025409761,3.91943947952914,3.2273587899538,2.66846834144903,2.54649218025848,3.19227792657264,1.76526635423281,3.56188857444702,"public"
2.44905702157374,2.73127580061854,2.55904025409761,1.95971973976457,2.42051909246535,3.5579577885987,1.69766145350566,2.39420844492948,1.76526635423281,2.67141643083526,"public"
0.816352340524581,1.8208505337457,2.55904025409761,1.95971973976457,3.2273587899538,3.5579577885987,4.24415363376414,1.59613896328632,2.64789953134921,3.56188857444702,"public"
3.26540936209832,3.64170106749139,0.853013418032535,3.91943947952914,0.806839697488451,1.77897889429935,1.69766145350566,3.19227792657264,0.882633177116403,1.78094428722351,"public"
0.816352340524581,0.910425266872848,4.26506709016268,0.979859869882286,4.03419848744226,4.44744723574838,4.24415363376414,0.79806948164316,4.41316588558201,4.45236071805877,"public"
3.26540936209832,3.64170106749139,1.70602683606507,3.91943947952914,0.806839697488451,1.77897889429935,0.848830726752828,3.9903474082158,0.882633177116403,0.890472143611754,"public"
1.63270468104916,2.73127580061854,2.55904025409761,1.95971973976457,2.42051909246535,3.5579577885987,2.54649218025848,2.39420844492948,2.64789953134921,3.56188857444702,"public"
3.26540936209832,2.73127580061854,2.55904025409761,3.91943947952914,2.42051909246535,2.66846834144903,1.69766145350566,2.39420844492948,1.76526635423281,2.67141643083526,"public"
4.08176170262291,4.55212633436424,1.70602683606507,4.89929934941143,1.6136793949769,0.889489447149676,0.848830726752828,2.39420844492948,0.882633177116403,2.67141643083526,"public"
0.816352340524581,0.910425266872848,4.26506709016268,0.979859869882286,1.6136793949769,4.44744723574838,4.24415363376414,0.79806948164316,2.64789953134921,4.45236071805877,"public"
0.816352340524581,1.8208505337457,4.26506709016268,1.95971973976457,4.03419848744226,4.44744723574838,4.24415363376414,0.79806948164316,4.41316588558201,4.45236071805877,"public"
3.26540936209832,2.73127580061854,1.70602683606507,3.91943947952914,1.6136793949769,1.77897889429935,0.848830726752828,3.19227792657264,1.76526635423281,1.78094428722351,"public"
2.44905702157374,2.73127580061854,1.70602683606507,2.93957960964686,2.42051909246535,2.66846834144903,2.54649218025848,2.39420844492948,2.64789953134921,2.67141643083526,"public"
0.816352340524581,2.73127580061854,3.41205367213014,2.93957960964686,4.03419848744226,4.44744723574838,4.24415363376414,1.59613896328632,4.41316588558201,4.45236071805877,"public"
1.63270468104916,2.73127580061854,2.55904025409761,2.93957960964686,2.42051909246535,2.66846834144903,2.54649218025848,3.19227792657264,1.76526635423281,2.67141643083526,"public"
0.816352340524581,1.8208505337457,3.41205367213014,0.979859869882286,4.03419848744226,4.44744723574838,4.24415363376414,0.79806948164316,4.41316588558201,3.56188857444702,"public"
2.44905702157374,2.73127580061854,2.55904025409761,2.93957960964686,2.42051909246535,2.66846834144903,2.54649218025848,2.39420844492948,2.64789953134921,2.67141643083526,"public"
1.63270468104916,2.73127580061854,3.41205367213014,2.93957960964686,2.42051909246535,3.5579577885987,2.54649218025848,2.39420844492948,2.64789953134921,3.56188857444702,"public"
3.26540936209832,3.64170106749139,2.55904025409761,3.91943947952914,3.2273587899538,1.77897889429935,0.848830726752828,3.19227792657264,1.76526635423281,2.67141643083526,"public"
0.816352340524581,2.73127580061854,4.26506709016268,0.979859869882286,0.806839697488451,4.44744723574838,4.24415363376414,0.79806948164316,3.53053270846561,4.45236071805877,"public"
2.44905702157374,3.64170106749139,2.55904025409761,2.93957960964686,2.42051909246535,2.66846834144903,3.39532290701131,1.59613896328632,1.76526635423281,2.67141643083526,"public"
3.26540936209832,3.64170106749139,1.70602683606507,3.91943947952914,3.2273587899538,1.77897889429935,0.848830726752828,3.9903474082158,0.882633177116403,1.78094428722351,"public"
3.26540936209832,3.64170106749139,1.70602683606507,3.91943947952914,1.6136793949769,1.77897889429935,1.69766145350566,3.9903474082158,1.76526635423281,1.78094428722351,"public"
0.816352340524581,2.73127580061854,3.41205367213014,1.95971973976457,1.6136793949769,4.44744723574838,4.24415363376414,0.79806948164316,4.41316588558201,4.45236071805877,"public"
2.44905702157374,3.64170106749139,1.70602683606507,3.91943947952914,1.6136793949769,0.889489447149676,1.69766145350566,2.39420844492948,1.76526635423281,1.78094428722351,"public"
3.26540936209832,3.64170106749139,1.70602683606507,3.91943947952914,0.806839697488451,1.77897889429935,0.848830726752828,3.19227792657264,0.882633177116403,0.890472143611754,"public"
1.63270468104916,1.8208505337457,2.55904025409761,2.93957960964686,2.42051909246535,2.66846834144903,4.24415363376414,0.79806948164316,4.41316588558201,2.67141643083526,"public"
2.44905702157374,2.73127580061854,2.55904025409761,2.93957960964686,1.6136793949769,2.66846834144903,1.69766145350566,3.19227792657264,2.64789953134921,3.56188857444702,"public"
3.26540936209832,3.64170106749139,0.853013418032535,3.91943947952914,2.42051909246535,1.77897889429935,0.848830726752828,3.19227792657264,0.882633177116403,1.78094428722351,"public"
1.63270468104916,3.64170106749139,1.70602683606507,2.93957960964686,3.2273587899538,2.66846834144903,1.69766145350566,2.39420844492948,1.76526635423281,1.78094428722351,"public"
2.44905702157374,2.73127580061854,1.70602683606507,2.93957960964686,1.6136793949769,1.77897889429935,1.69766145350566,1.59613896328632,1.76526635423281,1.78094428722351,"public"
2.44905702157374,3.64170106749139,1.70602683606507,4.89929934941143,1.6136793949769,1.77897889429935,1.69766145350566,3.19227792657264,1.76526635423281,2.67141643083526,"public"
0.816352340524581,0.910425266872848,4.26506709016268,0.979859869882286,4.03419848744226,3.5579577885987,4.24415363376414,0.79806948164316,4.41316588558201,3.56188857444702,"public"
0.816352340524581,2.73127580061854,2.55904025409761,1.95971973976457,2.42051909246535,3.5579577885987,2.54649218025848,2.39420844492948,1.76526635423281,1.78094428722351,"public"
1.63270468104916,3.64170106749139,2.55904025409761,1.95971973976457,2.42051909246535,2.66846834144903,2.54649218025848,3.19227792657264,2.64789953134921,1.78094428722351,"public"
3.26540936209832,3.64170106749139,2.55904025409761,2.93957960964686,0.806839697488451,1.77897889429935,0.848830726752828,3.9903474082158,0.882633177116403,1.78094428722351,"public"
2.44905702157374,2.73127580061854,2.55904025409761,2.93957960964686,2.42051909246535,2.66846834144903,2.54649218025848,2.39420844492948,1.76526635423281,2.67141643083526,"public"
2.44905702157374,3.64170106749139,1.70602683606507,2.93957960964686,1.6136793949769,3.5579577885987,1.69766145350566,3.19227792657264,0.882633177116403,1.78094428722351,"public"
0.816352340524581,0.910425266872848,4.26506709016268,2.93957960964686,3.2273587899538,4.44744723574838,1.69766145350566,2.39420844492948,2.64789953134921,1.78094428722351,"public"
3.26540936209832,4.55212633436424,0.853013418032535,4.89929934941143,4.03419848744226,0.889489447149676,0.848830726752828,3.9903474082158,0.882633177116403,0.890472143611754,"public"
2.44905702157374,2.73127580061854,2.55904025409761,2.93957960964686,2.42051909246535,2.66846834144903,1.69766145350566,2.39420844492948,1.76526635423281,2.67141643083526,"public"
0.816352340524581,0.910425266872848,2.55904025409761,0.979859869882286,4.03419848744226,4.44744723574838,3.39532290701131,0.79806948164316,2.64789953134921,3.56188857444702,"public"
4.08176170262291,0.910425266872848,3.41205367213014,2.93957960964686,4.03419848744226,4.44744723574838,1.69766145350566,1.59613896328632,1.76526635423281,2.67141643083526,"public"
2.44905702157374,3.64170106749139,3.41205367213014,3.91943947952914,2.42051909246535,2.66846834144903,2.54649218025848,3.19227792657264,0.882633177116403,1.78094428722351,"public"
2.44905702157374,3.64170106749139,0.853013418032535,2.93957960964686,2.42051909246535,2.66846834144903,1.69766145350566,3.19227792657264,0.882633177116403,2.67141643083526,"public"
4.08176170262291,2.73127580061854,1.70602683606507,2.93957960964686,1.6136793949769,3.5579577885987,1.69766145350566,3.19227792657264,0.882633177116403,2.67141643083526,"public"
1.63270468104916,1.8208505337457,4.26506709016268,2.93957960964686,4.03419848744226,3.5579577885987,3.39532290701131,1.59613896328632,2.64789953134921,3.56188857444702,"public"
3.26540936209832,2.73127580061854,2.55904025409761,3.91943947952914,1.6136793949769,2.66846834144903,1.69766145350566,3.19227792657264,1.76526635423281,2.67141643083526,"public"
2.44905702157374,1.8208505337457,1.70602683606507,3.91943947952914,1.6136793949769,2.66846834144903,1.69766145350566,2.39420844492948,1.76526635423281,1.78094428722351,"public"
2.44905702157374,3.64170106749139,0.853013418032535,3.91943947952914,1.6136793949769,1.77897889429935,0.848830726752828,3.19227792657264,0.882633177116403,1.78094428722351,"public"
2.44905702157374,2.73127580061854,0.853013418032535,2.93957960964686,1.6136793949769,2.66846834144903,1.69766145350566,3.19227792657264,1.76526635423281,1.78094428722351,"public"
3.26540936209832,3.64170106749139,2.55904025409761,3.91943947952914,3.2273587899538,3.5579577885987,1.69766145350566,3.19227792657264,2.64789953134921,0.890472143611754,"public"
1.63270468104916,0.910425266872848,1.70602683606507,0.979859869882286,4.03419848744226,4.44744723574838,2.54649218025848,1.59613896328632,2.64789953134921,3.56188857444702,"public"
3.26540936209832,3.64170106749139,1.70602683606507,2.93957960964686,1.6136793949769,1.77897889429935,1.69766145350566,3.9903474082158,1.76526635423281,2.67141643083526,"public"
3.26540936209832,3.64170106749139,1.70602683606507,3.91943947952914,2.42051909246535,2.66846834144903,1.69766145350566,3.19227792657264,1.76526635423281,3.56188857444702,"public"
2.44905702157374,0.910425266872848,1.70602683606507,0.979859869882286,4.03419848744226,4.44744723574838,2.54649218025848,1.59613896328632,2.64789953134921,3.56188857444702,"public"
0.816352340524581,2.73127580061854,3.41205367213014,1.95971973976457,1.6136793949769,3.5579577885987,4.24415363376414,1.59613896328632,0.882633177116403,3.56188857444702,"public"
3.26540936209832,3.64170106749139,1.70602683606507,2.93957960964686,1.6136793949769,2.66846834144903,0.848830726752828,3.19227792657264,1.76526635423281,1.78094428722351,"public"
1.63270468104916,1.8208505337457,2.55904025409761,1.95971973976457,4.03419848744226,4.44744723574838,3.39532290701131,1.59613896328632,2.64789953134921,3.56188857444702,"public"
1.63270468104916,1.8208505337457,1.70602683606507,2.93957960964686,3.2273587899538,3.5579577885987,1.69766145350566,2.39420844492948,1.76526635423281,2.67141643083526,"public"
3.26540936209832,2.73127580061854,2.55904025409761,1.95971973976457,2.42051909246535,2.66846834144903,1.69766145350566,3.19227792657264,1.76526635423281,2.67141643083526,"public"
2.44905702157374,4.55212633436424,2.55904025409761,2.93957960964686,3.2273587899538,2.66846834144903,2.54649218025848,3.19227792657264,0.882633177116403,2.67141643083526,"public"
3.26540936209832,3.64170106749139,2.55904025409761,2.93957960964686,2.42051909246535,2.66846834144903,3.39532290701131,3.19227792657264,1.76526635423281,2.67141643083526,"public"
0.816352340524581,1.8208505337457,4.26506709016268,1.95971973976457,4.03419848744226,4.44744723574838,4.24415363376414,0.79806948164316,4.41316588558201,3.56188857444702,"public"
2.44905702157374,1.8208505337457,1.70602683606507,1.95971973976457,2.42051909246535,1.77897889429935,0.848830726752828,2.39420844492948,1.76526635423281,3.56188857444702,"public"
2.44905702157374,2.73127580061854,2.55904025409761,2.93957960964686,2.42051909246535,2.66846834144903,1.69766145350566,1.59613896328632,0.882633177116403,1.78094428722351,"public"
2.44905702157374,3.64170106749139,1.70602683606507,3.91943947952914,0.806839697488451,2.66846834144903,1.69766145350566,3.19227792657264,0.882633177116403,1.78094428722351,"public"
1.63270468104916,2.73127580061854,3.41205367213014,1.95971973976457,3.2273587899538,4.44744723574838,2.54649218025848,1.59613896328632,3.53053270846561,4.45236071805877,"public"
4.08176170262291,3.64170106749139,0.853013418032535,3.91943947952914,0.806839697488451,0.889489447149676,0.848830726752828,3.19227792657264,0.882633177116403,0.890472143611754,"public"
2.44905702157374,2.73127580061854,1.70602683606507,2.93957960964686,2.42051909246535,2.66846834144903,1.69766145350566,2.39420844492948,1.76526635423281,1.78094428722351,"public"
2.44905702157374,2.73127580061854,3.41205367213014,1.95971973976457,2.42051909246535,2.66846834144903,1.69766145350566,3.19227792657264,0.882633177116403,0.890472143611754,"public"
2.44905702157374,2.73127580061854,2.55904025409761,2.93957960964686,1.6136793949769,2.66846834144903,2.54649218025848,3.19227792657264,2.64789953134921,2.67141643083526,"public"
2.44905702157374,2.73127580061854,1.70602683606507,2.93957960964686,2.42051909246535,4.44744723574838,1.69766145350566,3.19227792657264,2.64789953134921,3.56188857444702,"public"
2.44905702157374,3.64170106749139,1.70602683606507,3.91943947952914,2.42051909246535,3.5579577885987,2.54649218025848,1.59613896328632,1.76526635423281,2.67141643083526,"public"
3.26540936209832,3.64170106749139,1.70602683606507,3.91943947952914,1.6136793949769,2.66846834144903,0.848830726752828,3.9903474082158,0.882633177116403,1.78094428722351,"public"
3.26540936209832,4.55212633436424,1.70602683606507,1.95971973976457,2.42051909246535,2.66846834144903,0.848830726752828,2.39420844492948,2.64789953134921,0.890472143611754,"public"
0.816352340524581,4.55212633436424,0.853013418032535,2.93957960964686,1.6136793949769,2.66846834144903,2.54649218025848,0.79806948164316,0.882633177116403,0.890472143611754,"public"
2.44905702157374,1.8208505337457,3.41205367213014,2.93957960964686,3.2273587899538,3.5579577885987,3.39532290701131,1.59613896328632,1.76526635423281,2.67141643083526,"public"
3.26540936209832,3.64170106749139,3.41205367213014,2.93957960964686,2.42051909246535,2.66846834144903,2.54649218025848,2.39420844492948,2.64789953134921,1.78094428722351,"public"
2.44905702157374,2.73127580061854,2.55904025409761,3.91943947952914,4.03419848744226,3.5579577885987,1.69766145350566,1.59613896328632,0.882633177116403,2.67141643083526,"public"
3.26540936209832,1.8208505337457,2.55904025409761,0.979859869882286,2.42051909246535,4.44744723574838,0.848830726752828,1.59613896328632,2.64789953134921,3.56188857444702,"public"
1.63270468104916,2.73127580061854,0.853013418032535,2.93957960964686,2.42051909246535,1.77897889429935,1.69766145350566,2.39420844492948,1.76526635423281,1.78094428722351,"public"
2.44905702157374,3.64170106749139,1.70602683606507,2.93957960964686,1.6136793949769,2.66846834144903,0.848830726752828,2.39420844492948,0.882633177116403,1.78094428722351,"public"
3.26540936209832,1.8208505337457,4.26506709016268,2.93957960964686,3.2273587899538,4.44744723574838,3.39532290701131,3.19227792657264,2.64789953134921,3.56188857444702,"public"
3.26540936209832,2.73127580061854,0.853013418032535,4.89929934941143,0.806839697488451,2.66846834144903,0.848830726752828,3.19227792657264,0.882633177116403,1.78094428722351,"public"
3.26540936209832,2.73127580061854,1.70602683606507,2.93957960964686,1.6136793949769,2.66846834144903,1.69766145350566,3.19227792657264,1.76526635423281,1.78094428722351,"public"
2.44905702157374,2.73127580061854,0.853013418032535,2.93957960964686,3.2273587899538,0.889489447149676,0.848830726752828,3.9903474082158,0.882633177116403,1.78094428722351,"public"
1.63270468104916,0.910425266872848,0.853013418032535,4.89929934941143,0.806839697488451,2.66846834144903,0.848830726752828,2.39420844492948,0.882633177116403,2.67141643083526,"public"
3.26540936209832,3.64170106749139,0.853013418032535,4.89929934941143,1.6136793949769,1.77897889429935,1.69766145350566,3.19227792657264,0.882633177116403,1.78094428722351,"public"
3.26540936209832,2.73127580061854,0.853013418032535,2.93957960964686,2.42051909246535,1.77897889429935,1.69766145350566,3.19227792657264,1.76526635423281,1.78094428722351,"public"
2.44905702157374,1.8208505337457,3.41205367213014,1.95971973976457,3.2273587899538,4.44744723574838,1.69766145350566,1.59613896328632,1.76526635423281,2.67141643083526,"public"
1.63270468104916,2.73127580061854,1.70602683606507,1.95971973976457,2.42051909246535,2.66846834144903,2.54649218025848,2.39420844492948,1.76526635423281,2.67141643083526,"public"
3.26540936209832,3.64170106749139,0.853013418032535,2.93957960964686,0.806839697488451,3.5579577885987,0.848830726752828,2.39420844492948,0.882633177116403,0.890472143611754,"public"
1.63270468104916,1.8208505337457,3.41205367213014,1.95971973976457,4.03419848744226,3.5579577885987,3.39532290701131,1.59613896328632,3.53053270846561,3.56188857444702,"public"
2.44905702157374,3.64170106749139,1.70602683606507,1.95971973976457,2.42051909246535,1.77897889429935,1.69766145350566,3.19227792657264,1.76526635423281,2.67141643083526,"public"
0.816352340524581,1.8208505337457,2.55904025409761,1.95971973976457,3.2273587899538,3.5579577885987,3.39532290701131,1.59613896328632,2.64789953134921,2.67141643083526,"public"
1.63270468104916,2.73127580061854,3.41205367213014,3.91943947952914,4.03419848744226,3.5579577885987,2.54649218025848,2.39420844492948,2.64789953134921,4.45236071805877,"public"
4.08176170262291,3.64170106749139,1.70602683606507,3.91943947952914,0.806839697488451,2.66846834144903,0.848830726752828,3.19227792657264,0.882633177116403,1.78094428722351,"public"
2.44905702157374,1.8208505337457,2.55904025409761,1.95971973976457,2.42051909246535,4.44744723574838,1.69766145350566,3.9903474082158,1.76526635423281,2.67141643083526,"public"
2.44905702157374,2.73127580061854,0.853013418032535,2.93957960964686,1.6136793949769,4.44744723574838,0.848830726752828,3.19227792657264,0.882633177116403,2.67141643083526,"public"
2.44905702157374,3.64170106749139,1.70602683606507,3.91943947952914,3.2273587899538,2.66846834144903,1.69766145350566,3.9903474082158,4.41316588558201,2.67141643083526,"public"
0.816352340524581,1.8208505337457,3.41205367213014,2.93957960964686,3.2273587899538,2.66846834144903,1.69766145350566,3.19227792657264,1.76526635423281,2.67141643083526,"public"
3.26540936209832,2.73127580061854,1.70602683606507,3.91943947952914,1.6136793949769,1.77897889429935,0.848830726752828,3.19227792657264,0.882633177116403,0.890472143611754,"public"
3.26540936209832,3.64170106749139,0.853013418032535,4.89929934941143,0.806839697488451,1.77897889429935,0.848830726752828,3.19227792657264,0.882633177116403,1.78094428722351,"public"
4.08176170262291,4.55212633436424,0.853013418032535,4.89929934941143,4.03419848744226,0.889489447149676,0.848830726752828,2.39420844492948,0.882633177116403,4.45236071805877,"public"
0.816352340524581,2.73127580061854,2.55904025409761,2.93957960964686,3.2273587899538,2.66846834144903,1.69766145350566,2.39420844492948,1.76526635423281,2.67141643083526,"public"
2.44905702157374,3.64170106749139,0.853013418032535,4.89929934941143,3.2273587899538,1.77897889429935,0.848830726752828,2.39420844492948,2.64789953134921,0.890472143611754,"public"
2.44905702157374,3.64170106749139,1.70602683606507,2.93957960964686,2.42051909246535,1.77897889429935,1.69766145350566,1.59613896328632,1.76526635423281,2.67141643083526,"public"
2.44905702157374,2.73127580061854,1.70602683606507,2.93957960964686,2.42051909246535,2.66846834144903,1.69766145350566,2.39420844492948,1.76526635423281,2.67141643083526,"public"
4.08176170262291,3.64170106749139,0.853013418032535,3.91943947952914,0.806839697488451,2.66846834144903,0.848830726752828,3.19227792657264,1.76526635423281,2.67141643083526,"public"
3.26540936209832,2.73127580061854,2.55904025409761,3.91943947952914,2.42051909246535,2.66846834144903,2.54649218025848,2.39420844492948,1.76526635423281,3.56188857444702,"public"
3.26540936209832,3.64170106749139,1.70602683606507,4.89929934941143,2.42051909246535,2.66846834144903,1.69766145350566,3.19227792657264,0.882633177116403,1.78094428722351,"public"
3.26540936209832,3.64170106749139,1.70602683606507,1.95971973976457,0.806839697488451,1.77897889429935,1.69766145350566,3.9903474082158,0.882633177116403,3.56188857444702,"public"
1.63270468104916,1.8208505337457,1.70602683606507,2.93957960964686,2.42051909246535,3.5579577885987,1.69766145350566,3.19227792657264,1.76526635423281,2.67141643083526,"public"
2.44905702157374,2.73127580061854,2.55904025409761,2.93957960964686,2.42051909246535,2.66846834144903,2.54649218025848,2.39420844492948,2.64789953134921,3.56188857444702,"public"
2.44905702157374,2.73127580061854,2.55904025409761,2.93957960964686,2.42051909246535,2.66846834144903,2.54649218025848,2.39420844492948,1.76526635423281,3.56188857444702,"public"
3.26540936209832,4.55212633436424,0.853013418032535,4.89929934941143,0.806839697488451,0.889489447149676,0.848830726752828,3.9903474082158,0.882633177116403,1.78094428722351,"public"
3.26540936209832,3.64170106749139,1.70602683606507,3.91943947952914,1.6136793949769,1.77897889429935,1.69766145350566,3.9903474082158,0.882633177116403,1.78094428722351,"public"
0.816352340524581,1.8208505337457,4.26506709016268,1.95971973976457,4.03419848744226,4.44744723574838,3.39532290701131,1.59613896328632,3.53053270846561,4.45236071805877,"public"
3.26540936209832,4.55212633436424,1.70602683606507,3.91943947952914,2.42051909246535,1.77897889429935,1.69766145350566,2.39420844492948,1.76526635423281,1.78094428722351,"public"
3.26540936209832,3.64170106749139,1.70602683606507,3.91943947952914,2.42051909246535,1.77897889429935,1.69766145350566,3.9903474082158,1.76526635423281,1.78094428722351,"public"
2.44905702157374,2.73127580061854,3.41205367213014,3.91943947952914,3.2273587899538,1.77897889429935,1.69766145350566,2.39420844492948,2.64789953134921,1.78094428722351,"public"
3.26540936209832,2.73127580061854,2.55904025409761,3.91943947952914,2.42051909246535,3.5579577885987,1.69766145350566,1.59613896328632,1.76526635423281,2.67141643083526,"public"
2.44905702157374,2.73127580061854,0.853013418032535,2.93957960964686,0.806839697488451,0.889489447149676,1.69766145350566,3.9903474082158,0.882633177116403,1.78094428722351,"public"
1.63270468104916,2.73127580061854,4.26506709016268,1.95971973976457,4.03419848744226,4.44744723574838,2.54649218025848,2.39420844492948,3.53053270846561,3.56188857444702,"public"
4.08176170262291,4.55212633436424,1.70602683606507,4.89929934941143,0.806839697488451,1.77897889429935,0.848830726752828,3.9903474082158,0.882633177116403,0.890472143611754,"public"
3.26540936209832,3.64170106749139,2.55904025409761,3.91943947952914,1.6136793949769,2.66846834144903,1.69766145350566,2.39420844492948,0.882633177116403,2.67141643083526,"public"
0.816352340524581,1.8208505337457,4.26506709016268,1.95971973976457,4.03419848744226,4.44744723574838,3.39532290701131,1.59613896328632,2.64789953134921,4.45236071805877,"public"
2.44905702157374,2.73127580061854,2.55904025409761,2.93957960964686,3.2273587899538,3.5579577885987,2.54649218025848,2.39420844492948,3.53053270846561,3.56188857444702,"public"
4.08176170262291,3.64170106749139,2.55904025409761,3.91943947952914,3.2273587899538,4.44744723574838,3.39532290701131,2.39420844492948,4.41316588558201,3.56188857444702,"public"
2.44905702157374,0.910425266872848,4.26506709016268,0.979859869882286,4.03419848744226,2.66846834144903,2.54649218025848,1.59613896328632,1.76526635423281,3.56188857444702,"public"
3.26540936209832,2.73127580061854,1.70602683606507,2.93957960964686,1.6136793949769,3.5579577885987,1.69766145350566,3.19227792657264,0.882633177116403,1.78094428722351,"public"
1.63270468104916,2.73127580061854,2.55904025409761,1.95971973976457,1.6136793949769,4.44744723574838,1.69766145350566,3.19227792657264,2.64789953134921,2.67141643083526,"public"
0.816352340524581,1.8208505337457,2.55904025409761,0.979859869882286,2.42051909246535,2.66846834144903,2.54649218025848,1.59613896328632,2.64789953134921,2.67141643083526,"public"
2.44905702157374,2.73127580061854,1.70602683606507,2.93957960964686,1.6136793949769,2.66846834144903,1.69766145350566,2.39420844492948,1.76526635423281,1.78094428722351,"public"
0.816352340524581,1.8208505337457,3.41205367213014,1.95971973976457,2.42051909246535,3.5579577885987,2.54649218025848,1.59613896328632,1.76526635423281,2.67141643083526,"public"
2.44905702157374,1.8208505337457,1.70602683606507,4.89929934941143,2.42051909246535,3.5579577885987,1.69766145350566,2.39420844492948,1.76526635423281,1.78094428722351,"public"
2.44905702157374,3.64170106749139,2.55904025409761,3.91943947952914,1.6136793949769,2.66846834144903,0.848830726752828,3.9903474082158,1.76526635423281,2.67141643083526,"public"
4.08176170262291,3.64170106749139,0.853013418032535,4.89929934941143,0.806839697488451,1.77897889429935,0.848830726752828,3.9903474082158,0.882633177116403,0.890472143611754,"public"
2.44905702157374,2.73127580061854,2.55904025409761,2.93957960964686,2.42051909246535,2.66846834144903,2.54649218025848,2.39420844492948,2.64789953134921,2.67141643083526,"public"
3.26540936209832,4.55212633436424,1.70602683606507,3.91943947952914,1.6136793949769,2.66846834144903,1.69766145350566,3.19227792657264,1.76526635423281,2.67141643083526,"public"
3.26540936209832,2.73127580061854,1.70602683606507,3.91943947952914,1.6136793949769,2.66846834144903,0.848830726752828,3.9903474082158,0.882633177116403,2.67141643083526,"public"
3.26540936209832,3.64170106749139,0.853013418032535,3.91943947952914,0.806839697488451,2.66846834144903,1.69766145350566,3.9903474082158,1.76526635423281,3.56188857444702,"public"
1.63270468104916,2.73127580061854,3.41205367213014,1.95971973976457,2.42051909246535,2.66846834144903,2.54649218025848,2.39420844492948,3.53053270846561,3.56188857444702,"public"
3.26540936209832,1.8208505337457,2.55904025409761,2.93957960964686,2.42051909246535,4.44744723574838,2.54649218025848,2.39420844492948,1.76526635423281,2.67141643083526,"public"
3.26540936209832,2.73127580061854,3.41205367213014,3.91943947952914,2.42051909246535,3.5579577885987,2.54649218025848,2.39420844492948,2.64789953134921,4.45236071805877,"public"
1.63270468104916,1.8208505337457,1.70602683606507,2.93957960964686,2.42051909246535,2.66846834144903,1.69766145350566,2.39420844492948,1.76526635423281,3.56188857444702,"public"
2.44905702157374,1.8208505337457,2.55904025409761,1.95971973976457,2.42051909246535,2.66846834144903,1.69766145350566,3.19227792657264,1.76526635423281,3.56188857444702,"public"
1.63270468104916,2.73127580061854,3.41205367213014,2.93957960964686,2.42051909246535,3.5579577885987,1.69766145350566,1.59613896328632,2.64789953134921,3.56188857444702,"public"
0.816352340524581,0.910425266872848,3.41205367213014,1.95971973976457,2.42051909246535,4.44744723574838,2.54649218025848,0.79806948164316,2.64789953134921,4.45236071805877,"public"
1.63270468104916,2.73127580061854,0.853013418032535,4.89929934941143,1.6136793949769,3.5579577885987,2.54649218025848,3.9903474082158,0.882633177116403,3.56188857444702,"public"
4.08176170262291,4.55212633436424,2.55904025409761,3.91943947952914,2.42051909246535,1.77897889429935,1.69766145350566,3.9903474082158,0.882633177116403,0.890472143611754,"public"
1.63270468104916,2.73127580061854,0.853013418032535,1.95971973976457,2.42051909246535,0.889489447149676,2.54649218025848,2.39420844492948,1.76526635423281,1.78094428722351,"public"
2.44905702157374,3.64170106749139,3.41205367213014,2.93957960964686,2.42051909246535,2.66846834144903,1.69766145350566,3.19227792657264,1.76526635423281,1.78094428722351,"public"
3.26540936209832,3.64170106749139,0.853013418032535,2.93957960964686,0.806839697488451,1.77897889429935,1.69766145350566,3.19227792657264,1.76526635423281,1.78094428722351,"public"
1.63270468104916,1.8208505337457,0.853013418032535,1.95971973976457,2.42051909246535,0.889489447149676,1.69766145350566,2.39420844492948,0.882633177116403,0.890472143611754,"public"
3.26540936209832,3.64170106749139,1.70602683606507,2.93957960964686,0.806839697488451,3.5579577885987,0.848830726752828,3.19227792657264,0.882633177116403,0.890472143611754,"public"
0.816352340524581,0.910425266872848,3.41205367213014,0.979859869882286,0.806839697488451,3.5579577885987,0.848830726752828,0.79806948164316,0.882633177116403,0.890472143611754,"public"
0.816352340524581,0.910425266872848,4.26506709016268,0.979859869882286,4.03419848744226,4.44744723574838,0.848830726752828,0.79806948164316,4.41316588558201,0.890472143611754,"public"
0.816352340524581,0.910425266872848,4.26506709016268,0.979859869882286,2.42051909246535,4.44744723574838,3.39532290701131,3.9903474082158,2.64789953134921,4.45236071805877,"public"
1.63270468104916,0.910425266872848,0.853013418032535,1.95971973976457,1.6136793949769,4.44744723574838,2.54649218025848,0.79806948164316,2.64789953134921,2.67141643083526,"public"
0.816352340524581,0.910425266872848,4.26506709016268,1.95971973976457,4.03419848744226,4.44744723574838,4.24415363376414,0.79806948164316,4.41316588558201,4.45236071805877,"public"
4.08176170262291,4.55212633436424,0.853013418032535,4.89929934941143,0.806839697488451,0.889489447149676,0.848830726752828,3.9903474082158,0.882633177116403,0.890472143611754,"public"
1.63270468104916,1.8208505337457,1.70602683606507,1.95971973976457,2.42051909246535,4.44744723574838,1.69766145350566,2.39420844492948,2.64789953134921,2.67141643083526,"public"
0.816352340524581,3.64170106749139,2.55904025409761,1.95971973976457,2.42051909246535,2.66846834144903,1.69766145350566,2.39420844492948,2.64789953134921,3.56188857444702,"public"
2.44905702157374,2.73127580061854,2.55904025409761,2.93957960964686,3.2273587899538,2.66846834144903,2.54649218025848,1.59613896328632,2.64789953134921,2.67141643083526,"public"
2.44905702157374,2.73127580061854,0.853013418032535,2.93957960964686,2.42051909246535,0.889489447149676,1.69766145350566,3.9903474082158,2.64789953134921,1.78094428722351,"public"
2.44905702157374,0.910425266872848,2.55904025409761,0.979859869882286,2.42051909246535,4.44744723574838,3.39532290701131,0.79806948164316,0.882633177116403,0.890472143611754,"public"
4.08176170262291,3.64170106749139,0.853013418032535,4.89929934941143,0.806839697488451,0.889489447149676,0.848830726752828,3.9903474082158,0.882633177116403,0.890472143611754,"public"
3.26540936209832,3.64170106749139,0.853013418032535,3.91943947952914,3.2273587899538,0.889489447149676,0.848830726752828,3.19227792657264,0.882633177116403,0.890472143611754,"public"
0.816352340524581,1.8208505337457,4.26506709016268,1.95971973976457,4.03419848744226,4.44744723574838,4.24415363376414,0.79806948164316,3.53053270846561,4.45236071805877,"public"
3.26540936209832,3.64170106749139,1.70602683606507,3.91943947952914,1.6136793949769,2.66846834144903,0.848830726752828,3.19227792657264,0.882633177116403,1.78094428722351,"public"
3.26540936209832,3.64170106749139,1.70602683606507,2.93957960964686,2.42051909246535,1.77897889429935,1.69766145350566,2.39420844492948,0.882633177116403,0.890472143611754,"public"
1.63270468104916,2.73127580061854,2.55904025409761,0.979859869882286,2.42051909246535,4.44744723574838,2.54649218025848,3.19227792657264,1.76526635423281,4.45236071805877,"public"
4.08176170262291,3.64170106749139,1.70602683606507,3.91943947952914,2.42051909246535,0.889489447149676,0.848830726752828,3.9903474082158,0.882633177116403,1.78094428722351,"public"
2.44905702157374,2.73127580061854,2.55904025409761,2.93957960964686,2.42051909246535,1.77897889429935,2.54649218025848,0.79806948164316,1.76526635423281,1.78094428722351,"public"
4.08176170262291,3.64170106749139,0.853013418032535,3.91943947952914,0.806839697488451,1.77897889429935,0.848830726752828,3.9903474082158,0.882633177116403,0.890472143611754,"public"
1.63270468104916,2.73127580061854,2.55904025409761,2.93957960964686,2.42051909246535,2.66846834144903,2.54649218025848,2.39420844492948,1.76526635423281,1.78094428722351,"public"
1.63270468104916,2.73127580061854,2.55904025409761,2.93957960964686,2.42051909246535,3.5579577885987,2.54649218025848,2.39420844492948,2.64789953134921,2.67141643083526,"public"
3.26540936209832,3.64170106749139,0.853013418032535,3.91943947952914,0.806839697488451,0.889489447149676,1.69766145350566,0.79806948164316,0.882633177116403,0.890472143611754,"public"
2.44905702157374,3.64170106749139,1.70602683606507,3.91943947952914,1.6136793949769,2.66846834144903,1.69766145350566,2.39420844492948,1.76526635423281,0.890472143611754,"public"
3.26540936209832,3.64170106749139,0.853013418032535,4.89929934941143,1.6136793949769,1.77897889429935,0.848830726752828,3.19227792657264,0.882633177116403,3.56188857444702,"public"
3.26540936209832,3.64170106749139,0.853013418032535,3.91943947952914,0.806839697488451,0.889489447149676,0.848830726752828,3.9903474082158,1.76526635423281,1.78094428722351,"public"
1.63270468104916,2.73127580061854,2.55904025409761,1.95971973976457,2.42051909246535,3.5579577885987,2.54649218025848,1.59613896328632,3.53053270846561,3.56188857444702,"public"
2.44905702157374,2.73127580061854,1.70602683606507,2.93957960964686,2.42051909246535,1.77897889429935,2.54649218025848,3.19227792657264,1.76526635423281,2.67141643083526,"public"
0.816352340524581,0.910425266872848,1.70602683606507,0.979859869882286,4.03419848744226,4.44744723574838,4.24415363376414,0.79806948164316,3.53053270846561,4.45236071805877,"public"
1.63270468104916,1.8208505337457,2.55904025409761,0.979859869882286,4.03419848744226,4.44744723574838,3.39532290701131,1.59613896328632,4.41316588558201,3.56188857444702,"public"
3.26540936209832,3.64170106749139,1.70602683606507,3.91943947952914,3.2273587899538,3.5579577885987,2.54649218025848,3.19227792657264,0.882633177116403,2.67141643083526,"public"
0.816352340524581,1.8208505337457,3.41205367213014,2.93957960964686,4.03419848744226,3.5579577885987,3.39532290701131,2.39420844492948,3.53053270846561,2.67141643083526,"public"
4.08176170262291,2.73127580061854,1.70602683606507,2.93957960964686,0.806839697488451,2.66846834144903,3.39532290701131,3.19227792657264,0.882633177116403,2.67141643083526,"public"
2.44905702157374,2.73127580061854,2.55904025409761,2.93957960964686,2.42051909246535,2.66846834144903,2.54649218025848,2.39420844492948,2.64789953134921,2.67141643083526,"public"
3.26540936209832,3.64170106749139,1.70602683606507,3.91943947952914,3.2273587899538,1.77897889429935,0.848830726752828,3.9903474082158,0.882633177116403,1.78094428722351,"public"
2.44905702157374,2.73127580061854,1.70602683606507,2.93957960964686,1.6136793949769,3.5579577885987,2.54649218025848,1.59613896328632,1.76526635423281,3.56188857444702,"public"
0.816352340524581,2.73127580061854,2.55904025409761,2.93957960964686,4.03419848744226,3.5579577885987,2.54649218025848,1.59613896328632,1.76526635423281,3.56188857444702,"public"
2.44905702157374,0.910425266872848,1.70602683606507,1.95971973976457,2.42051909246535,3.5579577885987,1.69766145350566,3.19227792657264,0.882633177116403,1.78094428722351,"public"
3.26540936209832,3.64170106749139,1.70602683606507,2.93957960964686,0.806839697488451,2.66846834144903,1.69766145350566,3.9903474082158,0.882633177116403,0.890472143611754,"public"
0.816352340524581,2.73127580061854,2.55904025409761,0.979859869882286,2.42051909246535,3.5579577885987,2.54649218025848,2.39420844492948,1.76526635423281,2.67141643083526,"public"
3.26540936209832,3.64170106749139,1.70602683606507,3.91943947952914,3.2273587899538,1.77897889429935,1.69766145350566,3.19227792657264,1.76526635423281,1.78094428722351,"public"
2.44905702157374,2.73127580061854,2.55904025409761,2.93957960964686,1.6136793949769,2.66846834144903,1.69766145350566,3.19227792657264,0.882633177116403,2.67141643083526,"public"
4.08176170262291,4.55212633436424,4.26506709016268,4.89929934941143,4.03419848744226,4.44744723574838,1.69766145350566,1.59613896328632,1.76526635423281,1.78094428722351,"public"
1.63270468104916,1.8208505337457,2.55904025409761,1.95971973976457,2.42051909246535,4.44744723574838,2.54649218025848,1.59613896328632,2.64789953134921,3.56188857444702,"public"
0.816352340524581,2.73127580061854,3.41205367213014,1.95971973976457,2.42051909246535,3.5579577885987,2.54649218025848,1.59613896328632,1.76526635423281,1.78094428722351,"public"
1.63270468104916,1.8208505337457,3.41205367213014,1.95971973976457,4.03419848744226,3.5579577885987,4.24415363376414,1.59613896328632,2.64789953134921,2.67141643083526,"public"
1.63270468104916,0.910425266872848,3.41205367213014,1.95971973976457,2.42051909246535,4.44744723574838,3.39532290701131,2.39420844492948,2.64789953134921,4.45236071805877,"public"
4.08176170262291,4.55212633436424,0.853013418032535,3.91943947952914,0.806839697488451,3.5579577885987,0.848830726752828,0.79806948164316,0.882633177116403,0.890472143611754,"public"
2.44905702157374,3.64170106749139,1.70602683606507,3.91943947952914,1.6136793949769,2.66846834144903,1.69766145350566,2.39420844492948,1.76526635423281,2.67141643083526,"public"
2.44905702157374,2.73127580061854,1.70602683606507,2.93957960964686,2.42051909246535,2.66846834144903,1.69766145350566,3.19227792657264,1.76526635423281,1.78094428722351,"public"
1.63270468104916,2.73127580061854,2.55904025409761,1.95971973976457,3.2273587899538,2.66846834144903,3.39532290701131,2.39420844492948,2.64789953134921,2.67141643083526,"public"
2.44905702157374,2.73127580061854,3.41205367213014,2.93957960964686,2.42051909246535,3.5579577885987,3.39532290701131,2.39420844492948,1.76526635423281,3.56188857444702,"public"
1.63270468104916,2.73127580061854,2.55904025409761,2.93957960964686,2.42051909246535,2.66846834144903,2.54649218025848,1.59613896328632,1.76526635423281,3.56188857444702,"public"
4.08176170262291,3.64170106749139,1.70602683606507,2.93957960964686,0.806839697488451,2.66846834144903,0.848830726752828,3.9903474082158,0.882633177116403,1.78094428722351,"public"
2.44905702157374,2.73127580061854,2.55904025409761,2.93957960964686,2.42051909246535,2.66846834144903,1.69766145350566,2.39420844492948,1.76526635423281,2.67141643083526,"public"
1.63270468104916,1.8208505337457,0.853013418032535,1.95971973976457,1.6136793949769,0.889489447149676,0.848830726752828,2.39420844492948,0.882633177116403,0.890472143611754,"public"
3.26540936209832,3.64170106749139,1.70602683606507,2.93957960964686,2.42051909246535,1.77897889429935,1.69766145350566,2.39420844492948,0.882633177116403,1.78094428722351,"public"
2.44905702157374,3.64170106749139,2.55904025409761,3.91943947952914,2.42051909246535,2.66846834144903,3.39532290701131,2.39420844492948,2.64789953134921,3.56188857444702,"public"
1.63270468104916,1.8208505337457,3.41205367213014,1.95971973976457,3.2273587899538,4.44744723574838,2.54649218025848,2.39420844492948,1.76526635423281,3.56188857444702,"public"
2.44905702157374,4.55212633436424,4.26506709016268,2.93957960964686,2.42051909246535,4.44744723574838,4.24415363376414,1.59613896328632,3.53053270846561,4.45236071805877,"public"
2.44905702157374,3.64170106749139,1.70602683606507,3.91943947952914,1.6136793949769,2.66846834144903,0.848830726752828,3.19227792657264,0.882633177116403,0.890472143611754,"public"
2.44905702157374,3.64170106749139,1.70602683606507,3.91943947952914,1.6136793949769,1.77897889429935,1.69766145350566,3.19227792657264,1.76526635423281,1.78094428722351,"public"
1.63270468104916,2.73127580061854,2.55904025409761,2.93957960964686,2.42051909246535,2.66846834144903,0.848830726752828,2.39420844492948,0.882633177116403,2.67141643083526,"public"
2.44905702157374,3.64170106749139,0.853013418032535,2.93957960964686,1.6136793949769,2.66846834144903,0.848830726752828,3.9903474082158,0.882633177116403,1.78094428722351,"public"
3.26540936209832,1.8208505337457,2.55904025409761,4.89929934941143,1.6136793949769,1.77897889429935,2.54649218025848,1.59613896328632,0.882633177116403,1.78094428722351,"public"
2.44905702157374,2.73127580061854,2.55904025409761,2.93957960964686,1.6136793949769,2.66846834144903,0.848830726752828,3.19227792657264,1.76526635423281,3.56188857444702,"public"
2.44905702157374,2.73127580061854,1.70602683606507,3.91943947952914,2.42051909246535,3.5579577885987,1.69766145350566,2.39420844492948,1.76526635423281,1.78094428722351,"public"
3.26540936209832,3.64170106749139,1.70602683606507,3.91943947952914,2.42051909246535,2.66846834144903,1.69766145350566,1.59613896328632,1.76526635423281,2.67141643083526,"public"
3.26540936209832,2.73127580061854,1.70602683606507,3.91943947952914,2.42051909246535,1.77897889429935,1.69766145350566,3.9903474082158,1.76526635423281,0.890472143611754,"public"
3.26540936209832,3.64170106749139,3.41205367213014,3.91943947952914,3.2273587899538,3.5579577885987,2.54649218025848,2.39420844492948,2.64789953134921,2.67141643083526,"public"
2.44905702157374,3.64170106749139,1.70602683606507,2.93957960964686,2.42051909246535,1.77897889429935,2.54649218025848,2.39420844492948,1.76526635423281,2.67141643083526,"public"
2.44905702157374,2.73127580061854,2.55904025409761,3.91943947952914,2.42051909246535,2.66846834144903,2.54649218025848,2.39420844492948,0.882633177116403,1.78094428722351,"public"
4.08176170262291,4.55212633436424,0.853013418032535,4.89929934941143,0.806839697488451,0.889489447149676,0.848830726752828,3.9903474082158,0.882633177116403,0.890472143611754,"public"
3.26540936209832,2.73127580061854,1.70602683606507,2.93957960964686,1.6136793949769,3.5579577885987,1.69766145350566,3.19227792657264,1.76526635423281,3.56188857444702,"public"
4.08176170262291,4.55212633436424,0.853013418032535,4.89929934941143,0.806839697488451,2.66846834144903,0.848830726752828,3.9903474082158,0.882633177116403,2.67141643083526,"public"
2.44905702157374,1.8208505337457,4.26506709016268,0.979859869882286,2.42051909246535,4.44744723574838,1.69766145350566,2.39420844492948,1.76526635423281,3.56188857444702,"public"
0.816352340524581,2.73127580061854,2.55904025409761,2.93957960964686,2.42051909246535,1.77897889429935,2.54649218025848,1.59613896328632,1.76526635423281,3.56188857444702,"public"
4.08176170262291,3.64170106749139,1.70602683606507,3.91943947952914,2.42051909246535,2.66846834144903,1.69766145350566,2.39420844492948,0.882633177116403,1.78094428722351,"public"
4.08176170262291,3.64170106749139,3.41205367213014,3.91943947952914,0.806839697488451,1.77897889429935,0.848830726752828,3.9903474082158,0.882633177116403,0.890472143611754,"public"
2.44905702157374,2.73127580061854,0.853013418032535,2.93957960964686,2.42051909246535,3.5579577885987,0.848830726752828,3.19227792657264,0.882633177116403,1.78094428722351,"public"
3.26540936209832,3.64170106749139,1.70602683606507,2.93957960964686,0.806839697488451,2.66846834144903,0.848830726752828,3.19227792657264,0.882633177116403,3.56188857444702,"public"
1.63270468104916,2.73127580061854,2.55904025409761,1.95971973976457,2.42051909246535,3.5579577885987,2.54649218025848,2.39420844492948,2.64789953134921,3.56188857444702,"public"
0.816352340524581,1.8208505337457,2.55904025409761,2.93957960964686,3.2273587899538,2.66846834144903,2.54649218025848,2.39420844492948,2.64789953134921,1.78094428722351,"public"
1.63270468104916,1.8208505337457,2.55904025409761,1.95971973976457,3.2273587899538,4.44744723574838,3.39532290701131,0.79806948164316,3.53053270846561,2.67141643083526,"public"
3.26540936209832,3.64170106749139,1.70602683606507,3.91943947952914,1.6136793949769,1.77897889429935,2.54649218025848,3.19227792657264,1.76526635423281,1.78094428722351,"public"
3.26540936209832,3.64170106749139,2.55904025409761,2.93957960964686,3.2273587899538,3.5579577885987,1.69766145350566,2.39420844492948,2.64789953134921,3.56188857444702,"public"
4.08176170262291,4.55212633436424,0.853013418032535,4.89929934941143,0.806839697488451,1.77897889429935,0.848830726752828,3.9903474082158,2.64789953134921,0.890472143611754,"public"
2.44905702157374,2.73127580061854,2.55904025409761,3.91943947952914,2.42051909246535,4.44744723574838,1.69766145350566,2.39420844492948,1.76526635423281,2.67141643083526,"public"
1.63270468104916,4.55212633436424,2.55904025409761,2.93957960964686,3.2273587899538,4.44744723574838,1.69766145350566,3.19227792657264,1.76526635423281,3.56188857444702,"public"
0.816352340524581,0.910425266872848,4.26506709016268,0.979859869882286,4.03419848744226,4.44744723574838,2.54649218025848,0.79806948164316,4.41316588558201,4.45236071805877,"public"
0.816352340524581,0.910425266872848,4.26506709016268,0.979859869882286,4.03419848744226,4.44744723574838,4.24415363376414,0.79806948164316,4.41316588558201,4.45236071805877,"public"
3.26540936209832,2.73127580061854,1.70602683606507,2.93957960964686,1.6136793949769,2.66846834144903,1.69766145350566,3.19227792657264,1.76526635423281,3.56188857444702,"public"
3.26540936209832,3.64170106749139,1.70602683606507,2.93957960964686,2.42051909246535,1.77897889429935,1.69766145350566,3.19227792657264,1.76526635423281,1.78094428722351,"public"
3.26540936209832,4.55212633436424,0.853013418032535,3.91943947952914,1.6136793949769,1.77897889429935,0.848830726752828,3.9903474082158,1.76526635423281,1.78094428722351,"public"
2.44905702157374,2.73127580061854,2.55904025409761,1.95971973976457,2.42051909246535,2.66846834144903,2.54649218025848,2.39420844492948,1.76526635423281,2.67141643083526,"public"
2.44905702157374,3.64170106749139,1.70602683606507,3.91943947952914,2.42051909246535,2.66846834144903,1.69766145350566,3.9903474082158,1.76526635423281,1.78094428722351,"public"
3.26540936209832,3.64170106749139,2.55904025409761,3.91943947952914,0.806839697488451,2.66846834144903,2.54649218025848,2.39420844492948,0.882633177116403,0.890472143611754,"public"
3.26540936209832,2.73127580061854,1.70602683606507,2.93957960964686,1.6136793949769,2.66846834144903,1.69766145350566,2.39420844492948,1.76526635423281,2.67141643083526,"public"
1.63270468104916,2.73127580061854,1.70602683606507,3.91943947952914,1.6136793949769,2.66846834144903,1.69766145350566,3.19227792657264,1.76526635423281,1.78094428722351,"public"
0.816352340524581,0.910425266872848,3.41205367213014,1.95971973976457,4.03419848744226,4.44744723574838,2.54649218025848,1.59613896328632,3.53053270846561,4.45236071805877,"public"
2.44905702157374,2.73127580061854,0.853013418032535,2.93957960964686,1.6136793949769,1.77897889429935,1.69766145350566,3.19227792657264,1.76526635423281,1.78094428722351,"public"
0.816352340524581,1.8208505337457,1.70602683606507,2.93957960964686,2.42051909246535,1.77897889429935,2.54649218025848,2.39420844492948,1.76526635423281,2.67141643083526,"public"
4.08176170262291,3.64170106749139,2.55904025409761,3.91943947952914,3.2273587899538,3.5579577885987,3.39532290701131,2.39420844492948,1.76526635423281,2.67141643083526,"public"
2.44905702157374,2.73127580061854,2.55904025409761,2.93957960964686,2.42051909246535,2.66846834144903,2.54649218025848,3.19227792657264,0.882633177116403,2.67141643083526,"public"
2.44905702157374,2.73127580061854,1.70602683606507,2.93957960964686,2.42051909246535,2.66846834144903,1.69766145350566,2.39420844492948,2.64789953134921,1.78094428722351,"public"
2.44905702157374,2.73127580061854,3.41205367213014,2.93957960964686,1.6136793949769,4.44744723574838,1.69766145350566,3.9903474082158,3.53053270846561,3.56188857444702,"public"
1.63270468104916,1.8208505337457,2.55904025409761,2.93957960964686,2.42051909246535,4.44744723574838,2.54649218025848,2.39420844492948,0.882633177116403,2.67141643083526,"public"
2.44905702157374,3.64170106749139,3.41205367213014,3.91943947952914,3.2273587899538,2.66846834144903,1.69766145350566,2.39420844492948,1.76526635423281,2.67141643083526,"public"
2.44905702157374,3.64170106749139,1.70602683606507,3.91943947952914,0.806839697488451,0.889489447149676,1.69766145350566,3.9903474082158,0.882633177116403,1.78094428722351,"public"
2.44905702157374,3.64170106749139,3.41205367213014,4.89929934941143,2.42051909246535,2.66846834144903,0.848830726752828,3.19227792657264,3.53053270846561,3.56188857444702,"public"
1.63270468104916,4.55212633436424,1.70602683606507,3.91943947952914,0.806839697488451,1.77897889429935,0.848830726752828,3.19227792657264,0.882633177116403,0.890472143611754,"public"
2.44905702157374,2.73127580061854,2.55904025409761,2.93957960964686,2.42051909246535,3.5579577885987,2.54649218025848,2.39420844492948,2.64789953134921,2.67141643083526,"public"
4.08176170262291,3.64170106749139,0.853013418032535,2.93957960964686,1.6136793949769,1.77897889429935,1.69766145350566,3.19227792657264,1.76526635423281,0.890472143611754,"public"
3.26540936209832,2.73127580061854,1.70602683606507,2.93957960964686,2.42051909246535,1.77897889429935,2.54649218025848,2.39420844492948,1.76526635423281,3.56188857444702,"public"
2.44905702157374,1.8208505337457,0.853013418032535,2.93957960964686,2.42051909246535,3.5579577885987,1.69766145350566,2.39420844492948,0.882633177116403,2.67141643083526,"public"
2.44905702157374,2.73127580061854,0.853013418032535,3.91943947952914,1.6136793949769,2.66846834144903,0.848830726752828,3.19227792657264,0.882633177116403,0.890472143611754,"public"
3.26540936209832,3.64170106749139,1.70602683606507,4.89929934941143,0.806839697488451,1.77897889429935,1.69766145350566,3.19227792657264,0.882633177116403,1.78094428722351,"public"
3.26540936209832,3.64170106749139,0.853013418032535,3.91943947952914,0.806839697488451,1.77897889429935,0.848830726752828,3.19227792657264,0.882633177116403,2.67141643083526,"public"
3.26540936209832,3.64170106749139,1.70602683606507,3.91943947952914,1.6136793949769,1.77897889429935,0.848830726752828,3.9903474082158,0.882633177116403,1.78094428722351,"public"
2.44905702157374,2.73127580061854,0.853013418032535,2.93957960964686,1.6136793949769,4.44744723574838,0.848830726752828,3.19227792657264,0.882633177116403,3.56188857444702,"public"
2.44905702157374,3.64170106749139,1.70602683606507,3.91943947952914,3.2273587899538,2.66846834144903,0.848830726752828,3.19227792657264,1.76526635423281,3.56188857444702,"public"
1.63270468104916,1.8208505337457,4.26506709016268,1.95971973976457,4.03419848744226,4.44744723574838,3.39532290701131,1.59613896328632,3.53053270846561,4.45236071805877,"public"
1.63270468104916,1.8208505337457,2.55904025409761,2.93957960964686,3.2273587899538,3.5579577885987,1.69766145350566,2.39420844492948,0.882633177116403,2.67141643083526,"public"
3.26540936209832,4.55212633436424,1.70602683606507,3.91943947952914,3.2273587899538,2.66846834144903,0.848830726752828,3.9903474082158,0.882633177116403,1.78094428722351,"public"
2.44905702157374,1.8208505337457,2.55904025409761,2.93957960964686,2.42051909246535,2.66846834144903,2.54649218025848,2.39420844492948,1.76526635423281,2.67141643083526,"public"
1.63270468104916,2.73127580061854,0.853013418032535,2.93957960964686,1.6136793949769,1.77897889429935,1.69766145350566,2.39420844492948,2.64789953134921,1.78094428722351,"public"
2.44905702157374,2.73127580061854,2.55904025409761,2.93957960964686,2.42051909246535,2.66846834144903,1.69766145350566,3.9903474082158,0.882633177116403,1.78094428722351,"public"
2.44905702157374,2.73127580061854,2.55904025409761,2.93957960964686,2.42051909246535,2.66846834144903,4.24415363376414,1.59613896328632,2.64789953134921,3.56188857444702,"public"
2.44905702157374,2.73127580061854,2.55904025409761,2.93957960964686,2.42051909246535,2.66846834144903,1.69766145350566,3.19227792657264,1.76526635423281,1.78094428722351,"public"
2.44905702157374,3.64170106749139,1.70602683606507,2.93957960964686,1.6136793949769,2.66846834144903,1.69766145350566,3.9903474082158,0.882633177116403,2.67141643083526,"public"
1.63270468104916,1.8208505337457,2.55904025409761,2.93957960964686,3.2273587899538,3.5579577885987,1.69766145350566,3.19227792657264,1.76526635423281,2.67141643083526,"public"
2.44905702157374,2.73127580061854,2.55904025409761,2.93957960964686,3.2273587899538,2.66846834144903,1.69766145350566,3.19227792657264,1.76526635423281,1.78094428722351,"public"
2.44905702157374,2.73127580061854,2.55904025409761,2.93957960964686,1.6136793949769,3.5579577885987,1.69766145350566,2.39420844492948,2.64789953134921,3.56188857444702,"public"
2.44905702157374,2.73127580061854,1.70602683606507,2.93957960964686,1.6136793949769,2.66846834144903,1.69766145350566,3.19227792657264,1.76526635423281,1.78094428722351,"public"
1.63270468104916,2.73127580061854,2.55904025409761,3.91943947952914,0.806839697488451,0.889489447149676,1.69766145350566,3.19227792657264,1.76526635423281,1.78094428722351,"public"
3.26540936209832,3.64170106749139,1.70602683606507,3.91943947952914,1.6136793949769,3.5579577885987,0.848830726752828,3.19227792657264,0.882633177116403,1.78094428722351,"public"
0.816352340524581,2.73127580061854,2.55904025409761,2.93957960964686,3.2273587899538,4.44744723574838,2.54649218025848,1.59613896328632,3.53053270846561,3.56188857444702,"public"
4.08176170262291,3.64170106749139,0.853013418032535,4.89929934941143,1.6136793949769,1.77897889429935,0.848830726752828,3.9903474082158,1.76526635423281,1.78094428722351,"public"
0.816352340524581,0.910425266872848,4.26506709016268,0.979859869882286,4.03419848744226,4.44744723574838,3.39532290701131,0.79806948164316,2.64789953134921,0.890472143611754,"public"
3.26540936209832,1.8208505337457,0.853013418032535,3.91943947952914,0.806839697488451,4.44744723574838,1.69766145350566,1.59613896328632,0.882633177116403,2.67141643083526,"public"
0.816352340524581,1.8208505337457,3.41205367213014,0.979859869882286,3.2273587899538,3.5579577885987,4.24415363376414,0.79806948164316,4.41316588558201,4.45236071805877,"public"
4.08176170262291,4.55212633436424,1.70602683606507,4.89929934941143,1.6136793949769,2.66846834144903,0.848830726752828,3.9903474082158,0.882633177116403,0.890472143611754,"public"
2.44905702157374,2.73127580061854,2.55904025409761,1.95971973976457,1.6136793949769,3.5579577885987,2.54649218025848,3.9903474082158,0.882633177116403,3.56188857444702,"public"
2.44905702157374,2.73127580061854,1.70602683606507,2.93957960964686,0.806839697488451,2.66846834144903,2.54649218025848,3.19227792657264,1.76526635423281,1.78094428722351,"public"
0.816352340524581,0.910425266872848,4.26506709016268,0.979859869882286,4.03419848744226,3.5579577885987,1.69766145350566,0.79806948164316,4.41316588558201,0.890472143611754,"public"
3.26540936209832,3.64170106749139,1.70602683606507,2.93957960964686,1.6136793949769,2.66846834144903,0.848830726752828,3.19227792657264,1.76526635423281,1.78094428722351,"public"
0.816352340524581,0.910425266872848,3.41205367213014,1.95971973976457,2.42051909246535,3.5579577885987,2.54649218025848,1.59613896328632,3.53053270846561,3.56188857444702,"public"
1.63270468104916,1.8208505337457,3.41205367213014,2.93957960964686,2.42051909246535,2.66846834144903,1.69766145350566,1.59613896328632,2.64789953134921,2.67141643083526,"public"
1.63270468104916,2.73127580061854,1.70602683606507,2.93957960964686,2.42051909246535,2.66846834144903,1.69766145350566,2.39420844492948,2.64789953134921,2.67141643083526,"public"
2.44905702157374,2.73127580061854,3.41205367213014,2.93957960964686,3.2273587899538,2.66846834144903,1.69766145350566,3.19227792657264,1.76526635423281,4.45236071805877,"public"
1.63270468104916,2.73127580061854,1.70602683606507,2.93957960964686,2.42051909246535,2.66846834144903,1.69766145350566,2.39420844492948,1.76526635423281,3.56188857444702,"public"
3.26540936209832,3.64170106749139,2.55904025409761,3.91943947952914,1.6136793949769,3.5579577885987,1.69766145350566,3.19227792657264,2.64789953134921,1.78094428722351,"public"
3.26540936209832,3.64170106749139,1.70602683606507,3.91943947952914,0.806839697488451,2.66846834144903,0.848830726752828,3.9903474082158,0.882633177116403,4.45236071805877,"public"
3.26540936209832,3.64170106749139,1.70602683606507,3.91943947952914,3.2273587899538,3.5579577885987,1.69766145350566,3.19227792657264,1.76526635423281,2.67141643083526,"public"
4.08176170262291,3.64170106749139,0.853013418032535,4.89929934941143,0.806839697488451,2.66846834144903,0.848830726752828,3.9903474082158,0.882633177116403,2.67141643083526,"public"
3.26540936209832,2.73127580061854,1.70602683606507,2.93957960964686,3.2273587899538,2.66846834144903,1.69766145350566,3.19227792657264,1.76526635423281,1.78094428722351,"public"
2.44905702157374,2.73127580061854,2.55904025409761,2.93957960964686,2.42051909246535,2.66846834144903,1.69766145350566,1.59613896328632,1.76526635423281,1.78094428722351,"public"
1.63270468104916,1.8208505337457,3.41205367213014,1.95971973976457,4.03419848744226,4.44744723574838,3.39532290701131,1.59613896328632,3.53053270846561,3.56188857444702,"public"
2.44905702157374,2.73127580061854,0.853013418032535,2.93957960964686,2.42051909246535,2.66846834144903,2.54649218025848,2.39420844492948,1.76526635423281,1.78094428722351,"public"
1.63270468104916,2.73127580061854,3.41205367213014,2.93957960964686,3.2273587899538,4.44744723574838,3.39532290701131,1.59613896328632,0.882633177116403,2.67141643083526,"public"
2.44905702157374,3.64170106749139,2.55904025409761,2.93957960964686,1.6136793949769,2.66846834144903,1.69766145350566,3.19227792657264,1.76526635423281,1.78094428722351,"public"
2.44905702157374,1.8208505337457,1.70602683606507,3.91943947952914,1.6136793949769,2.66846834144903,0.848830726752828,3.9903474082158,1.76526635423281,2.67141643083526,"public"
3.26540936209832,3.64170106749139,1.70602683606507,2.93957960964686,0.806839697488451,1.77897889429935,0.848830726752828,3.9903474082158,0.882633177116403,1.78094428722351,"public"
2.44905702157374,3.64170106749139,1.70602683606507,3.91943947952914,1.6136793949769,2.66846834144903,1.69766145350566,2.39420844492948,1.76526635423281,2.67141643083526,"public"
3.26540936209832,2.73127580061854,1.70602683606507,3.91943947952914,1.6136793949769,1.77897889429935,1.69766145350566,1.59613896328632,0.882633177116403,2.67141643083526,"public"
1.63270468104916,2.73127580061854,2.55904025409761,2.93957960964686,3.2273587899538,4.44744723574838,2.54649218025848,1.59613896328632,2.64789953134921,2.67141643083526,"public"
2.44905702157374,1.8208505337457,2.55904025409761,2.93957960964686,2.42051909246535,2.66846834144903,2.54649218025848,1.59613896328632,2.64789953134921,2.67141643083526,"public"
3.26540936209832,3.64170106749139,1.70602683606507,2.93957960964686,1.6136793949769,2.66846834144903,0.848830726752828,3.19227792657264,0.882633177116403,1.78094428722351,"public"
3.26540936209832,3.64170106749139,3.41205367213014,3.91943947952914,1.6136793949769,1.77897889429935,1.69766145350566,3.19227792657264,0.882633177116403,2.67141643083526,"public"
2.44905702157374,2.73127580061854,2.55904025409761,2.93957960964686,2.42051909246535,2.66846834144903,1.69766145350566,2.39420844492948,1.76526635423281,2.67141643083526,"public"
3.26540936209832,4.55212633436424,1.70602683606507,3.91943947952914,1.6136793949769,1.77897889429935,0.848830726752828,3.9903474082158,0.882633177116403,1.78094428722351,"public"
3.26540936209832,3.64170106749139,1.70602683606507,3.91943947952914,2.42051909246535,1.77897889429935,2.54649218025848,3.19227792657264,1.76526635423281,2.67141643083526,"public"
2.44905702157374,2.73127580061854,0.853013418032535,3.91943947952914,2.42051909246535,2.66846834144903,0.848830726752828,3.9903474082158,1.76526635423281,2.67141643083526,"public"
0.816352340524581,0.910425266872848,4.26506709016268,2.93957960964686,4.03419848744226,4.44744723574838,4.24415363376414,0.79806948164316,1.76526635423281,4.45236071805877,"public"
2.44905702157374,2.73127580061854,2.55904025409761,3.91943947952914,1.6136793949769,2.66846834144903,1.69766145350566,2.39420844492948,0.882633177116403,2.67141643083526,"public"
3.26540936209832,4.55212633436424,0.853013418032535,4.89929934941143,1.6136793949769,2.66846834144903,0.848830726752828,3.9903474082158,0.882633177116403,1.78094428722351,"public"
4.08176170262291,4.55212633436424,1.70602683606507,3.91943947952914,0.806839697488451,1.77897889429935,0.848830726752828,3.9903474082158,0.882633177116403,1.78094428722351,"public"
2.44905702157374,2.73127580061854,2.55904025409761,3.91943947952914,2.42051909246535,2.66846834144903,2.54649218025848,1.59613896328632,2.64789953134921,4.45236071805877,"public"
2.44905702157374,2.73127580061854,2.55904025409761,2.93957960964686,1.6136793949769,2.66846834144903,2.54649218025848,2.39420844492948,1.76526635423281,2.67141643083526,"public"
2.44905702157374,2.73127580061854,4.26506709016268,1.95971973976457,4.03419848744226,2.66846834144903,3.39532290701131,0.79806948164316,3.53053270846561,3.56188857444702,"public"
2.44905702157374,2.73127580061854,1.70602683606507,2.93957960964686,1.6136793949769,3.5579577885987,1.69766145350566,1.59613896328632,2.64789953134921,1.78094428722351,"public"
4.08176170262291,4.55212633436424,1.70602683606507,4.89929934941143,0.806839697488451,1.77897889429935,0.848830726752828,3.9903474082158,0.882633177116403,0.890472143611754,"public"
4.08176170262291,4.55212633436424,0.853013418032535,4.89929934941143,0.806839697488451,0.889489447149676,0.848830726752828,3.9903474082158,0.882633177116403,0.890472143611754,"public"
3.26540936209832,3.64170106749139,1.70602683606507,3.91943947952914,1.6136793949769,2.66846834144903,0.848830726752828,3.19227792657264,0.882633177116403,2.67141643083526,"public"
0.816352340524581,2.73127580061854,1.70602683606507,0.979859869882286,1.6136793949769,3.5579577885987,0.848830726752828,2.39420844492948,0.882633177116403,3.56188857444702,"public"
3.26540936209832,3.64170106749139,0.853013418032535,3.91943947952914,0.806839697488451,2.66846834144903,0.848830726752828,3.9903474082158,0.882633177116403,1.78094428722351,"public"
1.63270468104916,3.64170106749139,3.41205367213014,3.91943947952914,4.03419848744226,4.44744723574838,3.39532290701131,1.59613896328632,2.64789953134921,3.56188857444702,"public"
3.26540936209832,2.73127580061854,2.55904025409761,2.93957960964686,1.6136793949769,3.5579577885987,0.848830726752828,3.19227792657264,1.76526635423281,1.78094428722351,"public"
4.08176170262291,2.73127580061854,3.41205367213014,3.91943947952914,1.6136793949769,4.44744723574838,2.54649218025848,2.39420844492948,2.64789953134921,2.67141643083526,"public"
2.44905702157374,3.64170106749139,3.41205367213014,3.91943947952914,1.6136793949769,2.66846834144903,1.69766145350566,1.59613896328632,0.882633177116403,1.78094428722351,"public"
3.26540936209832,2.73127580061854,1.70602683606507,1.95971973976457,0.806839697488451,2.66846834144903,0.848830726752828,3.9903474082158,0.882633177116403,0.890472143611754,"public"
3.26540936209832,3.64170106749139,0.853013418032535,3.91943947952914,1.6136793949769,1.77897889429935,0.848830726752828,3.9903474082158,0.882633177116403,0.890472143611754,"public"
0.816352340524581,1.8208505337457,2.55904025409761,1.95971973976457,2.42051909246535,2.66846834144903,0.848830726752828,2.39420844492948,0.882633177116403,1.78094428722351,"public"
0.816352340524581,0.910425266872848,3.41205367213014,1.95971973976457,3.2273587899538,4.44744723574838,4.24415363376414,0.79806948164316,2.64789953134921,3.56188857444702,"public"
2.44905702157374,2.73127580061854,1.70602683606507,2.93957960964686,1.6136793949769,2.66846834144903,1.69766145350566,3.19227792657264,1.76526635423281,2.67141643083526,"public"
1.63270468104916,2.73127580061854,3.41205367213014,2.93957960964686,3.2273587899538,3.5579577885987,0.848830726752828,1.59613896328632,0.882633177116403,2.67141643083526,"public"
3.26540936209832,3.64170106749139,1.70602683606507,3.91943947952914,3.2273587899538,2.66846834144903,1.69766145350566,3.19227792657264,1.76526635423281,2.67141643083526,"public"
2.44905702157374,2.73127580061854,2.55904025409761,2.93957960964686,2.42051909246535,2.66846834144903,2.54649218025848,2.39420844492948,2.64789953134921,2.67141643083526,"public"
0.816352340524581,2.73127580061854,3.41205367213014,2.93957960964686,2.42051909246535,3.5579577885987,3.39532290701131,1.59613896328632,3.53053270846561,3.56188857444702,"public"
2.44905702157374,4.55212633436424,1.70602683606507,3.91943947952914,0.806839697488451,2.66846834144903,1.69766145350566,3.19227792657264,1.76526635423281,1.78094428722351,"public"
2.44905702157374,2.73127580061854,1.70602683606507,2.93957960964686,1.6136793949769,3.5579577885987,0.848830726752828,3.9903474082158,0.882633177116403,2.67141643083526,"public"
2.44905702157374,3.64170106749139,1.70602683606507,3.91943947952914,2.42051909246535,2.66846834144903,0.848830726752828,2.39420844492948,1.76526635423281,1.78094428722351,"public"
2.44905702157374,3.64170106749139,1.70602683606507,2.93957960964686,1.6136793949769,4.44744723574838,2.54649218025848,0.79806948164316,3.53053270846561,3.56188857444702,"public"
2.44905702157374,2.73127580061854,2.55904025409761,3.91943947952914,1.6136793949769,2.66846834144903,1.69766145350566,2.39420844492948,1.76526635423281,1.78094428722351,"public"
2.44905702157374,1.8208505337457,0.853013418032535,2.93957960964686,1.6136793949769,2.66846834144903,4.24415363376414,3.9903474082158,1.76526635423281,1.78094428722351,"public"
4.08176170262291,3.64170106749139,0.853013418032535,3.91943947952914,3.2273587899538,1.77897889429935,1.69766145350566,3.19227792657264,0.882633177116403,2.67141643083526,"public"
3.26540936209832,2.73127580061854,4.26506709016268,2.93957960964686,2.42051909246535,3.5579577885987,2.54649218025848,1.59613896328632,2.64789953134921,4.45236071805877,"public"
2.44905702157374,2.73127580061854,2.55904025409761,2.93957960964686,0.806839697488451,2.66846834144903,1.69766145350566,2.39420844492948,0.882633177116403,2.67141643083526,"public"
4.08176170262291,4.55212633436424,0.853013418032535,4.89929934941143,0.806839697488451,0.889489447149676,0.848830726752828,3.9903474082158,0.882633177116403,0.890472143611754,"public"
2.44905702157374,3.64170106749139,0.853013418032535,4.89929934941143,1.6136793949769,1.77897889429935,0.848830726752828,3.19227792657264,1.76526635423281,2.67141643083526,"public"
4.08176170262291,4.55212633436424,4.26506709016268,4.89929934941143,4.03419848744226,4.44744723574838,3.39532290701131,3.19227792657264,3.53053270846561,3.56188857444702,"public"
2.44905702157374,2.73127580061854,1.70602683606507,2.93957960964686,2.42051909246535,1.77897889429935,1.69766145350566,2.39420844492948,1.76526635423281,2.67141643083526,"public"
1.63270468104916,2.73127580061854,2.55904025409761,2.93957960964686,3.2273587899538,3.5579577885987,3.39532290701131,1.59613896328632,3.53053270846561,2.67141643083526,"public"
1.63270468104916,1.8208505337457,4.26506709016268,1.95971973976457,1.6136793949769,4.44744723574838,3.39532290701131,1.59613896328632,3.53053270846561,2.67141643083526,"public"
2.44905702157374,2.73127580061854,1.70602683606507,2.93957960964686,1.6136793949769,1.77897889429935,1.69766145350566,2.39420844492948,1.76526635423281,2.67141643083526,"public"
2.44905702157374,2.73127580061854,2.55904025409761,1.95971973976457,1.6136793949769,2.66846834144903,2.54649218025848,2.39420844492948,0.882633177116403,2.67141643083526,"public"
2.44905702157374,2.73127580061854,2.55904025409761,3.91943947952914,1.6136793949769,2.66846834144903,2.54649218025848,3.19227792657264,1.76526635423281,1.78094428722351,"public"
2.44905702157374,2.73127580061854,0.853013418032535,2.93957960964686,2.42051909246535,2.66846834144903,2.54649218025848,2.39420844492948,2.64789953134921,2.67141643083526,"public"
2.44905702157374,3.64170106749139,1.70602683606507,3.91943947952914,1.6136793949769,2.66846834144903,2.54649218025848,3.19227792657264,1.76526635423281,1.78094428722351,"public"
2.44905702157374,3.64170106749139,0.853013418032535,3.91943947952914,2.42051909246535,2.66846834144903,0.848830726752828,2.39420844492948,0.882633177116403,0.890472143611754,"public"
1.63270468104916,2.73127580061854,3.41205367213014,1.95971973976457,4.03419848744226,2.66846834144903,2.54649218025848,1.59613896328632,2.64789953134921,4.45236071805877,"public"
0.816352340524581,0.910425266872848,0.853013418032535,0.979859869882286,0.806839697488451,0.889489447149676,2.54649218025848,2.39420844492948,2.64789953134921,3.56188857444702,"public"
2.44905702157374,3.64170106749139,2.55904025409761,3.91943947952914,2.42051909246535,3.5579577885987,1.69766145350566,3.19227792657264,2.64789953134921,2.67141643083526,"public"
3.26540936209832,2.73127580061854,1.70602683606507,3.91943947952914,2.42051909246535,2.66846834144903,0.848830726752828,3.9903474082158,0.882633177116403,1.78094428722351,"public"
3.26540936209832,2.73127580061854,1.70602683606507,4.89929934941143,1.6136793949769,1.77897889429935,1.69766145350566,3.9903474082158,1.76526635423281,1.78094428722351,"public"
1.63270468104916,2.73127580061854,2.55904025409761,2.93957960964686,2.42051909246535,3.5579577885987,2.54649218025848,2.39420844492948,2.64789953134921,3.56188857444702,"public"
3.26540936209832,3.64170106749139,0.853013418032535,3.91943947952914,1.6136793949769,2.66846834144903,1.69766145350566,3.9903474082158,1.76526635423281,1.78094428722351,"public"
3.26540936209832,2.73127580061854,1.70602683606507,3.91943947952914,0.806839697488451,1.77897889429935,1.69766145350566,3.19227792657264,0.882633177116403,0.890472143611754,"public"
1.63270468104916,1.8208505337457,2.55904025409761,1.95971973976457,3.2273587899538,3.5579577885987,1.69766145350566,3.19227792657264,2.64789953134921,3.56188857444702,"public"
2.44905702157374,2.73127580061854,2.55904025409761,3.91943947952914,3.2273587899538,2.66846834144903,1.69766145350566,2.39420844492948,0.882633177116403,2.67141643083526,"public"
2.44905702157374,0.910425266872848,3.41205367213014,1.95971973976457,4.03419848744226,4.44744723574838,2.54649218025848,1.59613896328632,2.64789953134921,2.67141643083526,"public"
0.816352340524581,1.8208505337457,4.26506709016268,0.979859869882286,4.03419848744226,4.44744723574838,4.24415363376414,2.39420844492948,2.64789953134921,3.56188857444702,"public"
3.26540936209832,3.64170106749139,1.70602683606507,3.91943947952914,0.806839697488451,2.66846834144903,0.848830726752828,3.19227792657264,1.76526635423281,1.78094428722351,"public"
2.44905702157374,2.73127580061854,2.55904025409761,2.93957960964686,2.42051909246535,2.66846834144903,1.69766145350566,2.39420844492948,2.64789953134921,2.67141643083526,"public"
3.26540936209832,2.73127580061854,1.70602683606507,3.91943947952914,1.6136793949769,1.77897889429935,1.69766145350566,3.9903474082158,1.76526635423281,1.78094428722351,"public"
1.63270468104916,4.55212633436424,1.70602683606507,4.89929934941143,2.42051909246535,2.66846834144903,1.69766145350566,3.9903474082158,0.882633177116403,2.67141643083526,"public"
1.63270468104916,1.8208505337457,2.55904025409761,1.95971973976457,1.6136793949769,2.66846834144903,1.69766145350566,1.59613896328632,2.64789953134921,2.67141643083526,"public"
4.08176170262291,4.55212633436424,0.853013418032535,3.91943947952914,1.6136793949769,1.77897889429935,0.848830726752828,3.19227792657264,1.76526635423281,1.78094428722351,"public"
3.26540936209832,3.64170106749139,0.853013418032535,3.91943947952914,0.806839697488451,3.5579577885987,1.69766145350566,2.39420844492948,1.76526635423281,2.67141643083526,"public"
3.26540936209832,2.73127580061854,2.55904025409761,1.95971973976457,0.806839697488451,3.5579577885987,1.69766145350566,1.59613896328632,0.882633177116403,2.67141643083526,"public"
1.63270468104916,1.8208505337457,2.55904025409761,2.93957960964686,2.42051909246535,2.66846834144903,0.848830726752828,2.39420844492948,1.76526635423281,1.78094428722351,"public"
2.44905702157374,1.8208505337457,3.41205367213014,1.95971973976457,3.2273587899538,4.44744723574838,2.54649218025848,1.59613896328632,1.76526635423281,2.67141643083526,"public"
2.44905702157374,2.73127580061854,2.55904025409761,4.89929934941143,2.42051909246535,2.66846834144903,2.54649218025848,2.39420844492948,2.64789953134921,2.67141643083526,"public"
2.44905702157374,2.73127580061854,0.853013418032535,3.91943947952914,3.2273587899538,2.66846834144903,0.848830726752828,3.9903474082158,0.882633177116403,0.890472143611754,"public"
2.44905702157374,1.8208505337457,2.55904025409761,2.93957960964686,1.6136793949769,4.44744723574838,2.54649218025848,2.39420844492948,0.882633177116403,2.67141643083526,"public"
1.63270468104916,3.64170106749139,1.70602683606507,1.95971973976457,1.6136793949769,3.5579577885987,2.54649218025848,2.39420844492948,2.64789953134921,2.67141643083526,"public"
4.08176170262291,3.64170106749139,0.853013418032535,3.91943947952914,0.806839697488451,2.66846834144903,0.848830726752828,3.9903474082158,0.882633177116403,1.78094428722351,"public"
2.44905702157374,2.73127580061854,1.70602683606507,2.93957960964686,1.6136793949769,2.66846834144903,1.69766145350566,3.19227792657264,1.76526635423281,1.78094428722351,"public"
2.44905702157374,3.64170106749139,1.70602683606507,2.93957960964686,2.42051909246535,2.66846834144903,0.848830726752828,3.9903474082158,0.882633177116403,2.67141643083526,"public"
3.26540936209832,3.64170106749139,1.70602683606507,3.91943947952914,1.6136793949769,1.77897889429935,1.69766145350566,3.9903474082158,1.76526635423281,1.78094428722351,"public"
2.44905702157374,3.64170106749139,2.55904025409761,2.93957960964686,3.2273587899538,2.66846834144903,1.69766145350566,2.39420844492948,1.76526635423281,2.67141643083526,"public"
0.816352340524581,0.910425266872848,4.26506709016268,0.979859869882286,4.03419848744226,4.44744723574838,4.24415363376414,0.79806948164316,4.41316588558201,4.45236071805877,"public"
2.44905702157374,1.8208505337457,4.26506709016268,2.93957960964686,1.6136793949769,2.66846834144903,3.39532290701131,2.39420844492948,2.64789953134921,3.56188857444702,"public"
2.44905702157374,2.73127580061854,2.55904025409761,2.93957960964686,2.42051909246535,3.5579577885987,1.69766145350566,2.39420844492948,2.64789953134921,3.56188857444702,"public"
2.44905702157374,3.64170106749139,1.70602683606507,3.91943947952914,1.6136793949769,1.77897889429935,0.848830726752828,3.19227792657264,1.76526635423281,1.78094428722351,"public"
2.44905702157374,0.910425266872848,2.55904025409761,2.93957960964686,4.03419848744226,3.5579577885987,3.39532290701131,1.59613896328632,2.64789953134921,3.56188857444702,"public"
4.08176170262291,4.55212633436424,1.70602683606507,4.89929934941143,0.806839697488451,0.889489447149676,0.848830726752828,3.19227792657264,0.882633177116403,1.78094428722351,"public"
0.816352340524581,0.910425266872848,2.55904025409761,2.93957960964686,2.42051909246535,4.44744723574838,2.54649218025848,1.59613896328632,4.41316588558201,4.45236071805877,"public"
2.44905702157374,2.73127580061854,1.70602683606507,2.93957960964686,3.2273587899538,1.77897889429935,2.54649218025848,1.59613896328632,3.53053270846561,2.67141643083526,"public"
3.26540936209832,3.64170106749139,2.55904025409761,3.91943947952914,3.2273587899538,1.77897889429935,1.69766145350566,2.39420844492948,0.882633177116403,1.78094428722351,"public"
3.26540936209832,2.73127580061854,3.41205367213014,2.93957960964686,2.42051909246535,3.5579577885987,1.69766145350566,3.19227792657264,0.882633177116403,2.67141643083526,"public"
2.44905702157374,2.73127580061854,2.55904025409761,1.95971973976457,2.42051909246535,3.5579577885987,2.54649218025848,2.39420844492948,1.76526635423281,3.56188857444702,"public"
1.63270468104916,2.73127580061854,2.55904025409761,2.93957960964686,3.2273587899538,3.5579577885987,1.69766145350566,3.19227792657264,1.76526635423281,3.56188857444702,"public"
1.63270468104916,2.73127580061854,2.55904025409761,2.93957960964686,1.6136793949769,2.66846834144903,0.848830726752828,3.9903474082158,0.882633177116403,1.78094428722351,"public"
3.26540936209832,3.64170106749139,0.853013418032535,3.91943947952914,3.2273587899538,1.77897889429935,0.848830726752828,3.19227792657264,0.882633177116403,0.890472143611754,"public"
3.26540936209832,3.64170106749139,1.70602683606507,3.91943947952914,1.6136793949769,1.77897889429935,0.848830726752828,2.39420844492948,1.76526635423281,2.67141643083526,"public"
3.26540936209832,3.64170106749139,2.55904025409761,3.91943947952914,1.6136793949769,2.66846834144903,1.69766145350566,3.19227792657264,1.76526635423281,1.78094428722351,"public"
3.26540936209832,3.64170106749139,2.55904025409761,3.91943947952914,1.6136793949769,2.66846834144903,1.69766145350566,3.9903474082158,0.882633177116403,1.78094428722351,"public"
2.44905702157374,3.64170106749139,3.41205367213014,3.91943947952914,3.2273587899538,2.66846834144903,1.69766145350566,3.19227792657264,1.76526635423281,2.67141643083526,"public"
0.816352340524581,0.910425266872848,4.26506709016268,0.979859869882286,4.03419848744226,4.44744723574838,4.24415363376414,0.79806948164316,4.41316588558201,4.45236071805877,"public"
3.26540936209832,3.64170106749139,1.70602683606507,3.91943947952914,0.806839697488451,1.77897889429935,0.848830726752828,3.9903474082158,0.882633177116403,1.78094428722351,"public"
2.44905702157374,3.64170106749139,2.55904025409761,2.93957960964686,2.42051909246535,2.66846834144903,2.54649218025848,2.39420844492948,2.64789953134921,2.67141643083526,"public"
1.63270468104916,2.73127580061854,3.41205367213014,1.95971973976457,3.2273587899538,3.5579577885987,3.39532290701131,1.59613896328632,3.53053270846561,3.56188857444702,"public"
3.26540936209832,1.8208505337457,1.70602683606507,2.93957960964686,1.6136793949769,1.77897889429935,1.69766145350566,3.19227792657264,0.882633177116403,1.78094428722351,"public"
3.26540936209832,2.73127580061854,1.70602683606507,2.93957960964686,2.42051909246535,2.66846834144903,1.69766145350566,3.9903474082158,0.882633177116403,1.78094428722351,"public"
2.44905702157374,4.55212633436424,0.853013418032535,3.91943947952914,0.806839697488451,1.77897889429935,2.54649218025848,3.19227792657264,0.882633177116403,2.67141643083526,"public"
4.08176170262291,3.64170106749139,0.853013418032535,4.89929934941143,0.806839697488451,2.66846834144903,0.848830726752828,3.9903474082158,0.882633177116403,0.890472143611754,"public"
0.816352340524581,0.910425266872848,4.26506709016268,0.979859869882286,4.03419848744226,4.44744723574838,3.39532290701131,0.79806948164316,3.53053270846561,3.56188857444702,"public"
3.26540936209832,3.64170106749139,2.55904025409761,1.95971973976457,2.42051909246535,2.66846834144903,2.54649218025848,2.39420844492948,1.76526635423281,4.45236071805877,"public"
2.44905702157374,2.73127580061854,2.55904025409761,2.93957960964686,2.42051909246535,4.44744723574838,1.69766145350566,1.59613896328632,1.76526635423281,3.56188857444702,"public"
2.44905702157374,0.910425266872848,0.853013418032535,2.93957960964686,3.2273587899538,2.66846834144903,0.848830726752828,3.9903474082158,4.41316588558201,3.56188857444702,"public"
1.63270468104916,3.64170106749139,1.70602683606507,2.93957960964686,2.42051909246535,1.77897889429935,1.69766145350566,2.39420844492948,0.882633177116403,2.67141643083526,"public"
2.44905702157374,3.64170106749139,1.70602683606507,3.91943947952914,3.2273587899538,2.66846834144903,0.848830726752828,3.19227792657264,1.76526635423281,2.67141643083526,"public"
0.816352340524581,1.8208505337457,3.41205367213014,1.95971973976457,2.42051909246535,4.44744723574838,3.39532290701131,1.59613896328632,3.53053270846561,3.56188857444702,"public"
2.44905702157374,2.73127580061854,2.55904025409761,2.93957960964686,2.42051909246535,4.44744723574838,1.69766145350566,2.39420844492948,2.64789953134921,2.67141643083526,"public"
1.63270468104916,2.73127580061854,3.41205367213014,0.979859869882286,3.2273587899538,4.44744723574838,2.54649218025848,1.59613896328632,0.882633177116403,4.45236071805877,"public"
3.26540936209832,3.64170106749139,2.55904025409761,3.91943947952914,3.2273587899538,3.5579577885987,0.848830726752828,2.39420844492948,0.882633177116403,0.890472143611754,"public"
2.44905702157374,3.64170106749139,2.55904025409761,3.91943947952914,1.6136793949769,2.66846834144903,0.848830726752828,3.19227792657264,1.76526635423281,1.78094428722351,"public"
1.63270468104916,1.8208505337457,3.41205367213014,1.95971973976457,3.2273587899538,2.66846834144903,3.39532290701131,1.59613896328632,2.64789953134921,2.67141643083526,"public"
0.816352340524581,0.910425266872848,0.853013418032535,0.979859869882286,0.806839697488451,0.889489447149676,1.69766145350566,0.79806948164316,4.41316588558201,4.45236071805877,"public"
2.44905702157374,4.55212633436424,1.70602683606507,3.91943947952914,1.6136793949769,1.77897889429935,0.848830726752828,3.9903474082158,1.76526635423281,1.78094428722351,"public"
1.63270468104916,1.8208505337457,2.55904025409761,2.93957960964686,2.42051909246535,2.66846834144903,1.69766145350566,3.19227792657264,0.882633177116403,2.67141643083526,"public"
0.816352340524581,0.910425266872848,2.55904025409761,0.979859869882286,2.42051909246535,4.44744723574838,3.39532290701131,2.39420844492948,2.64789953134921,4.45236071805877,"public"
2.44905702157374,2.73127580061854,0.853013418032535,2.93957960964686,4.03419848744226,2.66846834144903,3.39532290701131,2.39420844492948,0.882633177116403,4.45236071805877,"public"
4.08176170262291,3.64170106749139,0.853013418032535,3.91943947952914,0.806839697488451,1.77897889429935,0.848830726752828,2.39420844492948,0.882633177116403,0.890472143611754,"public"
2.44905702157374,3.64170106749139,0.853013418032535,3.91943947952914,0.806839697488451,2.66846834144903,1.69766145350566,2.39420844492948,1.76526635423281,2.67141643083526,"public"
4.08176170262291,3.64170106749139,0.853013418032535,3.91943947952914,0.806839697488451,1.77897889429935,0.848830726752828,3.9903474082158,0.882633177116403,0.890472143611754,"public"
1.63270468104916,2.73127580061854,1.70602683606507,2.93957960964686,2.42051909246535,2.66846834144903,1.69766145350566,1.59613896328632,2.64789953134921,2.67141643083526,"public"
1.63270468104916,0.910425266872848,3.41205367213014,1.95971973976457,2.42051909246535,3.5579577885987,2.54649218025848,2.39420844492948,1.76526635423281,3.56188857444702,"public"
2.44905702157374,3.64170106749139,1.70602683606507,3.91943947952914,2.42051909246535,1.77897889429935,1.69766145350566,3.19227792657264,1.76526635423281,2.67141643083526,"public"
4.08176170262291,3.64170106749139,0.853013418032535,3.91943947952914,1.6136793949769,2.66846834144903,0.848830726752828,3.9903474082158,0.882633177116403,0.890472143611754,"public"
0.816352340524581,0.910425266872848,3.41205367213014,1.95971973976457,3.2273587899538,4.44744723574838,3.39532290701131,0.79806948164316,3.53053270846561,3.56188857444702,"public"
0.816352340524581,0.910425266872848,4.26506709016268,0.979859869882286,4.03419848744226,4.44744723574838,3.39532290701131,3.19227792657264,3.53053270846561,3.56188857444702,"public"
4.08176170262291,4.55212633436424,1.70602683606507,4.89929934941143,2.42051909246535,1.77897889429935,0.848830726752828,3.9903474082158,0.882633177116403,1.78094428722351,"public"
3.26540936209832,4.55212633436424,3.41205367213014,3.91943947952914,3.2273587899538,4.44744723574838,1.69766145350566,3.19227792657264,1.76526635423281,2.67141643083526,"public"
3.26540936209832,3.64170106749139,3.41205367213014,3.91943947952914,3.2273587899538,3.5579577885987,2.54649218025848,3.19227792657264,2.64789953134921,2.67141643083526,"public"
3.26540936209832,3.64170106749139,1.70602683606507,2.93957960964686,2.42051909246535,2.66846834144903,1.69766145350566,2.39420844492948,2.64789953134921,2.67141643083526,"public"
3.26540936209832,3.64170106749139,0.853013418032535,3.91943947952914,0.806839697488451,1.77897889429935,0.848830726752828,3.9903474082158,0.882633177116403,1.78094428722351,"public"
0.816352340524581,1.8208505337457,3.41205367213014,1.95971973976457,4.03419848744226,4.44744723574838,3.39532290701131,0.79806948164316,3.53053270846561,3.56188857444702,"public"
3.26540936209832,4.55212633436424,4.26506709016268,3.91943947952914,2.42051909246535,2.66846834144903,0.848830726752828,2.39420844492948,0.882633177116403,2.67141643083526,"public"
3.26540936209832,3.64170106749139,1.70602683606507,3.91943947952914,1.6136793949769,1.77897889429935,0.848830726752828,3.19227792657264,0.882633177116403,1.78094428722351,"public"
3.26540936209832,3.64170106749139,2.55904025409761,2.93957960964686,2.42051909246535,2.66846834144903,3.39532290701131,2.39420844492948,2.64789953134921,1.78094428722351,"public"
2.44905702157374,2.73127580061854,2.55904025409761,2.93957960964686,2.42051909246535,2.66846834144903,3.39532290701131,3.19227792657264,1.76526635423281,1.78094428722351,"public"
3.26540936209832,3.64170106749139,0.853013418032535,3.91943947952914,1.6136793949769,1.77897889429935,1.69766145350566,3.9903474082158,1.76526635423281,2.67141643083526,"public"
2.44905702157374,2.73127580061854,2.55904025409761,1.95971973976457,2.42051909246535,3.5579577885987,1.69766145350566,3.19227792657264,1.76526635423281,1.78094428722351,"public"
3.26540936209832,3.64170106749139,1.70602683606507,3.91943947952914,2.42051909246535,1.77897889429935,1.69766145350566,2.39420844492948,1.76526635423281,1.78094428722351,"public"
0.816352340524581,0.910425266872848,4.26506709016268,0.979859869882286,0.806839697488451,4.44744723574838,4.24415363376414,0.79806948164316,3.53053270846561,1.78094428722351,"public"
1.63270468104916,1.8208505337457,2.55904025409761,2.93957960964686,2.42051909246535,2.66846834144903,3.39532290701131,2.39420844492948,1.76526635423281,1.78094428722351,"public"
0.816352340524581,2.73127580061854,3.41205367213014,2.93957960964686,4.03419848744226,2.66846834144903,4.24415363376414,1.59613896328632,1.76526635423281,4.45236071805877,"public"
4.08176170262291,4.55212633436424,1.70602683606507,3.91943947952914,1.6136793949769,1.77897889429935,1.69766145350566,1.59613896328632,1.76526635423281,1.78094428722351,"public"
0.816352340524581,0.910425266872848,3.41205367213014,1.95971973976457,1.6136793949769,3.5579577885987,4.24415363376414,0.79806948164316,3.53053270846561,3.56188857444702,"public"
0.816352340524581,1.8208505337457,3.41205367213014,1.95971973976457,4.03419848744226,4.44744723574838,4.24415363376414,0.79806948164316,1.76526635423281,3.56188857444702,"public"
2.44905702157374,3.64170106749139,1.70602683606507,3.91943947952914,1.6136793949769,1.77897889429935,1.69766145350566,3.9903474082158,1.76526635423281,2.67141643083526,"public"
2.44905702157374,2.73127580061854,2.55904025409761,2.93957960964686,1.6136793949769,2.66846834144903,0.848830726752828,2.39420844492948,0.882633177116403,1.78094428722351,"public"
3.26540936209832,3.64170106749139,0.853013418032535,3.91943947952914,0.806839697488451,0.889489447149676,1.69766145350566,3.19227792657264,1.76526635423281,1.78094428722351,"public"
4.08176170262291,2.73127580061854,1.70602683606507,2.93957960964686,1.6136793949769,2.66846834144903,1.69766145350566,3.19227792657264,1.76526635423281,2.67141643083526,"public"
2.44905702157374,1.8208505337457,3.41205367213014,1.95971973976457,3.2273587899538,4.44744723574838,3.39532290701131,2.39420844492948,2.64789953134921,3.56188857444702,"public"
3.26540936209832,3.64170106749139,1.70602683606507,2.93957960964686,1.6136793949769,2.66846834144903,1.69766145350566,2.39420844492948,0.882633177116403,1.78094428722351,"public"
1.63270468104916,2.73127580061854,2.55904025409761,2.93957960964686,1.6136793949769,2.66846834144903,1.69766145350566,2.39420844492948,2.64789953134921,1.78094428722351,"public"
2.44905702157374,2.73127580061854,1.70602683606507,3.91943947952914,1.6136793949769,1.77897889429935,1.69766145350566,3.19227792657264,1.76526635423281,2.67141643083526,"public"
2.44905702157374,2.73127580061854,2.55904025409761,2.93957960964686,2.42051909246535,4.44744723574838,2.54649218025848,0.79806948164316,1.76526635423281,2.67141643083526,"public"
4.08176170262291,3.64170106749139,2.55904025409761,3.91943947952914,0.806839697488451,0.889489447149676,0.848830726752828,3.9903474082158,1.76526635423281,2.67141643083526,"public"
3.26540936209832,2.73127580061854,1.70602683606507,2.93957960964686,2.42051909246535,2.66846834144903,2.54649218025848,3.9903474082158,2.64789953134921,1.78094428722351,"public"
3.26540936209832,4.55212633436424,1.70602683606507,3.91943947952914,1.6136793949769,0.889489447149676,1.69766145350566,3.9903474082158,0.882633177116403,2.67141643083526,"public"
2.44905702157374,3.64170106749139,4.26506709016268,2.93957960964686,4.03419848744226,3.5579577885987,3.39532290701131,1.59613896328632,4.41316588558201,4.45236071805877,"public"
0.816352340524581,2.73127580061854,4.26506709016268,2.93957960964686,4.03419848744226,4.44744723574838,2.54649218025848,1.59613896328632,1.76526635423281,4.45236071805877,"public"
2.44905702157374,3.64170106749139,1.70602683606507,3.91943947952914,1.6136793949769,2.66846834144903,1.69766145350566,3.19227792657264,1.76526635423281,2.67141643083526,"public"
2.44905702157374,2.73127580061854,2.55904025409761,2.93957960964686,1.6136793949769,1.77897889429935,2.54649218025848,2.39420844492948,1.76526635423281,2.67141643083526,"public"
1.63270468104916,1.8208505337457,2.55904025409761,2.93957960964686,2.42051909246535,1.77897889429935,1.69766145350566,2.39420844492948,1.76526635423281,2.67141643083526,"public"
3.26540936209832,3.64170106749139,1.70602683606507,3.91943947952914,1.6136793949769,1.77897889429935,1.69766145350566,3.9903474082158,0.882633177116403,1.78094428722351,"public"
3.26540936209832,2.73127580061854,2.55904025409761,2.93957960964686,3.2273587899538,3.5579577885987,2.54649218025848,2.39420844492948,1.76526635423281,2.67141643083526,"public"
4.08176170262291,3.64170106749139,1.70602683606507,3.91943947952914,3.2273587899538,3.5579577885987,0.848830726752828,3.19227792657264,0.882633177116403,1.78094428722351,"public"
3.26540936209832,3.64170106749139,3.41205367213014,2.93957960964686,3.2273587899538,2.66846834144903,2.54649218025848,2.39420844492948,3.53053270846561,3.56188857444702,"public"
2.44905702157374,3.64170106749139,1.70602683606507,3.91943947952914,1.6136793949769,2.66846834144903,1.69766145350566,3.9903474082158,1.76526635423281,1.78094428722351,"public"
1.63270468104916,1.8208505337457,2.55904025409761,1.95971973976457,2.42051909246535,1.77897889429935,3.39532290701131,1.59613896328632,1.76526635423281,2.67141643083526,"public"
2.44905702157374,1.8208505337457,2.55904025409761,2.93957960964686,2.42051909246535,1.77897889429935,2.54649218025848,2.39420844492948,0.882633177116403,3.56188857444702,"public"
2.44905702157374,3.64170106749139,1.70602683606507,3.91943947952914,3.2273587899538,1.77897889429935,0.848830726752828,3.19227792657264,0.882633177116403,1.78094428722351,"public"
3.26540936209832,3.64170106749139,1.70602683606507,3.91943947952914,2.42051909246535,3.5579577885987,0.848830726752828,2.39420844492948,1.76526635423281,1.78094428722351,"public"
3.26540936209832,2.73127580061854,1.70602683606507,2.93957960964686,1.6136793949769,2.66846834144903,2.54649218025848,3.19227792657264,1.76526635423281,2.67141643083526,"public"
1.63270468104916,2.73127580061854,0.853013418032535,2.93957960964686,2.42051909246535,1.77897889429935,1.69766145350566,3.19227792657264,0.882633177116403,2.67141643083526,"public"
2.44905702157374,2.73127580061854,1.70602683606507,2.93957960964686,2.42051909246535,3.5579577885987,1.69766145350566,3.19227792657264,2.64789953134921,1.78094428722351,"public"
1.63270468104916,1.8208505337457,0.853013418032535,1.95971973976457,1.6136793949769,0.889489447149676,2.54649218025848,1.59613896328632,3.53053270846561,1.78094428722351,"public"
0.816352340524581,0.910425266872848,3.41205367213014,1.95971973976457,4.03419848744226,4.44744723574838,2.54649218025848,1.59613896328632,1.76526635423281,3.56188857444702,"public"
2.44905702157374,4.55212633436424,0.853013418032535,3.91943947952914,2.42051909246535,3.5579577885987,2.54649218025848,1.59613896328632,2.64789953134921,1.78094428722351,"public"
2.44905702157374,2.73127580061854,1.70602683606507,2.93957960964686,2.42051909246535,2.66846834144903,0.848830726752828,2.39420844492948,1.76526635423281,1.78094428722351,"public"
4.08176170262291,2.73127580061854,1.70602683606507,2.93957960964686,2.42051909246535,4.44744723574838,0.848830726752828,0.79806948164316,0.882633177116403,0.890472143611754,"public"
0.816352340524581,1.8208505337457,2.55904025409761,2.93957960964686,4.03419848744226,3.5579577885987,2.54649218025848,1.59613896328632,3.53053270846561,3.56188857444702,"public"
2.44905702157374,2.73127580061854,1.70602683606507,1.95971973976457,4.03419848744226,3.5579577885987,1.69766145350566,0.79806948164316,2.64789953134921,3.56188857444702,"public"
3.26540936209832,4.55212633436424,0.853013418032535,4.89929934941143,0.806839697488451,1.77897889429935,0.848830726752828,3.9903474082158,0.882633177116403,1.78094428722351,"public"
0.816352340524581,2.73127580061854,4.26506709016268,1.95971973976457,1.6136793949769,4.44744723574838,2.54649218025848,1.59613896328632,2.64789953134921,2.67141643083526,"public"
1.63270468104916,2.73127580061854,2.55904025409761,2.93957960964686,2.42051909246535,3.5579577885987,2.54649218025848,2.39420844492948,1.76526635423281,2.67141643083526,"public"
2.44905702157374,3.64170106749139,2.55904025409761,3.91943947952914,3.2273587899538,3.5579577885987,2.54649218025848,2.39420844492948,2.64789953134921,2.67141643083526,"public"
1.63270468104916,1.8208505337457,2.55904025409761,2.93957960964686,2.42051909246535,3.5579577885987,1.69766145350566,3.19227792657264,2.64789953134921,3.56188857444702,"public"
2.44905702157374,2.73127580061854,2.55904025409761,2.93957960964686,2.42051909246535,2.66846834144903,2.54649218025848,2.39420844492948,2.64789953134921,2.67141643083526,"public"
2.44905702157374,2.73127580061854,2.55904025409761,2.93957960964686,3.2273587899538,3.5579577885987,2.54649218025848,2.39420844492948,2.64789953134921,3.56188857444702,"public"
0.816352340524581,2.73127580061854,4.26506709016268,0.979859869882286,2.42051909246535,2.66846834144903,3.39532290701131,0.79806948164316,4.41316588558201,3.56188857444702,"public"
2.44905702157374,3.64170106749139,4.26506709016268,2.93957960964686,2.42051909246535,2.66846834144903,1.69766145350566,1.59613896328632,0.882633177116403,2.67141643083526,"public"
2.44905702157374,3.64170106749139,1.70602683606507,3.91943947952914,2.42051909246535,2.66846834144903,0.848830726752828,3.19227792657264,0.882633177116403,1.78094428722351,"public"
2.44905702157374,3.64170106749139,2.55904025409761,2.93957960964686,3.2273587899538,1.77897889429935,3.39532290701131,3.19227792657264,3.53053270846561,1.78094428722351,"public"
3.26540936209832,4.55212633436424,1.70602683606507,3.91943947952914,1.6136793949769,1.77897889429935,1.69766145350566,3.9903474082158,0.882633177116403,1.78094428722351,"public"
4.08176170262291,3.64170106749139,0.853013418032535,3.91943947952914,0.806839697488451,1.77897889429935,1.69766145350566,3.19227792657264,1.76526635423281,1.78094428722351,"public"
3.26540936209832,3.64170106749139,0.853013418032535,4.89929934941143,3.2273587899538,2.66846834144903,0.848830726752828,3.9903474082158,0.882633177116403,1.78094428722351,"public"
2.44905702157374,2.73127580061854,1.70602683606507,2.93957960964686,1.6136793949769,2.66846834144903,1.69766145350566,2.39420844492948,2.64789953134921,2.67141643083526,"public"
0.816352340524581,0.910425266872848,4.26506709016268,0.979859869882286,4.03419848744226,4.44744723574838,4.24415363376414,0.79806948164316,4.41316588558201,4.45236071805877,"public"
0.816352340524581,1.8208505337457,0.853013418032535,2.93957960964686,2.42051909246535,2.66846834144903,3.39532290701131,2.39420844492948,2.64789953134921,2.67141643083526,"public"
0.816352340524581,3.64170106749139,4.26506709016268,1.95971973976457,4.03419848744226,4.44744723574838,4.24415363376414,0.79806948164316,4.41316588558201,4.45236071805877,"public"
1.63270468104916,2.73127580061854,1.70602683606507,2.93957960964686,2.42051909246535,2.66846834144903,1.69766145350566,2.39420844492948,1.76526635423281,2.67141643083526,"public"
2.44905702157374,2.73127580061854,1.70602683606507,2.93957960964686,2.42051909246535,2.66846834144903,2.54649218025848,1.59613896328632,2.64789953134921,1.78094428722351,"public"
2.44905702157374,2.73127580061854,2.55904025409761,2.93957960964686,2.42051909246535,2.66846834144903,2.54649218025848,2.39420844492948,2.64789953134921,2.67141643083526,"public"
1.63270468104916,3.64170106749139,2.55904025409761,3.91943947952914,2.42051909246535,2.66846834144903,2.54649218025848,3.19227792657264,1.76526635423281,2.67141643083526,"public"
0.816352340524581,2.73127580061854,2.55904025409761,2.93957960964686,3.2273587899538,3.5579577885987,3.39532290701131,0.79806948164316,1.76526635423281,2.67141643083526,"public"
2.44905702157374,1.8208505337457,4.26506709016268,1.95971973976457,3.2273587899538,3.5579577885987,3.39532290701131,2.39420844492948,2.64789953134921,3.56188857444702,"public"
1.63270468104916,1.8208505337457,2.55904025409761,2.93957960964686,2.42051909246535,2.66846834144903,2.54649218025848,2.39420844492948,1.76526635423281,2.67141643083526,"public"
2.44905702157374,3.64170106749139,2.55904025409761,3.91943947952914,4.03419848744226,3.5579577885987,2.54649218025848,2.39420844492948,1.76526635423281,2.67141643083526,"public"
4.08176170262291,4.55212633436424,0.853013418032535,4.89929934941143,1.6136793949769,0.889489447149676,0.848830726752828,3.9903474082158,0.882633177116403,1.78094428722351,"public"
4.08176170262291,3.64170106749139,0.853013418032535,3.91943947952914,0.806839697488451,2.66846834144903,0.848830726752828,3.9903474082158,0.882633177116403,2.67141643083526,"public"
4.08176170262291,4.55212633436424,0.853013418032535,4.89929934941143,1.6136793949769,0.889489447149676,0.848830726752828,3.9903474082158,0.882633177116403,0.890472143611754,"public"
2.44905702157374,2.73127580061854,2.55904025409761,2.93957960964686,2.42051909246535,2.66846834144903,2.54649218025848,1.59613896328632,2.64789953134921,3.56188857444702,"public"
2.44905702157374,2.73127580061854,2.55904025409761,2.93957960964686,2.42051909246535,2.66846834144903,1.69766145350566,2.39420844492948,2.64789953134921,2.67141643083526,"public"
2.44905702157374,1.8208505337457,3.41205367213014,1.95971973976457,3.2273587899538,3.5579577885987,3.39532290701131,0.79806948164316,1.76526635423281,3.56188857444702,"public"
3.26540936209832,3.64170106749139,2.55904025409761,3.91943947952914,3.2273587899538,3.5579577885987,2.54649218025848,3.19227792657264,2.64789953134921,2.67141643083526,"public"
0.816352340524581,0.910425266872848,1.70602683606507,1.95971973976457,2.42051909246535,2.66846834144903,2.54649218025848,2.39420844492948,0.882633177116403,0.890472143611754,"public"
3.26540936209832,2.73127580061854,3.41205367213014,1.95971973976457,2.42051909246535,2.66846834144903,1.69766145350566,3.19227792657264,0.882633177116403,3.56188857444702,"public"
0.816352340524581,0.910425266872848,4.26506709016268,0.979859869882286,4.03419848744226,4.44744723574838,3.39532290701131,0.79806948164316,3.53053270846561,3.56188857444702,"public"
2.44905702157374,2.73127580061854,2.55904025409761,2.93957960964686,2.42051909246535,3.5579577885987,1.69766145350566,2.39420844492948,1.76526635423281,2.67141643083526,"public"
1.63270468104916,2.73127580061854,0.853013418032535,1.95971973976457,4.03419848744226,2.66846834144903,0.848830726752828,0.79806948164316,4.41316588558201,0.890472143611754,"public"
2.44905702157374,2.73127580061854,2.55904025409761,2.93957960964686,2.42051909246535,3.5579577885987,1.69766145350566,2.39420844492948,1.76526635423281,1.78094428722351,"public"
2.44905702157374,2.73127580061854,2.55904025409761,2.93957960964686,3.2273587899538,2.66846834144903,0.848830726752828,3.9903474082158,0.882633177116403,1.78094428722351,"public"
4.08176170262291,3.64170106749139,0.853013418032535,4.89929934941143,0.806839697488451,1.77897889429935,1.69766145350566,3.19227792657264,0.882633177116403,1.78094428722351,"public"
1.63270468104916,1.8208505337457,3.41205367213014,2.93957960964686,3.2273587899538,3.5579577885987,3.39532290701131,1.59613896328632,3.53053270846561,2.67141643083526,"public"
0.816352340524581,0.910425266872848,4.26506709016268,0.979859869882286,4.03419848744226,4.44744723574838,4.24415363376414,0.79806948164316,4.41316588558201,4.45236071805877,"public"
4.08176170262291,4.55212633436424,0.853013418032535,4.89929934941143,0.806839697488451,1.77897889429935,0.848830726752828,3.9903474082158,0.882633177116403,1.78094428722351,"public"
0.816352340524581,0.910425266872848,3.41205367213014,0.979859869882286,4.03419848744226,3.5579577885987,4.24415363376414,0.79806948164316,4.41316588558201,4.45236071805877,"public"
0.816352340524581,1.8208505337457,1.70602683606507,2.93957960964686,0.806839697488451,2.66846834144903,2.54649218025848,3.9903474082158,0.882633177116403,0.890472143611754,"public"
2.44905702157374,3.64170106749139,2.55904025409761,2.93957960964686,2.42051909246535,2.66846834144903,2.54649218025848,3.19227792657264,1.76526635423281,2.67141643083526,"public"
3.26540936209832,3.64170106749139,2.55904025409761,2.93957960964686,1.6136793949769,3.5579577885987,1.69766145350566,3.19227792657264,1.76526635423281,2.67141643083526,"public"
1.63270468104916,2.73127580061854,1.70602683606507,2.93957960964686,1.6136793949769,1.77897889429935,1.69766145350566,3.19227792657264,1.76526635423281,2.67141643083526,"public"
3.26540936209832,3.64170106749139,1.70602683606507,3.91943947952914,1.6136793949769,1.77897889429935,1.69766145350566,3.19227792657264,1.76526635423281,1.78094428722351,"public"
2.44905702157374,2.73127580061854,2.55904025409761,2.93957960964686,2.42051909246535,2.66846834144903,1.69766145350566,2.39420844492948,1.76526635423281,2.67141643083526,"public"
0.816352340524581,1.8208505337457,2.55904025409761,3.91943947952914,2.42051909246535,3.5579577885987,2.54649218025848,1.59613896328632,3.53053270846561,3.56188857444702,"public"
2.44905702157374,3.64170106749139,0.853013418032535,4.89929934941143,2.42051909246535,1.77897889429935,0.848830726752828,2.39420844492948,0.882633177116403,1.78094428722351,"public"
4.08176170262291,4.55212633436424,0.853013418032535,4.89929934941143,0.806839697488451,0.889489447149676,0.848830726752828,3.9903474082158,0.882633177116403,0.890472143611754,"public"
1.63270468104916,2.73127580061854,1.70602683606507,2.93957960964686,3.2273587899538,2.66846834144903,2.54649218025848,2.39420844492948,2.64789953134921,3.56188857444702,"public"
3.26540936209832,2.73127580061854,2.55904025409761,2.93957960964686,1.6136793949769,2.66846834144903,1.69766145350566,3.19227792657264,1.76526635423281,3.56188857444702,"public"
2.44905702157374,1.8208505337457,2.55904025409761,1.95971973976457,2.42051909246535,3.5579577885987,2.54649218025848,1.59613896328632,1.76526635423281,2.67141643083526,"public"
4.08176170262291,4.55212633436424,0.853013418032535,4.89929934941143,0.806839697488451,0.889489447149676,0.848830726752828,3.9903474082158,0.882633177116403,0.890472143611754,"public"
2.44905702157374,2.73127580061854,3.41205367213014,2.93957960964686,1.6136793949769,2.66846834144903,1.69766145350566,3.19227792657264,1.76526635423281,2.67141643083526,"public"
3.26540936209832,3.64170106749139,1.70602683606507,3.91943947952914,0.806839697488451,2.66846834144903,0.848830726752828,3.9903474082158,0.882633177116403,1.78094428722351,"public"
1.63270468104916,2.73127580061854,2.55904025409761,0.979859869882286,4.03419848744226,2.66846834144903,3.39532290701131,1.59613896328632,2.64789953134921,3.56188857444702,"public"
0.816352340524581,0.910425266872848,2.55904025409761,2.93957960964686,4.03419848744226,4.44744723574838,4.24415363376414,0.79806948164316,3.53053270846561,4.45236071805877,"public"
4.08176170262291,3.64170106749139,1.70602683606507,2.93957960964686,0.806839697488451,2.66846834144903,0.848830726752828,3.19227792657264,0.882633177116403,0.890472143611754,"public"
1.63270468104916,0.910425266872848,2.55904025409761,1.95971973976457,4.03419848744226,4.44744723574838,2.54649218025848,0.79806948164316,2.64789953134921,3.56188857444702,"public"
3.26540936209832,3.64170106749139,1.70602683606507,3.91943947952914,0.806839697488451,1.77897889429935,1.69766145350566,3.9903474082158,0.882633177116403,1.78094428722351,"public"
2.44905702157374,2.73127580061854,2.55904025409761,2.93957960964686,2.42051909246535,3.5579577885987,1.69766145350566,1.59613896328632,2.64789953134921,2.67141643083526,"public"
2.44905702157374,3.64170106749139,2.55904025409761,2.93957960964686,3.2273587899538,2.66846834144903,1.69766145350566,2.39420844492948,1.76526635423281,1.78094428722351,"public"
4.08176170262291,4.55212633436424,0.853013418032535,4.89929934941143,0.806839697488451,2.66846834144903,1.69766145350566,3.9903474082158,4.41316588558201,0.890472143611754,"public"
3.26540936209832,3.64170106749139,2.55904025409761,3.91943947952914,3.2273587899538,2.66846834144903,1.69766145350566,3.19227792657264,0.882633177116403,1.78094428722351,"public"
2.44905702157374,1.8208505337457,2.55904025409761,3.91943947952914,1.6136793949769,2.66846834144903,2.54649218025848,3.19227792657264,1.76526635423281,3.56188857444702,"public"
2.44905702157374,1.8208505337457,2.55904025409761,1.95971973976457,1.6136793949769,3.5579577885987,2.54649218025848,2.39420844492948,1.76526635423281,2.67141643083526,"public"
4.08176170262291,3.64170106749139,0.853013418032535,3.91943947952914,0.806839697488451,1.77897889429935,0.848830726752828,3.9903474082158,0.882633177116403,0.890472143611754,"public"
2.44905702157374,2.73127580061854,2.55904025409761,3.91943947952914,3.2273587899538,2.66846834144903,1.69766145350566,3.19227792657264,1.76526635423281,1.78094428722351,"public"
4.08176170262291,3.64170106749139,1.70602683606507,4.89929934941143,0.806839697488451,2.66846834144903,0.848830726752828,3.9903474082158,0.882633177116403,0.890472143611754,"public"
1.63270468104916,2.73127580061854,3.41205367213014,3.91943947952914,2.42051909246535,3.5579577885987,3.39532290701131,2.39420844492948,3.53053270846561,3.56188857444702,"public"
0.816352340524581,1.8208505337457,3.41205367213014,1.95971973976457,3.2273587899538,3.5579577885987,2.54649218025848,2.39420844492948,2.64789953134921,2.67141643083526,"public"
2.44905702157374,3.64170106749139,1.70602683606507,2.93957960964686,1.6136793949769,2.66846834144903,0.848830726752828,2.39420844492948,0.882633177116403,1.78094428722351,"public"
0.816352340524581,0.910425266872848,4.26506709016268,0.979859869882286,1.6136793949769,4.44744723574838,4.24415363376414,0.79806948164316,4.41316588558201,2.67141643083526,"public"
3.26540936209832,2.73127580061854,0.853013418032535,3.91943947952914,0.806839697488451,2.66846834144903,3.39532290701131,3.19227792657264,0.882633177116403,0.890472143611754,"public"
1.63270468104916,1.8208505337457,2.55904025409761,2.93957960964686,2.42051909246535,2.66846834144903,2.54649218025848,1.59613896328632,2.64789953134921,3.56188857444702,"public"
3.26540936209832,2.73127580061854,0.853013418032535,3.91943947952914,0.806839697488451,1.77897889429935,0.848830726752828,3.19227792657264,0.882633177116403,1.78094428722351,"public"
2.44905702157374,2.73127580061854,2.55904025409761,2.93957960964686,2.42051909246535,2.66846834144903,1.69766145350566,3.19227792657264,1.76526635423281,2.67141643083526,"public"
0.816352340524581,0.910425266872848,2.55904025409761,0.979859869882286,4.03419848744226,4.44744723574838,3.39532290701131,1.59613896328632,3.53053270846561,4.45236071805877,"public"
2.44905702157374,4.55212633436424,2.55904025409761,4.89929934941143,0.806839697488451,2.66846834144903,0.848830726752828,1.59613896328632,0.882633177116403,0.890472143611754,"public"
2.44905702157374,2.73127580061854,2.55904025409761,2.93957960964686,1.6136793949769,2.66846834144903,1.69766145350566,1.59613896328632,2.64789953134921,2.67141643083526,"public"
2.44905702157374,2.73127580061854,2.55904025409761,2.93957960964686,2.42051909246535,2.66846834144903,2.54649218025848,2.39420844492948,1.76526635423281,2.67141643083526,"public"
1.63270468104916,1.8208505337457,1.70602683606507,1.95971973976457,0.806839697488451,1.77897889429935,2.54649218025848,2.39420844492948,2.64789953134921,2.67141643083526,"public"
4.08176170262291,4.55212633436424,0.853013418032535,4.89929934941143,0.806839697488451,0.889489447149676,0.848830726752828,3.9903474082158,0.882633177116403,0.890472143611754,"public"
0.816352340524581,1.8208505337457,4.26506709016268,0.979859869882286,4.03419848744226,4.44744723574838,3.39532290701131,1.59613896328632,4.41316588558201,4.45236071805877,"public"
2.44905702157374,2.73127580061854,1.70602683606507,2.93957960964686,1.6136793949769,1.77897889429935,0.848830726752828,3.9903474082158,1.76526635423281,1.78094428722351,"public"
3.26540936209832,2.73127580061854,2.55904025409761,3.91943947952914,2.42051909246535,3.5579577885987,2.54649218025848,3.9903474082158,0.882633177116403,2.67141643083526,"public"
1.63270468104916,2.73127580061854,2.55904025409761,2.93957960964686,3.2273587899538,3.5579577885987,3.39532290701131,1.59613896328632,3.53053270846561,3.56188857444702,"public"
4.08176170262291,4.55212633436424,1.70602683606507,4.89929934941143,0.806839697488451,1.77897889429935,0.848830726752828,3.9903474082158,0.882633177116403,1.78094428722351,"public"
2.44905702157374,3.64170106749139,1.70602683606507,2.93957960964686,4.03419848744226,2.66846834144903,1.69766145350566,3.9903474082158,0.882633177116403,1.78094428722351,"public"
2.44905702157374,3.64170106749139,0.853013418032535,3.91943947952914,3.2273587899538,2.66846834144903,1.69766145350566,3.19227792657264,1.76526635423281,1.78094428722351,"public"
3.26540936209832,3.64170106749139,0.853013418032535,2.93957960964686,1.6136793949769,1.77897889429935,0.848830726752828,3.9903474082158,1.76526635423281,1.78094428722351,"public"
2.44905702157374,2.73127580061854,0.853013418032535,1.95971973976457,2.42051909246535,2.66846834144903,1.69766145350566,3.9903474082158,1.76526635423281,1.78094428722351,"public"
1.63270468104916,2.73127580061854,2.55904025409761,2.93957960964686,2.42051909246535,3.5579577885987,0.848830726752828,3.19227792657264,0.882633177116403,2.67141643083526,"public"
3.26540936209832,2.73127580061854,1.70602683606507,2.93957960964686,1.6136793949769,2.66846834144903,0.848830726752828,1.59613896328632,1.76526635423281,1.78094428722351,"public"
2.44905702157374,2.73127580061854,2.55904025409761,2.93957960964686,2.42051909246535,2.66846834144903,0.848830726752828,2.39420844492948,1.76526635423281,1.78094428722351,"public"
2.44905702157374,2.73127580061854,3.41205367213014,2.93957960964686,2.42051909246535,3.5579577885987,2.54649218025848,3.19227792657264,2.64789953134921,1.78094428722351,"public"
3.26540936209832,3.64170106749139,0.853013418032535,2.93957960964686,1.6136793949769,1.77897889429935,1.69766145350566,3.9903474082158,0.882633177116403,0.890472143611754,"public"
3.26540936209832,3.64170106749139,1.70602683606507,3.91943947952914,1.6136793949769,2.66846834144903,1.69766145350566,3.19227792657264,1.76526635423281,1.78094428722351,"public"
4.08176170262291,3.64170106749139,3.41205367213014,2.93957960964686,3.2273587899538,4.44744723574838,3.39532290701131,2.39420844492948,2.64789953134921,2.67141643083526,"public"
1.63270468104916,1.8208505337457,3.41205367213014,1.95971973976457,2.42051909246535,4.44744723574838,3.39532290701131,0.79806948164316,3.53053270846561,3.56188857444702,"public"
3.26540936209832,2.73127580061854,3.41205367213014,2.93957960964686,0.806839697488451,2.66846834144903,0.848830726752828,3.9903474082158,0.882633177116403,1.78094428722351,"public"
1.63270468104916,1.8208505337457,4.26506709016268,2.93957960964686,4.03419848744226,4.44744723574838,3.39532290701131,2.39420844492948,2.64789953134921,2.67141643083526,"public"
4.08176170262291,4.55212633436424,0.853013418032535,4.89929934941143,0.806839697488451,0.889489447149676,0.848830726752828,3.9903474082158,0.882633177116403,0.890472143611754,"public"
2.44905702157374,2.73127580061854,2.55904025409761,2.93957960964686,2.42051909246535,2.66846834144903,2.54649218025848,2.39420844492948,2.64789953134921,2.67141643083526,"public"
1.63270468104916,1.8208505337457,4.26506709016268,1.95971973976457,4.03419848744226,4.44744723574838,1.69766145350566,2.39420844492948,4.41316588558201,4.45236071805877,"public"
0.816352340524581,0.910425266872848,4.26506709016268,0.979859869882286,4.03419848744226,4.44744723574838,4.24415363376414,0.79806948164316,1.76526635423281,4.45236071805877,"public"
0.816352340524581,0.910425266872848,4.26506709016268,1.95971973976457,1.6136793949769,3.5579577885987,4.24415363376414,1.59613896328632,2.64789953134921,4.45236071805877,"public"
0.816352340524581,1.8208505337457,2.55904025409761,1.95971973976457,3.2273587899538,3.5579577885987,2.54649218025848,1.59613896328632,2.64789953134921,3.56188857444702,"public"
1.63270468104916,3.64170106749139,1.70602683606507,3.91943947952914,1.6136793949769,1.77897889429935,0.848830726752828,3.9903474082158,0.882633177116403,0.890472143611754,"public"
2.44905702157374,3.64170106749139,1.70602683606507,3.91943947952914,1.6136793949769,2.66846834144903,0.848830726752828,3.9903474082158,0.882633177116403,0.890472143611754,"public"
1.63270468104916,2.73127580061854,2.55904025409761,2.93957960964686,2.42051909246535,3.5579577885987,2.54649218025848,2.39420844492948,1.76526635423281,2.67141643083526,"public"
3.26540936209832,2.73127580061854,1.70602683606507,2.93957960964686,2.42051909246535,2.66846834144903,2.54649218025848,2.39420844492948,3.53053270846561,1.78094428722351,"public"
3.26540936209832,3.64170106749139,1.70602683606507,2.93957960964686,2.42051909246535,3.5579577885987,1.69766145350566,2.39420844492948,0.882633177116403,1.78094428722351,"public"
4.08176170262291,4.55212633436424,0.853013418032535,3.91943947952914,0.806839697488451,1.77897889429935,0.848830726752828,3.9903474082158,0.882633177116403,0.890472143611754,"public"
0.816352340524581,2.73127580061854,4.26506709016268,1.95971973976457,4.03419848744226,4.44744723574838,4.24415363376414,0.79806948164316,3.53053270846561,4.45236071805877,"public"
2.44905702157374,2.73127580061854,2.55904025409761,2.93957960964686,2.42051909246535,2.66846834144903,2.54649218025848,2.39420844492948,1.76526635423281,2.67141643083526,"public"
0.816352340524581,0.910425266872848,3.41205367213014,0.979859869882286,4.03419848744226,3.5579577885987,3.39532290701131,0.79806948164316,2.64789953134921,3.56188857444702,"public"
3.26540936209832,2.73127580061854,1.70602683606507,3.91943947952914,0.806839697488451,2.66846834144903,0.848830726752828,3.9903474082158,1.76526635423281,2.67141643083526,"public"
0.816352340524581,1.8208505337457,2.55904025409761,1.95971973976457,4.03419848744226,3.5579577885987,2.54649218025848,0.79806948164316,1.76526635423281,4.45236071805877,"public"
4.08176170262291,4.55212633436424,0.853013418032535,3.91943947952914,0.806839697488451,3.5579577885987,0.848830726752828,3.9903474082158,0.882633177116403,2.67141643083526,"public"
0.816352340524581,1.8208505337457,1.70602683606507,2.93957960964686,3.2273587899538,4.44744723574838,2.54649218025848,2.39420844492948,0.882633177116403,3.56188857444702,"public"
2.44905702157374,4.55212633436424,4.26506709016268,1.95971973976457,2.42051909246535,2.66846834144903,1.69766145350566,2.39420844492948,2.64789953134921,2.67141643083526,"public"
4.08176170262291,3.64170106749139,0.853013418032535,3.91943947952914,1.6136793949769,0.889489447149676,1.69766145350566,3.19227792657264,1.76526635423281,1.78094428722351,"public"
3.26540936209832,3.64170106749139,3.41205367213014,2.93957960964686,2.42051909246535,3.5579577885987,3.39532290701131,3.19227792657264,3.53053270846561,2.67141643083526,"public"
3.26540936209832,3.64170106749139,3.41205367213014,3.91943947952914,3.2273587899538,3.5579577885987,3.39532290701131,1.59613896328632,3.53053270846561,4.45236071805877,"public"
2.44905702157374,1.8208505337457,3.41205367213014,1.95971973976457,3.2273587899538,4.44744723574838,2.54649218025848,2.39420844492948,2.64789953134921,3.56188857444702,"public"
2.44905702157374,2.73127580061854,2.55904025409761,2.93957960964686,1.6136793949769,2.66846834144903,1.69766145350566,1.59613896328632,2.64789953134921,1.78094428722351,"public"
4.08176170262291,3.64170106749139,0.853013418032535,3.91943947952914,0.806839697488451,1.77897889429935,0.848830726752828,3.9903474082158,0.882633177116403,1.78094428722351,"public"
3.26540936209832,2.73127580061854,2.55904025409761,2.93957960964686,2.42051909246535,2.66846834144903,2.54649218025848,2.39420844492948,2.64789953134921,3.56188857444702,"public"
1.63270468104916,2.73127580061854,2.55904025409761,1.95971973976457,4.03419848744226,3.5579577885987,2.54649218025848,1.59613896328632,1.76526635423281,3.56188857444702,"public"
2.44905702157374,3.64170106749139,2.55904025409761,3.91943947952914,2.42051909246535,2.66846834144903,1.69766145350566,3.19227792657264,1.76526635423281,1.78094428722351,"public"
0.816352340524581,4.55212633436424,0.853013418032535,2.93957960964686,2.42051909246535,3.5579577885987,0.848830726752828,1.59613896328632,0.882633177116403,3.56188857444702,"public"
2.44905702157374,2.73127580061854,2.55904025409761,3.91943947952914,1.6136793949769,2.66846834144903,1.69766145350566,2.39420844492948,1.76526635423281,2.67141643083526,"public"
3.26540936209832,4.55212633436424,1.70602683606507,4.89929934941143,1.6136793949769,1.77897889429935,0.848830726752828,3.9903474082158,0.882633177116403,4.45236071805877,"public"
4.08176170262291,3.64170106749139,1.70602683606507,2.93957960964686,2.42051909246535,1.77897889429935,0.848830726752828,2.39420844492948,1.76526635423281,3.56188857444702,"public"
2.44905702157374,2.73127580061854,1.70602683606507,2.93957960964686,1.6136793949769,3.5579577885987,0.848830726752828,2.39420844492948,1.76526635423281,2.67141643083526,"public"
4.08176170262291,3.64170106749139,1.70602683606507,3.91943947952914,1.6136793949769,1.77897889429935,0.848830726752828,1.59613896328632,0.882633177116403,1.78094428722351,"public"
0.816352340524581,1.8208505337457,2.55904025409761,0.979859869882286,3.2273587899538,2.66846834144903,1.69766145350566,2.39420844492948,1.76526635423281,0.890472143611754,"public"
1.63270468104916,0.910425266872848,4.26506709016268,0.979859869882286,4.03419848744226,4.44744723574838,4.24415363376414,3.19227792657264,0.882633177116403,3.56188857444702,"public"
3.26540936209832,3.64170106749139,0.853013418032535,3.91943947952914,0.806839697488451,1.77897889429935,0.848830726752828,3.19227792657264,1.76526635423281,1.78094428722351,"public"
2.44905702157374,2.73127580061854,2.55904025409761,2.93957960964686,2.42051909246535,2.66846834144903,2.54649218025848,1.59613896328632,3.53053270846561,2.67141643083526,"public"
0.816352340524581,1.8208505337457,3.41205367213014,0.979859869882286,4.03419848744226,3.5579577885987,4.24415363376414,0.79806948164316,4.41316588558201,4.45236071805877,"public"
2.44905702157374,2.73127580061854,2.55904025409761,2.93957960964686,2.42051909246535,4.44744723574838,1.69766145350566,3.19227792657264,1.76526635423281,2.67141643083526,"public"
0.816352340524581,0.910425266872848,3.41205367213014,0.979859869882286,1.6136793949769,4.44744723574838,3.39532290701131,1.59613896328632,3.53053270846561,3.56188857444702,"public"
3.26540936209832,3.64170106749139,1.70602683606507,3.91943947952914,1.6136793949769,2.66846834144903,0.848830726752828,3.19227792657264,1.76526635423281,1.78094428722351,"public"
0.816352340524581,2.73127580061854,4.26506709016268,1.95971973976457,3.2273587899538,2.66846834144903,3.39532290701131,2.39420844492948,0.882633177116403,2.67141643083526,"public"
1.63270468104916,3.64170106749139,2.55904025409761,2.93957960964686,3.2273587899538,2.66846834144903,2.54649218025848,3.19227792657264,1.76526635423281,2.67141643083526,"public"
4.08176170262291,4.55212633436424,0.853013418032535,4.89929934941143,0.806839697488451,0.889489447149676,0.848830726752828,3.19227792657264,1.76526635423281,2.67141643083526,"public"
3.26540936209832,3.64170106749139,1.70602683606507,3.91943947952914,3.2273587899538,2.66846834144903,0.848830726752828,3.9903474082158,1.76526635423281,1.78094428722351,"public"
0.816352340524581,2.73127580061854,2.55904025409761,1.95971973976457,1.6136793949769,2.66846834144903,4.24415363376414,0.79806948164316,4.41316588558201,4.45236071805877,"public"
2.44905702157374,2.73127580061854,1.70602683606507,3.91943947952914,1.6136793949769,3.5579577885987,1.69766145350566,2.39420844492948,1.76526635423281,2.67141643083526,"public"
2.44905702157374,2.73127580061854,2.55904025409761,1.95971973976457,2.42051909246535,3.5579577885987,2.54649218025848,2.39420844492948,2.64789953134921,2.67141643083526,"public"
2.44905702157374,3.64170106749139,3.41205367213014,2.93957960964686,2.42051909246535,3.5579577885987,2.54649218025848,2.39420844492948,1.76526635423281,3.56188857444702,"public"
0.816352340524581,0.910425266872848,3.41205367213014,0.979859869882286,2.42051909246535,0.889489447149676,3.39532290701131,0.79806948164316,3.53053270846561,0.890472143611754,"public"
0.816352340524581,0.910425266872848,0.853013418032535,2.93957960964686,4.03419848744226,4.44744723574838,4.24415363376414,0.79806948164316,4.41316588558201,3.56188857444702,"public"
0.816352340524581,1.8208505337457,2.55904025409761,1.95971973976457,2.42051909246535,2.66846834144903,1.69766145350566,3.19227792657264,1.76526635423281,2.67141643083526,"public"
2.44905702157374,3.64170106749139,4.26506709016268,4.89929934941143,2.42051909246535,2.66846834144903,2.54649218025848,3.19227792657264,1.76526635423281,4.45236071805877,"public"
3.26540936209832,3.64170106749139,1.70602683606507,2.93957960964686,3.2273587899538,3.5579577885987,1.69766145350566,3.19227792657264,1.76526635423281,2.67141643083526,"public"
3.26540936209832,4.55212633436424,4.26506709016268,3.91943947952914,4.03419848744226,3.5579577885987,3.39532290701131,3.19227792657264,3.53053270846561,3.56188857444702,"public"
0.816352340524581,1.8208505337457,4.26506709016268,0.979859869882286,4.03419848744226,4.44744723574838,3.39532290701131,1.59613896328632,2.64789953134921,2.67141643083526,"public"
1.63270468104916,2.73127580061854,2.55904025409761,2.93957960964686,3.2273587899538,3.5579577885987,2.54649218025848,2.39420844492948,1.76526635423281,2.67141643083526,"public"
3.26540936209832,1.8208505337457,1.70602683606507,3.91943947952914,1.6136793949769,1.77897889429935,0.848830726752828,3.9903474082158,0.882633177116403,1.78094428722351,"public"
3.26540936209832,3.64170106749139,1.70602683606507,2.93957960964686,1.6136793949769,2.66846834144903,1.69766145350566,3.19227792657264,0.882633177116403,0.890472143611754,"public"
2.44905702157374,2.73127580061854,2.55904025409761,2.93957960964686,1.6136793949769,2.66846834144903,1.69766145350566,3.19227792657264,1.76526635423281,1.78094428722351,"public"
0.816352340524581,1.8208505337457,2.55904025409761,1.95971973976457,4.03419848744226,3.5579577885987,2.54649218025848,1.59613896328632,3.53053270846561,2.67141643083526,"public"
1.63270468104916,1.8208505337457,3.41205367213014,1.95971973976457,3.2273587899538,3.5579577885987,1.69766145350566,0.79806948164316,3.53053270846561,3.56188857444702,"public"
2.44905702157374,2.73127580061854,3.41205367213014,2.93957960964686,4.03419848744226,4.44744723574838,1.69766145350566,2.39420844492948,3.53053270846561,3.56188857444702,"public"
2.44905702157374,3.64170106749139,3.41205367213014,3.91943947952914,3.2273587899538,2.66846834144903,1.69766145350566,2.39420844492948,2.64789953134921,1.78094428722351,"public"
2.44905702157374,3.64170106749139,1.70602683606507,3.91943947952914,2.42051909246535,2.66846834144903,2.54649218025848,2.39420844492948,2.64789953134921,2.67141643083526,"public"
3.26540936209832,3.64170106749139,0.853013418032535,3.91943947952914,1.6136793949769,0.889489447149676,1.69766145350566,2.39420844492948,1.76526635423281,1.78094428722351,"public"
4.08176170262291,2.73127580061854,1.70602683606507,3.91943947952914,0.806839697488451,1.77897889429935,0.848830726752828,3.9903474082158,0.882633177116403,0.890472143611754,"public"
2.44905702157374,2.73127580061854,3.41205367213014,2.93957960964686,3.2273587899538,2.66846834144903,2.54649218025848,2.39420844492948,3.53053270846561,3.56188857444702,"public"
0.816352340524581,1.8208505337457,4.26506709016268,0.979859869882286,3.2273587899538,4.44744723574838,3.39532290701131,0.79806948164316,3.53053270846561,3.56188857444702,"public"
3.26540936209832,3.64170106749139,1.70602683606507,3.91943947952914,1.6136793949769,2.66846834144903,0.848830726752828,2.39420844492948,0.882633177116403,1.78094428722351,"public"
2.44905702157374,1.8208505337457,3.41205367213014,1.95971973976457,2.42051909246535,4.44744723574838,2.54649218025848,1.59613896328632,3.53053270846561,3.56188857444702,"public"
2.44905702157374,2.73127580061854,1.70602683606507,3.91943947952914,2.42051909246535,2.66846834144903,1.69766145350566,3.19227792657264,1.76526635423281,2.67141643083526,"public"
0.816352340524581,0.910425266872848,4.26506709016268,1.95971973976457,3.2273587899538,4.44744723574838,3.39532290701131,2.39420844492948,2.64789953134921,2.67141643083526,"public"
4.08176170262291,4.55212633436424,0.853013418032535,4.89929934941143,0.806839697488451,2.66846834144903,0.848830726752828,3.9903474082158,0.882633177116403,1.78094428722351,"public"
2.44905702157374,2.73127580061854,1.70602683606507,2.93957960964686,1.6136793949769,2.66846834144903,1.69766145350566,3.19227792657264,1.76526635423281,2.67141643083526,"public"
1.63270468104916,1.8208505337457,1.70602683606507,1.95971973976457,2.42051909246535,2.66846834144903,2.54649218025848,2.39420844492948,0.882633177116403,1.78094428722351,"public"
2.44905702157374,3.64170106749139,1.70602683606507,3.91943947952914,1.6136793949769,2.66846834144903,2.54649218025848,3.9903474082158,1.76526635423281,1.78094428722351,"public"
4.08176170262291,3.64170106749139,0.853013418032535,3.91943947952914,1.6136793949769,2.66846834144903,0.848830726752828,3.9903474082158,0.882633177116403,0.890472143611754,"public"
3.26540936209832,4.55212633436424,1.70602683606507,3.91943947952914,1.6136793949769,1.77897889429935,1.69766145350566,3.19227792657264,0.882633177116403,2.67141643083526,"public"
2.44905702157374,3.64170106749139,0.853013418032535,3.91943947952914,1.6136793949769,2.66846834144903,0.848830726752828,3.9903474082158,0.882633177116403,1.78094428722351,"public"
2.44905702157374,2.73127580061854,2.55904025409761,2.93957960964686,2.42051909246535,2.66846834144903,1.69766145350566,2.39420844492948,1.76526635423281,2.67141643083526,"public"
0.816352340524581,1.8208505337457,3.41205367213014,1.95971973976457,3.2273587899538,3.5579577885987,3.39532290701131,0.79806948164316,2.64789953134921,2.67141643083526,"public"
2.44905702157374,2.73127580061854,1.70602683606507,2.93957960964686,0.806839697488451,3.5579577885987,1.69766145350566,3.19227792657264,0.882633177116403,2.67141643083526,"public"
3.26540936209832,2.73127580061854,2.55904025409761,1.95971973976457,2.42051909246535,2.66846834144903,1.69766145350566,2.39420844492948,1.76526635423281,2.67141643083526,"public"
0.816352340524581,1.8208505337457,3.41205367213014,2.93957960964686,3.2273587899538,4.44744723574838,3.39532290701131,1.59613896328632,3.53053270846561,3.56188857444702,"public"
3.26540936209832,4.55212633436424,2.55904025409761,3.91943947952914,3.2273587899538,4.44744723574838,1.69766145350566,3.9903474082158,0.882633177116403,0.890472143611754,"public"
3.26540936209832,2.73127580061854,1.70602683606507,2.93957960964686,2.42051909246535,2.66846834144903,0.848830726752828,2.39420844492948,1.76526635423281,2.67141643083526,"public"
2.44905702157374,2.73127580061854,0.853013418032535,2.93957960964686,1.6136793949769,2.66846834144903,0.848830726752828,3.19227792657264,2.64789953134921,0.890472143611754,"public"
4.08176170262291,4.55212633436424,0.853013418032535,4.89929934941143,0.806839697488451,0.889489447149676,0.848830726752828,3.9903474082158,0.882633177116403,0.890472143611754,"public"
2.44905702157374,2.73127580061854,1.70602683606507,2.93957960964686,2.42051909246535,2.66846834144903,2.54649218025848,2.39420844492948,3.53053270846561,2.67141643083526,"public"
3.26540936209832,3.64170106749139,1.70602683606507,3.91943947952914,0.806839697488451,3.5579577885987,1.69766145350566,3.9903474082158,0.882633177116403,1.78094428722351,"public"
2.44905702157374,2.73127580061854,1.70602683606507,3.91943947952914,1.6136793949769,1.77897889429935,2.54649218025848,3.19227792657264,1.76526635423281,1.78094428722351,"public"
3.26540936209832,3.64170106749139,0.853013418032535,3.91943947952914,0.806839697488451,0.889489447149676,0.848830726752828,3.9903474082158,0.882633177116403,1.78094428722351,"public"
0.816352340524581,2.73127580061854,3.41205367213014,1.95971973976457,2.42051909246535,4.44744723574838,2.54649218025848,0.79806948164316,2.64789953134921,3.56188857444702,"public"
3.26540936209832,3.64170106749139,1.70602683606507,3.91943947952914,2.42051909246535,1.77897889429935,2.54649218025848,3.19227792657264,1.76526635423281,2.67141643083526,"public"
1.63270468104916,0.910425266872848,3.41205367213014,2.93957960964686,4.03419848744226,3.5579577885987,3.39532290701131,1.59613896328632,1.76526635423281,3.56188857444702,"public"
1.63270468104916,1.8208505337457,3.41205367213014,2.93957960964686,2.42051909246535,2.66846834144903,2.54649218025848,3.19227792657264,2.64789953134921,3.56188857444702,"public"
2.44905702157374,3.64170106749139,1.70602683606507,3.91943947952914,2.42051909246535,4.44744723574838,1.69766145350566,3.19227792657264,1.76526635423281,1.78094428722351,"public"
3.26540936209832,2.73127580061854,2.55904025409761,2.93957960964686,1.6136793949769,2.66846834144903,1.69766145350566,3.19227792657264,0.882633177116403,1.78094428722351,"public"
4.08176170262291,3.64170106749139,0.853013418032535,4.89929934941143,0.806839697488451,2.66846834144903,2.54649218025848,3.9903474082158,1.76526635423281,1.78094428722351,"public"
4.08176170262291,0.910425266872848,4.26506709016268,0.979859869882286,4.03419848744226,4.44744723574838,3.39532290701131,0.79806948164316,3.53053270846561,3.56188857444702,"public"
2.44905702157374,2.73127580061854,1.70602683606507,2.93957960964686,1.6136793949769,1.77897889429935,1.69766145350566,3.19227792657264,0.882633177116403,0.890472143611754,"public"
3.26540936209832,4.55212633436424,1.70602683606507,2.93957960964686,2.42051909246535,2.66846834144903,1.69766145350566,3.19227792657264,1.76526635423281,3.56188857444702,"public"
1.63270468104916,1.8208505337457,1.70602683606507,2.93957960964686,4.03419848744226,2.66846834144903,2.54649218025848,2.39420844492948,1.76526635423281,1.78094428722351,"public"
4.08176170262291,2.73127580061854,1.70602683606507,4.89929934941143,1.6136793949769,2.66846834144903,0.848830726752828,3.9903474082158,0.882633177116403,0.890472143611754,"public"
3.26540936209832,2.73127580061854,1.70602683606507,2.93957960964686,2.42051909246535,2.66846834144903,2.54649218025848,3.19227792657264,3.53053270846561,2.67141643083526,"public"
0.816352340524581,2.73127580061854,2.55904025409761,2.93957960964686,3.2273587899538,3.5579577885987,1.69766145350566,2.39420844492948,2.64789953134921,1.78094428722351,"public"
4.08176170262291,4.55212633436424,1.70602683606507,4.89929934941143,1.6136793949769,1.77897889429935,0.848830726752828,3.9903474082158,0.882633177116403,0.890472143611754,"public"
2.44905702157374,2.73127580061854,2.55904025409761,2.93957960964686,2.42051909246535,2.66846834144903,1.69766145350566,3.19227792657264,1.76526635423281,2.67141643083526,"public"
2.44905702157374,4.55212633436424,1.70602683606507,2.93957960964686,2.42051909246535,1.77897889429935,1.69766145350566,3.19227792657264,0.882633177116403,1.78094428722351,"public"
0.816352340524581,0.910425266872848,4.26506709016268,0.979859869882286,0.806839697488451,4.44744723574838,4.24415363376414,0.79806948164316,4.41316588558201,4.45236071805877,"public"
3.26540936209832,3.64170106749139,0.853013418032535,3.91943947952914,0.806839697488451,0.889489447149676,0.848830726752828,3.9903474082158,0.882633177116403,1.78094428722351,"public"
4.08176170262291,4.55212633436424,1.70602683606507,4.89929934941143,4.03419848744226,3.5579577885987,3.39532290701131,3.9903474082158,2.64789953134921,2.67141643083526,"public"
2.44905702157374,2.73127580061854,2.55904025409761,1.95971973976457,2.42051909246535,3.5579577885987,1.69766145350566,1.59613896328632,2.64789953134921,2.67141643083526,"public"
1.63270468104916,2.73127580061854,2.55904025409761,2.93957960964686,2.42051909246535,2.66846834144903,1.69766145350566,2.39420844492948,0.882633177116403,2.67141643083526,"public"
1.63270468104916,2.73127580061854,2.55904025409761,1.95971973976457,2.42051909246535,3.5579577885987,2.54649218025848,1.59613896328632,3.53053270846561,3.56188857444702,"public"
3.26540936209832,3.64170106749139,1.70602683606507,3.91943947952914,4.03419848744226,2.66846834144903,1.69766145350566,3.9903474082158,1.76526635423281,2.67141643083526,"public"
1.63270468104916,2.73127580061854,2.55904025409761,2.93957960964686,3.2273587899538,2.66846834144903,2.54649218025848,1.59613896328632,1.76526635423281,3.56188857444702,"public"
2.44905702157374,2.73127580061854,1.70602683606507,3.91943947952914,1.6136793949769,2.66846834144903,3.39532290701131,2.39420844492948,2.64789953134921,1.78094428722351,"public"
0.816352340524581,0.910425266872848,4.26506709016268,1.95971973976457,1.6136793949769,4.44744723574838,4.24415363376414,0.79806948164316,3.53053270846561,4.45236071805877,"public"
2.44905702157374,2.73127580061854,2.55904025409761,2.93957960964686,1.6136793949769,3.5579577885987,3.39532290701131,3.19227792657264,3.53053270846561,3.56188857444702,"public"
0.816352340524581,1.8208505337457,3.41205367213014,1.95971973976457,4.03419848744226,4.44744723574838,4.24415363376414,1.59613896328632,1.76526635423281,4.45236071805877,"public"
1.63270468104916,2.73127580061854,2.55904025409761,2.93957960964686,3.2273587899538,3.5579577885987,1.69766145350566,2.39420844492948,2.64789953134921,2.67141643083526,"public"
1.63270468104916,2.73127580061854,4.26506709016268,1.95971973976457,4.03419848744226,4.44744723574838,2.54649218025848,1.59613896328632,3.53053270846561,3.56188857444702,"public"
1.63270468104916,1.8208505337457,3.41205367213014,1.95971973976457,4.03419848744226,3.5579577885987,3.39532290701131,0.79806948164316,2.64789953134921,4.45236071805877,"public"
2.44905702157374,3.64170106749139,0.853013418032535,3.91943947952914,1.6136793949769,0.889489447149676,1.69766145350566,3.9903474082158,2.64789953134921,0.890472143611754,"public"
2.44905702157374,2.73127580061854,1.70602683606507,2.93957960964686,2.42051909246535,1.77897889429935,1.69766145350566,3.19227792657264,1.76526635423281,2.67141643083526,"public"
4.08176170262291,3.64170106749139,1.70602683606507,3.91943947952914,0.806839697488451,2.66846834144903,0.848830726752828,3.19227792657264,0.882633177116403,1.78094428722351,"public"
4.08176170262291,3.64170106749139,1.70602683606507,3.91943947952914,0.806839697488451,1.77897889429935,0.848830726752828,3.19227792657264,0.882633177116403,3.56188857444702,"public"
1.63270468104916,1.8208505337457,2.55904025409761,2.93957960964686,2.42051909246535,3.5579577885987,2.54649218025848,0.79806948164316,3.53053270846561,2.67141643083526,"public"
4.08176170262291,4.55212633436424,3.41205367213014,4.89929934941143,1.6136793949769,2.66846834144903,4.24415363376414,3.9903474082158,1.76526635423281,1.78094428722351,"public"
2.44905702157374,2.73127580061854,1.70602683606507,2.93957960964686,2.42051909246535,2.66846834144903,1.69766145350566,3.19227792657264,2.64789953134921,1.78094428722351,"public"
2.44905702157374,2.73127580061854,0.853013418032535,2.93957960964686,0.806839697488451,2.66846834144903,0.848830726752828,3.9903474082158,0.882633177116403,0.890472143611754,"public"
1.63270468104916,1.8208505337457,1.70602683606507,0.979859869882286,2.42051909246535,2.66846834144903,3.39532290701131,2.39420844492948,1.76526635423281,2.67141643083526,"public"
4.08176170262291,2.73127580061854,1.70602683606507,3.91943947952914,0.806839697488451,1.77897889429935,0.848830726752828,3.19227792657264,0.882633177116403,0.890472143611754,"public"
2.44905702157374,3.64170106749139,3.41205367213014,2.93957960964686,2.42051909246535,2.66846834144903,2.54649218025848,2.39420844492948,2.64789953134921,2.67141643083526,"public"
2.44905702157374,2.73127580061854,1.70602683606507,3.91943947952914,1.6136793949769,2.66846834144903,1.69766145350566,2.39420844492948,1.76526635423281,1.78094428722351,"public"
2.44905702157374,2.73127580061854,3.41205367213014,2.93957960964686,2.42051909246535,3.5579577885987,3.39532290701131,2.39420844492948,0.882633177116403,3.56188857444702,"public"
2.44905702157374,2.73127580061854,2.55904025409761,2.93957960964686,2.42051909246535,2.66846834144903,2.54649218025848,2.39420844492948,2.64789953134921,2.67141643083526,"public"
2.44905702157374,2.73127580061854,1.70602683606507,2.93957960964686,1.6136793949769,1.77897889429935,0.848830726752828,3.19227792657264,0.882633177116403,2.67141643083526,"public"
2.44905702157374,3.64170106749139,2.55904025409761,3.91943947952914,2.42051909246535,2.66846834144903,2.54649218025848,2.39420844492948,2.64789953134921,3.56188857444702,"public"
3.26540936209832,2.73127580061854,1.70602683606507,2.93957960964686,3.2273587899538,2.66846834144903,0.848830726752828,3.9903474082158,0.882633177116403,1.78094428722351,"public"
1.63270468104916,3.64170106749139,1.70602683606507,2.93957960964686,1.6136793949769,2.66846834144903,1.69766145350566,1.59613896328632,1.76526635423281,1.78094428722351,"public"
4.08176170262291,1.8208505337457,2.55904025409761,3.91943947952914,0.806839697488451,4.44744723574838,1.69766145350566,3.9903474082158,0.882633177116403,0.890472143611754,"public"
3.26540936209832,4.55212633436424,0.853013418032535,3.91943947952914,0.806839697488451,2.66846834144903,2.54649218025848,2.39420844492948,2.64789953134921,0.890472143611754,"public"
3.26540936209832,4.55212633436424,2.55904025409761,3.91943947952914,3.2273587899538,3.5579577885987,2.54649218025848,2.39420844492948,2.64789953134921,1.78094428722351,"public"
3.26540936209832,2.73127580061854,1.70602683606507,3.91943947952914,1.6136793949769,2.66846834144903,1.69766145350566,3.19227792657264,1.76526635423281,1.78094428722351,"public"
0.816352340524581,2.73127580061854,1.70602683606507,0.979859869882286,1.6136793949769,3.5579577885987,4.24415363376414,0.79806948164316,3.53053270846561,3.56188857444702,"public"
2.44905702157374,0.910425266872848,4.26506709016268,0.979859869882286,4.03419848744226,4.44744723574838,3.39532290701131,2.39420844492948,1.76526635423281,3.56188857444702,"public"
1.63270468104916,3.64170106749139,2.55904025409761,3.91943947952914,2.42051909246535,2.66846834144903,2.54649218025848,2.39420844492948,1.76526635423281,2.67141643083526,"public"
0.816352340524581,0.910425266872848,1.70602683606507,0.979859869882286,4.03419848744226,4.44744723574838,4.24415363376414,0.79806948164316,3.53053270846561,3.56188857444702,"public"
0.816352340524581,1.8208505337457,3.41205367213014,1.95971973976457,2.42051909246535,4.44744723574838,1.69766145350566,2.39420844492948,3.53053270846561,4.45236071805877,"public"
1.63270468104916,1.8208505337457,2.55904025409761,1.95971973976457,4.03419848744226,3.5579577885987,3.39532290701131,0.79806948164316,1.76526635423281,3.56188857444702,"public"
0.816352340524581,0.910425266872848,0.853013418032535,0.979859869882286,0.806839697488451,4.44744723574838,4.24415363376414,0.79806948164316,4.41316588558201,4.45236071805877,"public"
3.26540936209832,3.64170106749139,1.70602683606507,3.91943947952914,1.6136793949769,1.77897889429935,2.54649218025848,3.19227792657264,1.76526635423281,2.67141643083526,"public"
1.63270468104916,2.73127580061854,3.41205367213014,3.91943947952914,2.42051909246535,3.5579577885987,3.39532290701131,3.19227792657264,3.53053270846561,2.67141643083526,"public"
0.816352340524581,0.910425266872848,3.41205367213014,1.95971973976457,1.6136793949769,4.44744723574838,4.24415363376414,0.79806948164316,4.41316588558201,4.45236071805877,"public"
4.08176170262291,3.64170106749139,2.55904025409761,3.91943947952914,0.806839697488451,3.5579577885987,0.848830726752828,3.19227792657264,1.76526635423281,1.78094428722351,"public"
2.44905702157374,3.64170106749139,1.70602683606507,2.93957960964686,2.42051909246535,2.66846834144903,2.54649218025848,2.39420844492948,0.882633177116403,2.67141643083526,"public"
2.44905702157374,2.73127580061854,4.26506709016268,1.95971973976457,2.42051909246535,4.44744723574838,1.69766145350566,3.9903474082158,1.76526635423281,3.56188857444702,"public"
1.63270468104916,2.73127580061854,0.853013418032535,2.93957960964686,2.42051909246535,2.66846834144903,2.54649218025848,1.59613896328632,0.882633177116403,2.67141643083526,"public"
2.44905702157374,3.64170106749139,1.70602683606507,3.91943947952914,0.806839697488451,3.5579577885987,0.848830726752828,3.9903474082158,0.882633177116403,2.67141643083526,"public"
1.63270468104916,2.73127580061854,3.41205367213014,1.95971973976457,4.03419848744226,4.44744723574838,4.24415363376414,1.59613896328632,0.882633177116403,3.56188857444702,"public"
0.816352340524581,0.910425266872848,2.55904025409761,2.93957960964686,4.03419848744226,4.44744723574838,1.69766145350566,0.79806948164316,1.76526635423281,4.45236071805877,"public"
0.816352340524581,2.73127580061854,0.853013418032535,1.95971973976457,2.42051909246535,2.66846834144903,1.69766145350566,3.19227792657264,0.882633177116403,1.78094428722351,"public"
0.816352340524581,1.8208505337457,3.41205367213014,1.95971973976457,4.03419848744226,4.44744723574838,3.39532290701131,0.79806948164316,3.53053270846561,3.56188857444702,"public"
1.63270468104916,2.73127580061854,2.55904025409761,1.95971973976457,4.03419848744226,3.5579577885987,3.39532290701131,1.59613896328632,3.53053270846561,3.56188857444702,"public"
4.08176170262291,0.910425266872848,2.55904025409761,4.89929934941143,0.806839697488451,4.44744723574838,2.54649218025848,2.39420844492948,2.64789953134921,2.67141643083526,"public"
4.08176170262291,4.55212633436424,0.853013418032535,3.91943947952914,0.806839697488451,1.77897889429935,0.848830726752828,3.9903474082158,0.882633177116403,1.78094428722351,"public"
3.26540936209832,3.64170106749139,1.70602683606507,3.91943947952914,3.2273587899538,1.77897889429935,1.69766145350566,3.9903474082158,1.76526635423281,1.78094428722351,"public"
3.26540936209832,2.73127580061854,3.41205367213014,2.93957960964686,1.6136793949769,3.5579577885987,1.69766145350566,3.19227792657264,1.76526635423281,2.67141643083526,"public"
3.26540936209832,2.73127580061854,2.55904025409761,2.93957960964686,1.6136793949769,4.44744723574838,0.848830726752828,3.9903474082158,0.882633177116403,2.67141643083526,"public"
2.44905702157374,2.73127580061854,1.70602683606507,2.93957960964686,1.6136793949769,2.66846834144903,0.848830726752828,2.39420844492948,2.64789953134921,1.78094428722351,"public"
2.44905702157374,2.73127580061854,1.70602683606507,2.93957960964686,1.6136793949769,2.66846834144903,1.69766145350566,3.19227792657264,1.76526635423281,1.78094428722351,"public"
1.63270468104916,3.64170106749139,1.70602683606507,3.91943947952914,0.806839697488451,1.77897889429935,0.848830726752828,3.9903474082158,0.882633177116403,0.890472143611754,"public"
3.26540936209832,3.64170106749139,1.70602683606507,2.93957960964686,2.42051909246535,2.66846834144903,1.69766145350566,3.19227792657264,1.76526635423281,2.67141643083526,"public"
3.26540936209832,2.73127580061854,1.70602683606507,2.93957960964686,1.6136793949769,1.77897889429935,1.69766145350566,3.19227792657264,1.76526635423281,2.67141643083526,"public"
2.44905702157374,3.64170106749139,0.853013418032535,2.93957960964686,0.806839697488451,2.66846834144903,1.69766145350566,3.9903474082158,0.882633177116403,1.78094428722351,"public"
2.44905702157374,3.64170106749139,1.70602683606507,2.93957960964686,1.6136793949769,4.44744723574838,1.69766145350566,2.39420844492948,1.76526635423281,2.67141643083526,"public"
2.44905702157374,2.73127580061854,4.26506709016268,1.95971973976457,3.2273587899538,3.5579577885987,1.69766145350566,2.39420844492948,1.76526635423281,4.45236071805877,"public"
3.26540936209832,3.64170106749139,2.55904025409761,3.91943947952914,0.806839697488451,1.77897889429935,0.848830726752828,3.9903474082158,0.882633177116403,1.78094428722351,"public"
3.26540936209832,3.64170106749139,1.70602683606507,2.93957960964686,1.6136793949769,2.66846834144903,1.69766145350566,3.19227792657264,0.882633177116403,1.78094428722351,"public"
3.26540936209832,3.64170106749139,0.853013418032535,3.91943947952914,0.806839697488451,2.66846834144903,0.848830726752828,3.9903474082158,0.882633177116403,0.890472143611754,"public"
0.816352340524581,0.910425266872848,2.55904025409761,0.979859869882286,3.2273587899538,2.66846834144903,2.54649218025848,3.19227792657264,0.882633177116403,2.67141643083526,"public"
2.44905702157374,2.73127580061854,1.70602683606507,3.91943947952914,1.6136793949769,2.66846834144903,1.69766145350566,3.19227792657264,1.76526635423281,1.78094428722351,"public"
1.63270468104916,1.8208505337457,2.55904025409761,1.95971973976457,1.6136793949769,2.66846834144903,3.39532290701131,1.59613896328632,2.64789953134921,2.67141643083526,"public"
2.44905702157374,2.73127580061854,2.55904025409761,2.93957960964686,1.6136793949769,4.44744723574838,1.69766145350566,2.39420844492948,1.76526635423281,2.67141643083526,"public"
2.44905702157374,4.55212633436424,2.55904025409761,3.91943947952914,1.6136793949769,1.77897889429935,2.54649218025848,3.19227792657264,1.76526635423281,1.78094428722351,"public"
2.44905702157374,2.73127580061854,2.55904025409761,2.93957960964686,1.6136793949769,2.66846834144903,0.848830726752828,2.39420844492948,0.882633177116403,1.78094428722351,"public"
0.816352340524581,1.8208505337457,4.26506709016268,1.95971973976457,1.6136793949769,4.44744723574838,3.39532290701131,1.59613896328632,2.64789953134921,3.56188857444702,"public"
3.26540936209832,3.64170106749139,1.70602683606507,4.89929934941143,0.806839697488451,1.77897889429935,0.848830726752828,3.9903474082158,0.882633177116403,0.890472143611754,"public"
3.26540936209832,3.64170106749139,1.70602683606507,1.95971973976457,2.42051909246535,2.66846834144903,1.69766145350566,3.19227792657264,1.76526635423281,1.78094428722351,"public"
3.26540936209832,2.73127580061854,1.70602683606507,3.91943947952914,0.806839697488451,2.66846834144903,0.848830726752828,3.19227792657264,1.76526635423281,3.56188857444702,"public"
4.08176170262291,4.55212633436424,0.853013418032535,4.89929934941143,0.806839697488451,2.66846834144903,0.848830726752828,3.9903474082158,0.882633177116403,0.890472143611754,"public"
4.08176170262291,3.64170106749139,1.70602683606507,3.91943947952914,0.806839697488451,1.77897889429935,0.848830726752828,3.9903474082158,0.882633177116403,1.78094428722351,"public"
0.816352340524581,1.8208505337457,2.55904025409761,1.95971973976457,3.2273587899538,3.5579577885987,3.39532290701131,1.59613896328632,3.53053270846561,3.56188857444702,"public"
2.44905702157374,2.73127580061854,2.55904025409761,2.93957960964686,2.42051909246535,2.66846834144903,1.69766145350566,2.39420844492948,1.76526635423281,1.78094428722351,"public"
3.26540936209832,2.73127580061854,0.853013418032535,3.91943947952914,0.806839697488451,2.66846834144903,0.848830726752828,2.39420844492948,1.76526635423281,2.67141643083526,"public"
3.26540936209832,3.64170106749139,1.70602683606507,3.91943947952914,1.6136793949769,1.77897889429935,1.69766145350566,3.19227792657264,0.882633177116403,1.78094428722351,"public"
3.26540936209832,3.64170106749139,2.55904025409761,2.93957960964686,1.6136793949769,1.77897889429935,1.69766145350566,3.9903474082158,1.76526635423281,1.78094428722351,"public"
3.26540936209832,2.73127580061854,2.55904025409761,2.93957960964686,1.6136793949769,3.5579577885987,1.69766145350566,2.39420844492948,1.76526635423281,2.67141643083526,"public"
4.08176170262291,3.64170106749139,0.853013418032535,3.91943947952914,0.806839697488451,1.77897889429935,0.848830726752828,3.9903474082158,0.882633177116403,0.890472143611754,"public"
1.63270468104916,2.73127580061854,0.853013418032535,2.93957960964686,3.2273587899538,2.66846834144903,2.54649218025848,3.19227792657264,1.76526635423281,1.78094428722351,"public"
2.44905702157374,2.73127580061854,2.55904025409761,2.93957960964686,2.42051909246535,2.66846834144903,0.848830726752828,2.39420844492948,0.882633177116403,1.78094428722351,"public"
2.44905702157374,2.73127580061854,1.70602683606507,2.93957960964686,0.806839697488451,2.66846834144903,0.848830726752828,2.39420844492948,0.882633177116403,1.78094428722351,"public"
0.816352340524581,2.73127580061854,2.55904025409761,0.979859869882286,2.42051909246535,2.66846834144903,0.848830726752828,1.59613896328632,2.64789953134921,2.67141643083526,"public"
3.26540936209832,3.64170106749139,0.853013418032535,2.93957960964686,2.42051909246535,2.66846834144903,1.69766145350566,3.9903474082158,1.76526635423281,1.78094428722351,"public"
0.816352340524581,0.910425266872848,3.41205367213014,1.95971973976457,3.2273587899538,4.44744723574838,3.39532290701131,0.79806948164316,4.41316588558201,4.45236071805877,"public"
3.26540936209832,3.64170106749139,2.55904025409761,3.91943947952914,1.6136793949769,4.44744723574838,0.848830726752828,2.39420844492948,1.76526635423281,3.56188857444702,"public"
3.26540936209832,2.73127580061854,2.55904025409761,2.93957960964686,1.6136793949769,3.5579577885987,1.69766145350566,3.19227792657264,0.882633177116403,2.67141643083526,"public"
0.816352340524581,0.910425266872848,0.853013418032535,2.93957960964686,0.806839697488451,0.889489447149676,1.69766145350566,1.59613896328632,2.64789953134921,2.67141643083526,"public"
4.08176170262291,4.55212633436424,4.26506709016268,4.89929934941143,4.03419848744226,4.44744723574838,4.24415363376414,3.9903474082158,4.41316588558201,4.45236071805877,"public"
1.63270468104916,2.73127580061854,1.70602683606507,2.93957960964686,2.42051909246535,1.77897889429935,1.69766145350566,1.59613896328632,1.76526635423281,1.78094428722351,"public"
1.63270468104916,0.910425266872848,4.26506709016268,0.979859869882286,4.03419848744226,4.44744723574838,2.54649218025848,1.59613896328632,4.41316588558201,4.45236071805877,"public"
2.44905702157374,2.73127580061854,2.55904025409761,2.93957960964686,2.42051909246535,2.66846834144903,2.54649218025848,2.39420844492948,1.76526635423281,3.56188857444702,"public"
1.63270468104916,2.73127580061854,0.853013418032535,2.93957960964686,3.2273587899538,2.66846834144903,2.54649218025848,2.39420844492948,2.64789953134921,3.56188857444702,"public"
2.44905702157374,2.73127580061854,1.70602683606507,2.93957960964686,0.806839697488451,1.77897889429935,1.69766145350566,3.19227792657264,1.76526635423281,1.78094428722351,"public"
4.08176170262291,4.55212633436424,0.853013418032535,4.89929934941143,0.806839697488451,0.889489447149676,0.848830726752828,3.9903474082158,0.882633177116403,0.890472143611754,"public"
3.26540936209832,3.64170106749139,3.41205367213014,3.91943947952914,3.2273587899538,3.5579577885987,1.69766145350566,3.19227792657264,1.76526635423281,2.67141643083526,"public"
2.44905702157374,2.73127580061854,2.55904025409761,2.93957960964686,3.2273587899538,3.5579577885987,2.54649218025848,2.39420844492948,0.882633177116403,3.56188857444702,"public"
3.26540936209832,3.64170106749139,1.70602683606507,3.91943947952914,1.6136793949769,1.77897889429935,0.848830726752828,3.19227792657264,1.76526635423281,1.78094428722351,"public"
4.08176170262291,2.73127580061854,1.70602683606507,2.93957960964686,3.2273587899538,2.66846834144903,2.54649218025848,3.9903474082158,1.76526635423281,3.56188857444702,"public"
2.44905702157374,2.73127580061854,1.70602683606507,2.93957960964686,2.42051909246535,3.5579577885987,1.69766145350566,2.39420844492948,1.76526635423281,1.78094428722351,"public"
3.26540936209832,2.73127580061854,2.55904025409761,2.93957960964686,1.6136793949769,3.5579577885987,2.54649218025848,3.19227792657264,1.76526635423281,1.78094428722351,"public"
0.816352340524581,2.73127580061854,3.41205367213014,1.95971973976457,4.03419848744226,3.5579577885987,2.54649218025848,2.39420844492948,4.41316588558201,3.56188857444702,"public"
1.63270468104916,1.8208505337457,3.41205367213014,2.93957960964686,2.42051909246535,2.66846834144903,1.69766145350566,1.59613896328632,2.64789953134921,2.67141643083526,"public"
3.26540936209832,2.73127580061854,1.70602683606507,3.91943947952914,2.42051909246535,2.66846834144903,1.69766145350566,2.39420844492948,0.882633177116403,2.67141643083526,"public"
3.26540936209832,3.64170106749139,0.853013418032535,4.89929934941143,0.806839697488451,1.77897889429935,0.848830726752828,3.9903474082158,0.882633177116403,0.890472143611754,"public"
0.816352340524581,4.55212633436424,0.853013418032535,4.89929934941143,0.806839697488451,0.889489447149676,0.848830726752828,3.9903474082158,0.882633177116403,1.78094428722351,"public"
4.08176170262291,4.55212633436424,4.26506709016268,4.89929934941143,4.03419848744226,4.44744723574838,4.24415363376414,1.59613896328632,4.41316588558201,4.45236071805877,"public"
4.08176170262291,4.55212633436424,1.70602683606507,3.91943947952914,2.42051909246535,1.77897889429935,1.69766145350566,3.19227792657264,1.76526635423281,2.67141643083526,"public"
2.44905702157374,2.73127580061854,1.70602683606507,3.91943947952914,1.6136793949769,1.77897889429935,0.848830726752828,3.19227792657264,0.882633177116403,1.78094428722351,"public"
1.63270468104916,1.8208505337457,2.55904025409761,2.93957960964686,2.42051909246535,4.44744723574838,1.69766145350566,3.9903474082158,1.76526635423281,0.890472143611754,"public"
2.44905702157374,3.64170106749139,1.70602683606507,3.91943947952914,1.6136793949769,2.66846834144903,0.848830726752828,3.9903474082158,1.76526635423281,2.67141643083526,"public"
2.44905702157374,3.64170106749139,1.70602683606507,2.93957960964686,1.6136793949769,2.66846834144903,1.69766145350566,2.39420844492948,2.64789953134921,2.67141643083526,"public"
1.63270468104916,3.64170106749139,3.41205367213014,2.93957960964686,4.03419848744226,3.5579577885987,2.54649218025848,2.39420844492948,2.64789953134921,2.67141643083526,"public"
3.26540936209832,3.64170106749139,0.853013418032535,3.91943947952914,1.6136793949769,1.77897889429935,1.69766145350566,3.9903474082158,0.882633177116403,2.67141643083526,"public"
4.08176170262291,4.55212633436424,2.55904025409761,2.93957960964686,2.42051909246535,2.66846834144903,1.69766145350566,2.39420844492948,2.64789953134921,1.78094428722351,"public"
3.26540936209832,3.64170106749139,3.41205367213014,3.91943947952914,3.2273587899538,3.5579577885987,2.54649218025848,2.39420844492948,2.64789953134921,2.67141643083526,"public"
1.63270468104916,1.8208505337457,2.55904025409761,1.95971973976457,2.42051909246535,2.66846834144903,2.54649218025848,0.79806948164316,1.76526635423281,1.78094428722351,"public"
2.44905702157374,2.73127580061854,4.26506709016268,2.93957960964686,3.2273587899538,4.44744723574838,3.39532290701131,2.39420844492948,0.882633177116403,3.56188857444702,"public"
4.08176170262291,4.55212633436424,1.70602683606507,3.91943947952914,0.806839697488451,1.77897889429935,0.848830726752828,3.9903474082158,0.882633177116403,1.78094428722351,"public"
4.08176170262291,4.55212633436424,0.853013418032535,4.89929934941143,0.806839697488451,0.889489447149676,0.848830726752828,3.9903474082158,0.882633177116403,0.890472143611754,"public"
2.44905702157374,3.64170106749139,1.70602683606507,2.93957960964686,1.6136793949769,1.77897889429935,1.69766145350566,3.19227792657264,1.76526635423281,1.78094428722351,"public"
3.26540936209832,3.64170106749139,1.70602683606507,3.91943947952914,0.806839697488451,0.889489447149676,1.69766145350566,3.19227792657264,1.76526635423281,1.78094428722351,"public"
4.08176170262291,3.64170106749139,1.70602683606507,3.91943947952914,1.6136793949769,1.77897889429935,0.848830726752828,3.19227792657264,1.76526635423281,2.67141643083526,"public"
3.26540936209832,3.64170106749139,2.55904025409761,2.93957960964686,2.42051909246535,2.66846834144903,1.69766145350566,2.39420844492948,2.64789953134921,1.78094428722351,"public"
3.26540936209832,3.64170106749139,0.853013418032535,4.89929934941143,0.806839697488451,1.77897889429935,0.848830726752828,3.9903474082158,0.882633177116403,0.890472143611754,"public"
2.44905702157374,2.73127580061854,1.70602683606507,0.979859869882286,1.6136793949769,1.77897889429935,2.54649218025848,2.39420844492948,1.76526635423281,1.78094428722351,"public"
0.816352340524581,1.8208505337457,4.26506709016268,0.979859869882286,1.6136793949769,4.44744723574838,2.54649218025848,2.39420844492948,1.76526635423281,3.56188857444702,"public"
3.26540936209832,3.64170106749139,1.70602683606507,3.91943947952914,1.6136793949769,1.77897889429935,2.54649218025848,3.19227792657264,1.76526635423281,1.78094428722351,"public"
1.63270468104916,0.910425266872848,2.55904025409761,0.979859869882286,1.6136793949769,4.44744723574838,3.39532290701131,0.79806948164316,2.64789953134921,2.67141643083526,"public"
0.816352340524581,2.73127580061854,3.41205367213014,0.979859869882286,2.42051909246535,2.66846834144903,2.54649218025848,1.59613896328632,2.64789953134921,2.67141643083526,"public"
3.26540936209832,2.73127580061854,1.70602683606507,2.93957960964686,1.6136793949769,2.66846834144903,1.69766145350566,3.9903474082158,0.882633177116403,1.78094428722351,"public"
1.63270468104916,2.73127580061854,1.70602683606507,2.93957960964686,2.42051909246535,1.77897889429935,1.69766145350566,3.19227792657264,0.882633177116403,1.78094428722351,"public"
4.08176170262291,4.55212633436424,1.70602683606507,3.91943947952914,3.2273587899538,1.77897889429935,0.848830726752828,3.9903474082158,0.882633177116403,2.67141643083526,"public"
4.08176170262291,3.64170106749139,0.853013418032535,4.89929934941143,0.806839697488451,2.66846834144903,0.848830726752828,3.9903474082158,0.882633177116403,0.890472143611754,"public"
4.08176170262291,3.64170106749139,3.41205367213014,3.91943947952914,0.806839697488451,3.5579577885987,0.848830726752828,3.9903474082158,0.882633177116403,0.890472143611754,"public"
2.44905702157374,2.73127580061854,3.41205367213014,2.93957960964686,2.42051909246535,2.66846834144903,1.69766145350566,2.39420844492948,1.76526635423281,1.78094428722351,"public"
0.816352340524581,1.8208505337457,2.55904025409761,1.95971973976457,2.42051909246535,1.77897889429935,2.54649218025848,1.59613896328632,1.76526635423281,2.67141643083526,"public"
3.26540936209832,3.64170106749139,1.70602683606507,3.91943947952914,1.6136793949769,1.77897889429935,1.69766145350566,3.19227792657264,0.882633177116403,1.78094428722351,"public"
2.44905702157374,2.73127580061854,1.70602683606507,2.93957960964686,1.6136793949769,2.66846834144903,1.69766145350566,3.19227792657264,1.76526635423281,1.78094428722351,"public"
1.63270468104916,2.73127580061854,1.70602683606507,2.93957960964686,2.42051909246535,2.66846834144903,1.69766145350566,1.59613896328632,1.76526635423281,2.67141643083526,"public"
2.44905702157374,2.73127580061854,2.55904025409761,1.95971973976457,2.42051909246535,2.66846834144903,1.69766145350566,3.19227792657264,1.76526635423281,4.45236071805877,"public"
2.44905702157374,2.73127580061854,0.853013418032535,2.93957960964686,2.42051909246535,2.66846834144903,0.848830726752828,3.9903474082158,0.882633177116403,1.78094428722351,"public"
2.44905702157374,2.73127580061854,1.70602683606507,2.93957960964686,1.6136793949769,2.66846834144903,1.69766145350566,3.19227792657264,0.882633177116403,0.890472143611754,"public"
2.44905702157374,1.8208505337457,1.70602683606507,2.93957960964686,2.42051909246535,2.66846834144903,1.69766145350566,2.39420844492948,3.53053270846561,2.67141643083526,"public"
4.08176170262291,3.64170106749139,0.853013418032535,4.89929934941143,1.6136793949769,0.889489447149676,0.848830726752828,3.9903474082158,0.882633177116403,0.890472143611754,"public"
1.63270468104916,1.8208505337457,1.70602683606507,2.93957960964686,2.42051909246535,3.5579577885987,2.54649218025848,2.39420844492948,2.64789953134921,3.56188857444702,"public"
0.816352340524581,2.73127580061854,2.55904025409761,1.95971973976457,4.03419848744226,4.44744723574838,4.24415363376414,0.79806948164316,1.76526635423281,4.45236071805877,"public"
2.44905702157374,3.64170106749139,2.55904025409761,1.95971973976457,2.42051909246535,3.5579577885987,0.848830726752828,3.19227792657264,2.64789953134921,3.56188857444702,"public"
1.63270468104916,1.8208505337457,3.41205367213014,0.979859869882286,4.03419848744226,4.44744723574838,2.54649218025848,2.39420844492948,1.76526635423281,1.78094428722351,"public"
1.63270468104916,3.64170106749139,2.55904025409761,2.93957960964686,3.2273587899538,2.66846834144903,0.848830726752828,3.9903474082158,0.882633177116403,2.67141643083526,"public"
2.44905702157374,2.73127580061854,2.55904025409761,2.93957960964686,3.2273587899538,2.66846834144903,3.39532290701131,3.19227792657264,3.53053270846561,3.56188857444702,"public"
4.08176170262291,3.64170106749139,1.70602683606507,4.89929934941143,3.2273587899538,1.77897889429935,1.69766145350566,3.9903474082158,0.882633177116403,1.78094428722351,"public"
2.44905702157374,2.73127580061854,2.55904025409761,2.93957960964686,1.6136793949769,2.66846834144903,0.848830726752828,3.9903474082158,1.76526635423281,2.67141643083526,"public"
2.44905702157374,3.64170106749139,1.70602683606507,4.89929934941143,0.806839697488451,2.66846834144903,1.69766145350566,2.39420844492948,0.882633177116403,2.67141643083526,"public"
1.63270468104916,1.8208505337457,4.26506709016268,1.95971973976457,4.03419848744226,4.44744723574838,3.39532290701131,1.59613896328632,4.41316588558201,3.56188857444702,"public"
4.08176170262291,2.73127580061854,1.70602683606507,3.91943947952914,1.6136793949769,2.66846834144903,1.69766145350566,2.39420844492948,1.76526635423281,2.67141643083526,"public"
3.26540936209832,2.73127580061854,1.70602683606507,2.93957960964686,1.6136793949769,2.66846834144903,0.848830726752828,3.19227792657264,0.882633177116403,1.78094428722351,"public"
2.44905702157374,2.73127580061854,2.55904025409761,2.93957960964686,2.42051909246535,2.66846834144903,2.54649218025848,2.39420844492948,2.64789953134921,2.67141643083526,"public"
4.08176170262291,3.64170106749139,1.70602683606507,2.93957960964686,1.6136793949769,2.66846834144903,1.69766145350566,3.19227792657264,1.76526635423281,2.67141643083526,"public"
2.44905702157374,2.73127580061854,2.55904025409761,2.93957960964686,2.42051909246535,2.66846834144903,1.69766145350566,2.39420844492948,1.76526635423281,2.67141643083526,"public"
2.44905702157374,2.73127580061854,0.853013418032535,2.93957960964686,1.6136793949769,1.77897889429935,2.54649218025848,2.39420844492948,1.76526635423281,1.78094428722351,"public"
2.44905702157374,2.73127580061854,2.55904025409761,2.93957960964686,2.42051909246535,2.66846834144903,2.54649218025848,1.59613896328632,2.64789953134921,3.56188857444702,"public"
2.44905702157374,2.73127580061854,2.55904025409761,2.93957960964686,2.42051909246535,2.66846834144903,3.39532290701131,2.39420844492948,2.64789953134921,1.78094428722351,"public"
2.44905702157374,2.73127580061854,2.55904025409761,2.93957960964686,3.2273587899538,2.66846834144903,3.39532290701131,2.39420844492948,1.76526635423281,2.67141643083526,"public"
0.816352340524581,2.73127580061854,1.70602683606507,2.93957960964686,2.42051909246535,2.66846834144903,1.69766145350566,1.59613896328632,2.64789953134921,2.67141643083526,"public"
2.44905702157374,3.64170106749139,1.70602683606507,2.93957960964686,1.6136793949769,3.5579577885987,0.848830726752828,3.19227792657264,0.882633177116403,2.67141643083526,"public"
1.63270468104916,2.73127580061854,2.55904025409761,2.93957960964686,2.42051909246535,3.5579577885987,1.69766145350566,2.39420844492948,1.76526635423281,2.67141643083526,"public"
2.44905702157374,2.73127580061854,2.55904025409761,2.93957960964686,2.42051909246535,2.66846834144903,2.54649218025848,2.39420844492948,2.64789953134921,2.67141643083526,"public"
1.63270468104916,2.73127580061854,2.55904025409761,1.95971973976457,2.42051909246535,2.66846834144903,1.69766145350566,2.39420844492948,0.882633177116403,2.67141643083526,"public"
0.816352340524581,2.73127580061854,2.55904025409761,1.95971973976457,4.03419848744226,3.5579577885987,4.24415363376414,0.79806948164316,2.64789953134921,4.45236071805877,"public"
1.63270468104916,2.73127580061854,3.41205367213014,2.93957960964686,3.2273587899538,2.66846834144903,1.69766145350566,1.59613896328632,3.53053270846561,3.56188857444702,"public"
2.44905702157374,2.73127580061854,1.70602683606507,2.93957960964686,1.6136793949769,1.77897889429935,1.69766145350566,2.39420844492948,1.76526635423281,1.78094428722351,"public"
1.63270468104916,1.8208505337457,3.41205367213014,1.95971973976457,4.03419848744226,4.44744723574838,4.24415363376414,0.79806948164316,3.53053270846561,4.45236071805877,"public"
2.44905702157374,2.73127580061854,1.70602683606507,4.89929934941143,1.6136793949769,1.77897889429935,0.848830726752828,3.9903474082158,0.882633177116403,1.78094428722351,"public"
4.08176170262291,4.55212633436424,0.853013418032535,4.89929934941143,0.806839697488451,1.77897889429935,1.69766145350566,3.9903474082158,0.882633177116403,1.78094428722351,"public"
0.816352340524581,2.73127580061854,0.853013418032535,2.93957960964686,4.03419848744226,2.66846834144903,3.39532290701131,1.59613896328632,3.53053270846561,2.67141643083526,"public"
4.08176170262291,4.55212633436424,1.70602683606507,4.89929934941143,0.806839697488451,1.77897889429935,0.848830726752828,3.9903474082158,0.882633177116403,0.890472143611754,"public"
4.08176170262291,4.55212633436424,2.55904025409761,4.89929934941143,0.806839697488451,2.66846834144903,0.848830726752828,3.9903474082158,0.882633177116403,3.56188857444702,"public"
2.44905702157374,2.73127580061854,1.70602683606507,2.93957960964686,3.2273587899538,1.77897889429935,0.848830726752828,3.19227792657264,1.76526635423281,2.67141643083526,"public"
3.26540936209832,3.64170106749139,2.55904025409761,2.93957960964686,2.42051909246535,2.66846834144903,1.69766145350566,2.39420844492948,1.76526635423281,3.56188857444702,"public"
2.44905702157374,2.73127580061854,1.70602683606507,2.93957960964686,1.6136793949769,2.66846834144903,1.69766145350566,2.39420844492948,1.76526635423281,1.78094428722351,"public"
2.44905702157374,2.73127580061854,2.55904025409761,1.95971973976457,3.2273587899538,2.66846834144903,2.54649218025848,1.59613896328632,1.76526635423281,2.67141643083526,"public"
2.44905702157374,4.55212633436424,2.55904025409761,2.93957960964686,2.42051909246535,2.66846834144903,1.69766145350566,3.19227792657264,1.76526635423281,1.78094428722351,"public"
3.26540936209832,3.64170106749139,1.70602683606507,4.89929934941143,0.806839697488451,0.889489447149676,1.69766145350566,3.19227792657264,0.882633177116403,0.890472143611754,"public"
2.44905702157374,1.8208505337457,4.26506709016268,1.95971973976457,4.03419848744226,4.44744723574838,3.39532290701131,1.59613896328632,1.76526635423281,4.45236071805877,"public"
1.63270468104916,3.64170106749139,2.55904025409761,2.93957960964686,2.42051909246535,2.66846834144903,1.69766145350566,0.79806948164316,2.64789953134921,2.67141643083526,"public"
2.44905702157374,4.55212633436424,0.853013418032535,3.91943947952914,1.6136793949769,0.889489447149676,0.848830726752828,2.39420844492948,0.882633177116403,1.78094428722351,"public"
4.08176170262291,4.55212633436424,0.853013418032535,3.91943947952914,0.806839697488451,2.66846834144903,0.848830726752828,3.9903474082158,0.882633177116403,1.78094428722351,"public"
0.816352340524581,0.910425266872848,4.26506709016268,0.979859869882286,0.806839697488451,4.44744723574838,4.24415363376414,1.59613896328632,4.41316588558201,2.67141643083526,"public"
2.44905702157374,3.64170106749139,2.55904025409761,2.93957960964686,2.42051909246535,3.5579577885987,3.39532290701131,0.79806948164316,2.64789953134921,3.56188857444702,"public"
2.44905702157374,2.73127580061854,1.70602683606507,2.93957960964686,2.42051909246535,4.44744723574838,2.54649218025848,3.19227792657264,2.64789953134921,3.56188857444702,"public"
0.816352340524581,0.910425266872848,3.41205367213014,2.93957960964686,2.42051909246535,1.77897889429935,4.24415363376414,0.79806948164316,0.882633177116403,0.890472143611754,"public"
2.44905702157374,3.64170106749139,1.70602683606507,2.93957960964686,2.42051909246535,2.66846834144903,2.54649218025848,2.39420844492948,0.882633177116403,1.78094428722351,"public"
2.44905702157374,2.73127580061854,1.70602683606507,3.91943947952914,2.42051909246535,2.66846834144903,2.54649218025848,2.39420844492948,2.64789953134921,2.67141643083526,"public"
2.44905702157374,2.73127580061854,4.26506709016268,2.93957960964686,2.42051909246535,4.44744723574838,4.24415363376414,1.59613896328632,3.53053270846561,2.67141643083526,"public"
2.44905702157374,1.8208505337457,1.70602683606507,2.93957960964686,2.42051909246535,2.66846834144903,1.69766145350566,3.19227792657264,1.76526635423281,1.78094428722351,"public"
2.44905702157374,2.73127580061854,1.70602683606507,2.93957960964686,2.42051909246535,2.66846834144903,1.69766145350566,3.19227792657264,1.76526635423281,2.67141643083526,"public"
0.816352340524581,1.8208505337457,4.26506709016268,1.95971973976457,2.42051909246535,4.44744723574838,2.54649218025848,2.39420844492948,2.64789953134921,3.56188857444702,"public"
1.63270468104916,1.8208505337457,2.55904025409761,3.91943947952914,2.42051909246535,4.44744723574838,2.54649218025848,1.59613896328632,0.882633177116403,4.45236071805877,"public"
3.26540936209832,1.8208505337457,3.41205367213014,1.95971973976457,1.6136793949769,1.77897889429935,2.54649218025848,2.39420844492948,3.53053270846561,3.56188857444702,"public"
4.08176170262291,4.55212633436424,0.853013418032535,4.89929934941143,0.806839697488451,0.889489447149676,1.69766145350566,3.19227792657264,0.882633177116403,3.56188857444702,"public"
2.44905702157374,2.73127580061854,2.55904025409761,2.93957960964686,1.6136793949769,3.5579577885987,0.848830726752828,3.9903474082158,0.882633177116403,1.78094428722351,"public"
2.44905702157374,0.910425266872848,2.55904025409761,2.93957960964686,2.42051909246535,2.66846834144903,0.848830726752828,2.39420844492948,2.64789953134921,4.45236071805877,"public"
4.08176170262291,3.64170106749139,3.41205367213014,4.89929934941143,3.2273587899538,4.44744723574838,2.54649218025848,2.39420844492948,0.882633177116403,2.67141643083526,"public"
1.63270468104916,2.73127580061854,4.26506709016268,1.95971973976457,2.42051909246535,3.5579577885987,2.54649218025848,2.39420844492948,2.64789953134921,3.56188857444702,"public"
4.08176170262291,2.73127580061854,3.41205367213014,4.89929934941143,2.42051909246535,2.66846834144903,2.54649218025848,3.9903474082158,0.882633177116403,3.56188857444702,"public"
3.26540936209832,1.8208505337457,0.853013418032535,2.93957960964686,3.2273587899538,4.44744723574838,2.54649218025848,2.39420844492948,2.64789953134921,1.78094428722351,"public"
2.44905702157374,2.73127580061854,3.41205367213014,2.93957960964686,3.2273587899538,3.5579577885987,2.54649218025848,1.59613896328632,1.76526635423281,2.67141643083526,"public"
2.44905702157374,4.55212633436424,2.55904025409761,2.93957960964686,3.2273587899538,0.889489447149676,1.69766145350566,2.39420844492948,1.76526635423281,2.67141643083526,"public"
4.08176170262291,2.73127580061854,1.70602683606507,2.93957960964686,0.806839697488451,2.66846834144903,0.848830726752828,3.19227792657264,0.882633177116403,1.78094428722351,"public"
2.44905702157374,2.73127580061854,2.55904025409761,2.93957960964686,1.6136793949769,2.66846834144903,0.848830726752828,2.39420844492948,1.76526635423281,2.67141643083526,"public"
1.63270468104916,2.73127580061854,2.55904025409761,2.93957960964686,2.42051909246535,3.5579577885987,1.69766145350566,1.59613896328632,1.76526635423281,2.67141643083526,"public"
4.08176170262291,2.73127580061854,0.853013418032535,4.89929934941143,4.03419848744226,1.77897889429935,3.39532290701131,2.39420844492948,2.64789953134921,4.45236071805877,"public"
2.44905702157374,4.55212633436424,2.55904025409761,2.93957960964686,1.6136793949769,4.44744723574838,4.24415363376414,0.79806948164316,2.64789953134921,3.56188857444702,"public"
0.816352340524581,0.910425266872848,4.26506709016268,4.89929934941143,4.03419848744226,4.44744723574838,4.24415363376414,0.79806948164316,4.41316588558201,4.45236071805877,"public"
3.26540936209832,2.73127580061854,1.70602683606507,2.93957960964686,1.6136793949769,3.5579577885987,0.848830726752828,3.9903474082158,1.76526635423281,1.78094428722351,"public"
1.63270468104916,1.8208505337457,2.55904025409761,2.93957960964686,2.42051909246535,2.66846834144903,1.69766145350566,2.39420844492948,0.882633177116403,2.67141643083526,"public"
0.816352340524581,0.910425266872848,3.41205367213014,0.979859869882286,4.03419848744226,4.44744723574838,4.24415363376414,1.59613896328632,3.53053270846561,4.45236071805877,"public"
3.26540936209832,4.55212633436424,4.26506709016268,3.91943947952914,3.2273587899538,4.44744723574838,2.54649218025848,2.39420844492948,4.41316588558201,3.56188857444702,"public"
2.44905702157374,0.910425266872848,4.26506709016268,1.95971973976457,2.42051909246535,4.44744723574838,2.54649218025848,1.59613896328632,0.882633177116403,2.67141643083526,"public"
2.44905702157374,3.64170106749139,2.55904025409761,2.93957960964686,2.42051909246535,1.77897889429935,0.848830726752828,2.39420844492948,0.882633177116403,2.67141643083526,"public"
0.816352340524581,2.73127580061854,3.41205367213014,1.95971973976457,4.03419848744226,4.44744723574838,4.24415363376414,0.79806948164316,1.76526635423281,3.56188857444702,"public"
1.63270468104916,2.73127580061854,1.70602683606507,2.93957960964686,2.42051909246535,2.66846834144903,1.69766145350566,2.39420844492948,1.76526635423281,2.67141643083526,"public"
1.63270468104916,2.73127580061854,4.26506709016268,1.95971973976457,4.03419848744226,4.44744723574838,2.54649218025848,1.59613896328632,3.53053270846561,4.45236071805877,"public"
1.63270468104916,2.73127580061854,2.55904025409761,1.95971973976457,4.03419848744226,4.44744723574838,2.54649218025848,2.39420844492948,2.64789953134921,3.56188857444702,"public"
3.26540936209832,3.64170106749139,2.55904025409761,3.91943947952914,2.42051909246535,1.77897889429935,1.69766145350566,3.19227792657264,1.76526635423281,2.67141643083526,"public"
0.816352340524581,0.910425266872848,4.26506709016268,0.979859869882286,4.03419848744226,4.44744723574838,4.24415363376414,0.79806948164316,0.882633177116403,4.45236071805877,"public"
2.44905702157374,2.73127580061854,2.55904025409761,2.93957960964686,2.42051909246535,2.66846834144903,2.54649218025848,1.59613896328632,2.64789953134921,3.56188857444702,"public"
1.63270468104916,1.8208505337457,1.70602683606507,1.95971973976457,4.03419848744226,3.5579577885987,4.24415363376414,1.59613896328632,2.64789953134921,3.56188857444702,"public"
2.44905702157374,2.73127580061854,2.55904025409761,2.93957960964686,2.42051909246535,2.66846834144903,2.54649218025848,3.19227792657264,1.76526635423281,3.56188857444702,"public"
4.08176170262291,3.64170106749139,1.70602683606507,3.91943947952914,0.806839697488451,2.66846834144903,0.848830726752828,3.9903474082158,0.882633177116403,2.67141643083526,"public"
3.26540936209832,0.910425266872848,2.55904025409761,2.93957960964686,4.03419848744226,4.44744723574838,2.54649218025848,2.39420844492948,0.882633177116403,1.78094428722351,"public"
3.26540936209832,3.64170106749139,3.41205367213014,3.91943947952914,2.42051909246535,2.66846834144903,1.69766145350566,3.19227792657264,1.76526635423281,2.67141643083526,"public"
0.816352340524581,1.8208505337457,3.41205367213014,1.95971973976457,3.2273587899538,4.44744723574838,4.24415363376414,0.79806948164316,2.64789953134921,3.56188857444702,"public"
0.816352340524581,1.8208505337457,4.26506709016268,1.95971973976457,4.03419848744226,4.44744723574838,1.69766145350566,3.9903474082158,0.882633177116403,3.56188857444702,"public"
2.44905702157374,2.73127580061854,1.70602683606507,2.93957960964686,3.2273587899538,3.5579577885987,1.69766145350566,3.19227792657264,0.882633177116403,1.78094428722351,"public"
3.26540936209832,3.64170106749139,0.853013418032535,3.91943947952914,0.806839697488451,0.889489447149676,0.848830726752828,3.9903474082158,0.882633177116403,0.890472143611754,"public"
0.816352340524581,2.73127580061854,2.55904025409761,1.95971973976457,3.2273587899538,3.5579577885987,1.69766145350566,2.39420844492948,1.76526635423281,2.67141643083526,"public"
0.816352340524581,0.910425266872848,4.26506709016268,0.979859869882286,0.806839697488451,1.77897889429935,4.24415363376414,0.79806948164316,4.41316588558201,0.890472143611754,"public"
3.26540936209832,4.55212633436424,4.26506709016268,3.91943947952914,4.03419848744226,4.44744723574838,4.24415363376414,3.9903474082158,1.76526635423281,2.67141643083526,"public"
0.816352340524581,0.910425266872848,4.26506709016268,0.979859869882286,4.03419848744226,4.44744723574838,4.24415363376414,0.79806948164316,4.41316588558201,4.45236071805877,"public"
2.44905702157374,3.64170106749139,2.55904025409761,3.91943947952914,2.42051909246535,2.66846834144903,2.54649218025848,3.19227792657264,2.64789953134921,3.56188857444702,"public"
1.63270468104916,2.73127580061854,4.26506709016268,2.93957960964686,4.03419848744226,4.44744723574838,3.39532290701131,0.79806948164316,0.882633177116403,2.67141643083526,"public"
2.44905702157374,3.64170106749139,1.70602683606507,2.93957960964686,2.42051909246535,2.66846834144903,0.848830726752828,1.59613896328632,0.882633177116403,0.890472143611754,"public"
1.63270468104916,1.8208505337457,2.55904025409761,2.93957960964686,2.42051909246535,4.44744723574838,1.69766145350566,1.59613896328632,2.64789953134921,2.67141643083526,"public"
3.26540936209832,3.64170106749139,0.853013418032535,3.91943947952914,0.806839697488451,2.66846834144903,1.69766145350566,3.19227792657264,0.882633177116403,1.78094428722351,"public"
2.44905702157374,2.73127580061854,2.55904025409761,2.93957960964686,2.42051909246535,2.66846834144903,2.54649218025848,2.39420844492948,2.64789953134921,2.67141643083526,"public"
2.44905702157374,2.73127580061854,2.55904025409761,2.93957960964686,1.6136793949769,1.77897889429935,0.848830726752828,2.39420844492948,0.882633177116403,2.67141643083526,"public"
3.26540936209832,3.64170106749139,1.70602683606507,2.93957960964686,1.6136793949769,2.66846834144903,0.848830726752828,3.9903474082158,1.76526635423281,1.78094428722351,"public"
1.63270468104916,2.73127580061854,2.55904025409761,2.93957960964686,2.42051909246535,3.5579577885987,3.39532290701131,2.39420844492948,2.64789953134921,1.78094428722351,"public"
0.816352340524581,0.910425266872848,4.26506709016268,0.979859869882286,0.806839697488451,4.44744723574838,0.848830726752828,0.79806948164316,4.41316588558201,4.45236071805877,"public"
2.44905702157374,2.73127580061854,2.55904025409761,2.93957960964686,2.42051909246535,2.66846834144903,2.54649218025848,1.59613896328632,2.64789953134921,2.67141643083526,"public"
3.26540936209832,2.73127580061854,1.70602683606507,2.93957960964686,2.42051909246535,2.66846834144903,0.848830726752828,3.19227792657264,1.76526635423281,2.67141643083526,"public"
2.44905702157374,2.73127580061854,2.55904025409761,1.95971973976457,2.42051909246535,2.66846834144903,1.69766145350566,1.59613896328632,0.882633177116403,0.890472143611754,"public"
0.816352340524581,0.910425266872848,4.26506709016268,2.93957960964686,4.03419848744226,4.44744723574838,4.24415363376414,0.79806948164316,1.76526635423281,3.56188857444702,"public"
1.63270468104916,0.910425266872848,2.55904025409761,4.89929934941143,3.2273587899538,4.44744723574838,1.69766145350566,1.59613896328632,1.76526635423281,2.67141643083526,"public"
2.44905702157374,3.64170106749139,0.853013418032535,3.91943947952914,2.42051909246535,1.77897889429935,2.54649218025848,2.39420844492948,2.64789953134921,2.67141643083526,"public"
1.63270468104916,2.73127580061854,3.41205367213014,1.95971973976457,2.42051909246535,3.5579577885987,2.54649218025848,1.59613896328632,1.76526635423281,4.45236071805877,"public"
3.26540936209832,3.64170106749139,1.70602683606507,2.93957960964686,1.6136793949769,2.66846834144903,1.69766145350566,2.39420844492948,1.76526635423281,2.67141643083526,"public"
2.44905702157374,1.8208505337457,2.55904025409761,2.93957960964686,3.2273587899538,3.5579577885987,2.54649218025848,1.59613896328632,1.76526635423281,2.67141643083526,"public"
1.63270468104916,1.8208505337457,3.41205367213014,1.95971973976457,3.2273587899538,3.5579577885987,2.54649218025848,1.59613896328632,1.76526635423281,2.67141643083526,"public"
4.08176170262291,3.64170106749139,1.70602683606507,3.91943947952914,0.806839697488451,0.889489447149676,0.848830726752828,3.9903474082158,0.882633177116403,2.67141643083526,"public"
0.816352340524581,2.73127580061854,3.41205367213014,2.93957960964686,3.2273587899538,3.5579577885987,4.24415363376414,1.59613896328632,3.53053270846561,2.67141643083526,"public"
1.63270468104916,1.8208505337457,3.41205367213014,1.95971973976457,3.2273587899538,3.5579577885987,3.39532290701131,1.59613896328632,2.64789953134921,4.45236071805877,"public"
3.26540936209832,4.55212633436424,2.55904025409761,2.93957960964686,4.03419848744226,3.5579577885987,0.848830726752828,2.39420844492948,0.882633177116403,2.67141643083526,"public"
2.44905702157374,2.73127580061854,2.55904025409761,2.93957960964686,1.6136793949769,2.66846834144903,2.54649218025848,1.59613896328632,2.64789953134921,1.78094428722351,"public"
0.816352340524581,1.8208505337457,0.853013418032535,2.93957960964686,2.42051909246535,4.44744723574838,0.848830726752828,3.19227792657264,2.64789953134921,0.890472143611754,"public"
4.08176170262291,4.55212633436424,1.70602683606507,3.91943947952914,0.806839697488451,0.889489447149676,1.69766145350566,3.9903474082158,0.882633177116403,1.78094428722351,"public"
3.26540936209832,3.64170106749139,2.55904025409761,3.91943947952914,2.42051909246535,2.66846834144903,0.848830726752828,3.9903474082158,0.882633177116403,0.890472143611754,"public"
2.44905702157374,2.73127580061854,2.55904025409761,2.93957960964686,2.42051909246535,2.66846834144903,2.54649218025848,2.39420844492948,2.64789953134921,2.67141643083526,"public"
4.08176170262291,4.55212633436424,0.853013418032535,4.89929934941143,1.6136793949769,1.77897889429935,0.848830726752828,3.19227792657264,0.882633177116403,0.890472143611754,"public"
0.816352340524581,4.55212633436424,4.26506709016268,2.93957960964686,4.03419848744226,1.77897889429935,3.39532290701131,2.39420844492948,3.53053270846561,1.78094428722351,"public"
2.44905702157374,2.73127580061854,2.55904025409761,2.93957960964686,1.6136793949769,2.66846834144903,2.54649218025848,1.59613896328632,3.53053270846561,2.67141643083526,"public"
4.08176170262291,4.55212633436424,0.853013418032535,4.89929934941143,0.806839697488451,2.66846834144903,0.848830726752828,3.9903474082158,0.882633177116403,3.56188857444702,"public"
2.44905702157374,2.73127580061854,0.853013418032535,2.93957960964686,0.806839697488451,2.66846834144903,1.69766145350566,2.39420844492948,1.76526635423281,0.890472143611754,"public"
3.26540936209832,3.64170106749139,2.55904025409761,3.91943947952914,3.2273587899538,1.77897889429935,1.69766145350566,3.19227792657264,1.76526635423281,2.67141643083526,"public"
1.63270468104916,2.73127580061854,1.70602683606507,2.93957960964686,3.2273587899538,2.66846834144903,0.848830726752828,2.39420844492948,1.76526635423281,2.67141643083526,"public"
2.44905702157374,2.73127580061854,2.55904025409761,2.93957960964686,2.42051909246535,2.66846834144903,2.54649218025848,2.39420844492948,2.64789953134921,2.67141643083526,"public"
0.816352340524581,0.910425266872848,2.55904025409761,2.93957960964686,4.03419848744226,2.66846834144903,4.24415363376414,1.59613896328632,2.64789953134921,4.45236071805877,"public"
2.44905702157374,4.55212633436424,0.853013418032535,2.93957960964686,0.806839697488451,2.66846834144903,0.848830726752828,3.19227792657264,0.882633177116403,0.890472143611754,"public"
0.816352340524581,2.73127580061854,4.26506709016268,2.93957960964686,4.03419848744226,3.5579577885987,1.69766145350566,1.59613896328632,2.64789953134921,2.67141643083526,"public"
2.44905702157374,2.73127580061854,3.41205367213014,3.91943947952914,3.2273587899538,2.66846834144903,1.69766145350566,3.19227792657264,1.76526635423281,1.78094428722351,"public"
3.26540936209832,3.64170106749139,1.70602683606507,3.91943947952914,3.2273587899538,2.66846834144903,0.848830726752828,2.39420844492948,1.76526635423281,1.78094428722351,"public"
2.44905702157374,2.73127580061854,1.70602683606507,2.93957960964686,1.6136793949769,2.66846834144903,0.848830726752828,3.19227792657264,0.882633177116403,1.78094428722351,"public"
4.08176170262291,4.55212633436424,1.70602683606507,4.89929934941143,1.6136793949769,1.77897889429935,1.69766145350566,3.9903474082158,1.76526635423281,1.78094428722351,"public"
1.63270468104916,0.910425266872848,2.55904025409761,1.95971973976457,4.03419848744226,1.77897889429935,3.39532290701131,2.39420844492948,1.76526635423281,0.890472143611754,"public"
2.44905702157374,3.64170106749139,1.70602683606507,3.91943947952914,3.2273587899538,2.66846834144903,1.69766145350566,3.19227792657264,1.76526635423281,2.67141643083526,"public"
3.26540936209832,3.64170106749139,1.70602683606507,3.91943947952914,1.6136793949769,1.77897889429935,0.848830726752828,3.19227792657264,0.882633177116403,1.78094428722351,"public"
2.44905702157374,3.64170106749139,2.55904025409761,2.93957960964686,2.42051909246535,2.66846834144903,0.848830726752828,2.39420844492948,0.882633177116403,2.67141643083526,"public"
2.44905702157374,4.55212633436424,1.70602683606507,3.91943947952914,2.42051909246535,1.77897889429935,0.848830726752828,3.9903474082158,0.882633177116403,0.890472143611754,"public"
3.26540936209832,3.64170106749139,1.70602683606507,4.89929934941143,1.6136793949769,1.77897889429935,0.848830726752828,3.9903474082158,1.76526635423281,2.67141643083526,"public"
2.44905702157374,4.55212633436424,1.70602683606507,3.91943947952914,3.2273587899538,3.5579577885987,2.54649218025848,3.19227792657264,1.76526635423281,3.56188857444702,"public"
1.63270468104916,3.64170106749139,0.853013418032535,2.93957960964686,2.42051909246535,3.5579577885987,0.848830726752828,3.19227792657264,2.64789953134921,0.890472143611754,"public"
4.08176170262291,4.55212633436424,0.853013418032535,3.91943947952914,0.806839697488451,3.5579577885987,1.69766145350566,3.9903474082158,1.76526635423281,1.78094428722351,"public"
4.08176170262291,2.73127580061854,1.70602683606507,2.93957960964686,2.42051909246535,2.66846834144903,1.69766145350566,3.19227792657264,1.76526635423281,2.67141643083526,"public"
0.816352340524581,2.73127580061854,2.55904025409761,1.95971973976457,2.42051909246535,3.5579577885987,3.39532290701131,1.59613896328632,2.64789953134921,2.67141643083526,"public"
2.44905702157374,2.73127580061854,1.70602683606507,2.93957960964686,4.03419848744226,2.66846834144903,0.848830726752828,3.9903474082158,0.882633177116403,1.78094428722351,"public"
2.44905702157374,1.8208505337457,1.70602683606507,3.91943947952914,0.806839697488451,1.77897889429935,0.848830726752828,3.19227792657264,0.882633177116403,1.78094428722351,"public"
3.26540936209832,3.64170106749139,0.853013418032535,3.91943947952914,0.806839697488451,0.889489447149676,0.848830726752828,3.9903474082158,0.882633177116403,1.78094428722351,"public"
3.26540936209832,3.64170106749139,0.853013418032535,3.91943947952914,0.806839697488451,2.66846834144903,0.848830726752828,3.9903474082158,1.76526635423281,1.78094428722351,"public"
2.44905702157374,2.73127580061854,2.55904025409761,4.89929934941143,2.42051909246535,2.66846834144903,0.848830726752828,3.9903474082158,1.76526635423281,1.78094428722351,"public"
1.63270468104916,1.8208505337457,3.41205367213014,2.93957960964686,4.03419848744226,3.5579577885987,2.54649218025848,1.59613896328632,3.53053270846561,2.67141643083526,"public"
2.44905702157374,2.73127580061854,3.41205367213014,1.95971973976457,2.42051909246535,3.5579577885987,3.39532290701131,2.39420844492948,1.76526635423281,3.56188857444702,"public"
3.26540936209832,2.73127580061854,2.55904025409761,2.93957960964686,1.6136793949769,3.5579577885987,1.69766145350566,2.39420844492948,1.76526635423281,1.78094428722351,"public"
3.26540936209832,3.64170106749139,2.55904025409761,3.91943947952914,2.42051909246535,2.66846834144903,2.54649218025848,3.19227792657264,0.882633177116403,2.67141643083526,"public"
3.26540936209832,4.55212633436424,1.70602683606507,3.91943947952914,1.6136793949769,1.77897889429935,1.69766145350566,3.19227792657264,1.76526635423281,1.78094428722351,"public"
0.816352340524581,0.910425266872848,4.26506709016268,1.95971973976457,3.2273587899538,4.44744723574838,3.39532290701131,1.59613896328632,3.53053270846561,3.56188857444702,"public"
1.63270468104916,2.73127580061854,2.55904025409761,2.93957960964686,3.2273587899538,2.66846834144903,1.69766145350566,2.39420844492948,2.64789953134921,4.45236071805877,"public"
3.26540936209832,3.64170106749139,3.41205367213014,3.91943947952914,3.2273587899538,3.5579577885987,2.54649218025848,2.39420844492948,2.64789953134921,2.67141643083526,"public"
3.26540936209832,3.64170106749139,1.70602683606507,3.91943947952914,1.6136793949769,1.77897889429935,1.69766145350566,3.19227792657264,1.76526635423281,1.78094428722351,"public"
3.26540936209832,2.73127580061854,2.55904025409761,2.93957960964686,1.6136793949769,4.44744723574838,1.69766145350566,3.19227792657264,0.882633177116403,1.78094428722351,"public"
3.26540936209832,3.64170106749139,0.853013418032535,3.91943947952914,0.806839697488451,0.889489447149676,2.54649218025848,3.19227792657264,0.882633177116403,0.890472143611754,"public"
1.63270468104916,0.910425266872848,2.55904025409761,3.91943947952914,0.806839697488451,3.5579577885987,4.24415363376414,0.79806948164316,0.882633177116403,3.56188857444702,"public"
2.44905702157374,1.8208505337457,1.70602683606507,2.93957960964686,2.42051909246535,4.44744723574838,0.848830726752828,3.19227792657264,0.882633177116403,3.56188857444702,"public"
2.44905702157374,3.64170106749139,1.70602683606507,2.93957960964686,0.806839697488451,2.66846834144903,1.69766145350566,3.19227792657264,0.882633177116403,1.78094428722351,"public"
4.08176170262291,4.55212633436424,4.26506709016268,4.89929934941143,0.806839697488451,1.77897889429935,1.69766145350566,3.9903474082158,0.882633177116403,1.78094428722351,"public"
4.08176170262291,2.73127580061854,0.853013418032535,3.91943947952914,4.03419848744226,2.66846834144903,0.848830726752828,3.9903474082158,0.882633177116403,1.78094428722351,"public"
2.44905702157374,3.64170106749139,0.853013418032535,2.93957960964686,1.6136793949769,3.5579577885987,1.69766145350566,2.39420844492948,1.76526635423281,1.78094428722351,"public"
1.63270468104916,2.73127580061854,1.70602683606507,2.93957960964686,1.6136793949769,3.5579577885987,1.69766145350566,3.19227792657264,1.76526635423281,1.78094428722351,"public"
0.816352340524581,2.73127580061854,0.853013418032535,3.91943947952914,3.2273587899538,3.5579577885987,0.848830726752828,3.9903474082158,0.882633177116403,0.890472143611754,"public"
3.26540936209832,3.64170106749139,0.853013418032535,3.91943947952914,0.806839697488451,2.66846834144903,0.848830726752828,3.19227792657264,1.76526635423281,1.78094428722351,"public"
2.44905702157374,2.73127580061854,2.55904025409761,2.93957960964686,3.2273587899538,3.5579577885987,1.69766145350566,3.19227792657264,1.76526635423281,2.67141643083526,"public"
3.26540936209832,2.73127580061854,2.55904025409761,2.93957960964686,2.42051909246535,2.66846834144903,2.54649218025848,2.39420844492948,2.64789953134921,2.67141643083526,"public"
0.816352340524581,3.64170106749139,0.853013418032535,2.93957960964686,2.42051909246535,4.44744723574838,2.54649218025848,2.39420844492948,2.64789953134921,4.45236071805877,"public"
2.44905702157374,3.64170106749139,1.70602683606507,2.93957960964686,1.6136793949769,2.66846834144903,2.54649218025848,3.9903474082158,2.64789953134921,2.67141643083526,"public"
2.44905702157374,4.55212633436424,3.41205367213014,2.93957960964686,2.42051909246535,2.66846834144903,1.69766145350566,2.39420844492948,0.882633177116403,2.67141643083526,"public"
3.26540936209832,3.64170106749139,1.70602683606507,3.91943947952914,1.6136793949769,1.77897889429935,0.848830726752828,3.9903474082158,0.882633177116403,0.890472143611754,"public"
4.08176170262291,4.55212633436424,1.70602683606507,3.91943947952914,0.806839697488451,2.66846834144903,0.848830726752828,3.9903474082158,0.882633177116403,1.78094428722351,"public"
3.26540936209832,2.73127580061854,3.41205367213014,2.93957960964686,3.2273587899538,2.66846834144903,2.54649218025848,3.9903474082158,0.882633177116403,1.78094428722351,"public"
2.44905702157374,2.73127580061854,1.70602683606507,3.91943947952914,3.2273587899538,1.77897889429935,1.69766145350566,3.19227792657264,0.882633177116403,1.78094428722351,"public"
2.44905702157374,2.73127580061854,1.70602683606507,2.93957960964686,1.6136793949769,1.77897889429935,1.69766145350566,2.39420844492948,1.76526635423281,1.78094428722351,"public"
2.44905702157374,3.64170106749139,3.41205367213014,2.93957960964686,3.2273587899538,4.44744723574838,4.24415363376414,3.19227792657264,2.64789953134921,2.67141643083526,"public"
2.44905702157374,2.73127580061854,2.55904025409761,2.93957960964686,3.2273587899538,2.66846834144903,2.54649218025848,2.39420844492948,2.64789953134921,2.67141643083526,"public"
3.26540936209832,1.8208505337457,2.55904025409761,2.93957960964686,2.42051909246535,2.66846834144903,1.69766145350566,2.39420844492948,2.64789953134921,2.67141643083526,"public"
1.63270468104916,2.73127580061854,1.70602683606507,2.93957960964686,2.42051909246535,2.66846834144903,2.54649218025848,2.39420844492948,1.76526635423281,2.67141643083526,"public"
2.44905702157374,2.73127580061854,2.55904025409761,2.93957960964686,2.42051909246535,2.66846834144903,1.69766145350566,3.19227792657264,3.53053270846561,1.78094428722351,"public"
2.44905702157374,1.8208505337457,2.55904025409761,2.93957960964686,2.42051909246535,2.66846834144903,1.69766145350566,2.39420844492948,0.882633177116403,1.78094428722351,"public"
2.44905702157374,0.910425266872848,2.55904025409761,2.93957960964686,2.42051909246535,3.5579577885987,1.69766145350566,3.9903474082158,1.76526635423281,1.78094428722351,"public"
2.44905702157374,3.64170106749139,1.70602683606507,3.91943947952914,0.806839697488451,3.5579577885987,0.848830726752828,3.19227792657264,0.882633177116403,2.67141643083526,"public"
2.44905702157374,2.73127580061854,2.55904025409761,2.93957960964686,2.42051909246535,2.66846834144903,2.54649218025848,2.39420844492948,2.64789953134921,2.67141643083526,"public"
1.63270468104916,1.8208505337457,2.55904025409761,1.95971973976457,1.6136793949769,2.66846834144903,1.69766145350566,1.59613896328632,2.64789953134921,2.67141643083526,"public"
3.26540936209832,3.64170106749139,3.41205367213014,3.91943947952914,3.2273587899538,3.5579577885987,3.39532290701131,3.19227792657264,3.53053270846561,3.56188857444702,"public"
4.08176170262291,4.55212633436424,0.853013418032535,4.89929934941143,0.806839697488451,0.889489447149676,1.69766145350566,3.9903474082158,0.882633177116403,0.890472143611754,"public"
2.44905702157374,0.910425266872848,2.55904025409761,3.91943947952914,4.03419848744226,4.44744723574838,0.848830726752828,3.9903474082158,0.882633177116403,1.78094428722351,"public"
1.63270468104916,3.64170106749139,1.70602683606507,3.91943947952914,1.6136793949769,1.77897889429935,1.69766145350566,3.19227792657264,1.76526635423281,1.78094428722351,"public"
1.63270468104916,2.73127580061854,1.70602683606507,2.93957960964686,2.42051909246535,2.66846834144903,1.69766145350566,1.59613896328632,1.76526635423281,1.78094428722351,"public"
4.08176170262291,4.55212633436424,2.55904025409761,4.89929934941143,0.806839697488451,2.66846834144903,0.848830726752828,3.9903474082158,0.882633177116403,0.890472143611754,"public"
0.816352340524581,2.73127580061854,2.55904025409761,2.93957960964686,2.42051909246535,1.77897889429935,1.69766145350566,1.59613896328632,1.76526635423281,1.78094428722351,"public"
3.26540936209832,3.64170106749139,1.70602683606507,3.91943947952914,0.806839697488451,0.889489447149676,0.848830726752828,3.9903474082158,1.76526635423281,1.78094428722351,"public"
3.26540936209832,3.64170106749139,3.41205367213014,3.91943947952914,3.2273587899538,1.77897889429935,1.69766145350566,3.9903474082158,0.882633177116403,1.78094428722351,"public"
3.26540936209832,2.73127580061854,2.55904025409761,3.91943947952914,3.2273587899538,2.66846834144903,2.54649218025848,3.19227792657264,2.64789953134921,2.67141643083526,"public"
0.816352340524581,1.8208505337457,4.26506709016268,2.93957960964686,3.2273587899538,3.5579577885987,2.54649218025848,1.59613896328632,1.76526635423281,3.56188857444702,"public"
2.44905702157374,3.64170106749139,0.853013418032535,3.91943947952914,0.806839697488451,1.77897889429935,0.848830726752828,3.19227792657264,0.882633177116403,0.890472143611754,"public"
0.816352340524581,1.8208505337457,2.55904025409761,1.95971973976457,4.03419848744226,4.44744723574838,3.39532290701131,2.39420844492948,2.64789953134921,0.890472143611754,"public"
1.63270468104916,1.8208505337457,2.55904025409761,2.93957960964686,2.42051909246535,1.77897889429935,2.54649218025848,1.59613896328632,0.882633177116403,0.890472143611754,"public"
2.44905702157374,2.73127580061854,1.70602683606507,2.93957960964686,1.6136793949769,2.66846834144903,1.69766145350566,3.19227792657264,1.76526635423281,1.78094428722351,"public"
3.26540936209832,3.64170106749139,1.70602683606507,3.91943947952914,0.806839697488451,2.66846834144903,0.848830726752828,2.39420844492948,0.882633177116403,1.78094428722351,"public"
0.816352340524581,1.8208505337457,1.70602683606507,2.93957960964686,2.42051909246535,2.66846834144903,2.54649218025848,0.79806948164316,2.64789953134921,2.67141643083526,"public"
3.26540936209832,3.64170106749139,0.853013418032535,3.91943947952914,0.806839697488451,1.77897889429935,0.848830726752828,3.9903474082158,0.882633177116403,1.78094428722351,"public"
0.816352340524581,0.910425266872848,3.41205367213014,2.93957960964686,4.03419848744226,4.44744723574838,2.54649218025848,1.59613896328632,2.64789953134921,4.45236071805877,"public"
4.08176170262291,3.64170106749139,0.853013418032535,3.91943947952914,0.806839697488451,0.889489447149676,0.848830726752828,3.9903474082158,0.882633177116403,0.890472143611754,"public"
0.816352340524581,2.73127580061854,3.41205367213014,2.93957960964686,4.03419848744226,2.66846834144903,3.39532290701131,1.59613896328632,2.64789953134921,1.78094428722351,"public"
3.26540936209832,2.73127580061854,2.55904025409761,2.93957960964686,2.42051909246535,2.66846834144903,2.54649218025848,3.19227792657264,1.76526635423281,3.56188857444702,"public"
3.26540936209832,3.64170106749139,1.70602683606507,3.91943947952914,1.6136793949769,2.66846834144903,1.69766145350566,3.9903474082158,1.76526635423281,1.78094428722351,"public"
3.26540936209832,3.64170106749139,2.55904025409761,3.91943947952914,1.6136793949769,3.5579577885987,0.848830726752828,3.9903474082158,1.76526635423281,1.78094428722351,"public"
2.44905702157374,3.64170106749139,2.55904025409761,2.93957960964686,2.42051909246535,2.66846834144903,4.24415363376414,3.19227792657264,2.64789953134921,1.78094428722351,"public"
1.63270468104916,1.8208505337457,2.55904025409761,1.95971973976457,1.6136793949769,2.66846834144903,1.69766145350566,2.39420844492948,1.76526635423281,2.67141643083526,"public"
2.44905702157374,1.8208505337457,0.853013418032535,2.93957960964686,1.6136793949769,2.66846834144903,1.69766145350566,3.19227792657264,0.882633177116403,2.67141643083526,"public"
0.816352340524581,1.8208505337457,2.55904025409761,1.95971973976457,1.6136793949769,2.66846834144903,2.54649218025848,2.39420844492948,2.64789953134921,0.890472143611754,"public"
4.08176170262291,4.55212633436424,0.853013418032535,3.91943947952914,0.806839697488451,1.77897889429935,1.69766145350566,3.19227792657264,1.76526635423281,1.78094428722351,"public"
2.44905702157374,3.64170106749139,2.55904025409761,3.91943947952914,2.42051909246535,3.5579577885987,1.69766145350566,2.39420844492948,2.64789953134921,2.67141643083526,"public"
1.63270468104916,0.910425266872848,3.41205367213014,2.93957960964686,2.42051909246535,3.5579577885987,3.39532290701131,1.59613896328632,4.41316588558201,4.45236071805877,"public"
2.44905702157374,2.73127580061854,2.55904025409761,2.93957960964686,2.42051909246535,3.5579577885987,2.54649218025848,2.39420844492948,2.64789953134921,2.67141643083526,"public"
3.26540936209832,3.64170106749139,1.70602683606507,3.91943947952914,1.6136793949769,2.66846834144903,0.848830726752828,3.19227792657264,1.76526635423281,0.890472143611754,"public"
2.44905702157374,2.73127580061854,2.55904025409761,2.93957960964686,2.42051909246535,2.66846834144903,1.69766145350566,0.79806948164316,2.64789953134921,2.67141643083526,"public"
2.44905702157374,3.64170106749139,1.70602683606507,2.93957960964686,1.6136793949769,2.66846834144903,0.848830726752828,2.39420844492948,0.882633177116403,1.78094428722351,"public"
1.63270468104916,3.64170106749139,0.853013418032535,3.91943947952914,2.42051909246535,0.889489447149676,1.69766145350566,3.19227792657264,1.76526635423281,3.56188857444702,"public"
1.63270468104916,2.73127580061854,2.55904025409761,2.93957960964686,3.2273587899538,2.66846834144903,1.69766145350566,2.39420844492948,1.76526635423281,2.67141643083526,"public"
0.816352340524581,1.8208505337457,4.26506709016268,0.979859869882286,1.6136793949769,3.5579577885987,4.24415363376414,0.79806948164316,4.41316588558201,3.56188857444702,"public"
1.63270468104916,1.8208505337457,2.55904025409761,1.95971973976457,3.2273587899538,2.66846834144903,3.39532290701131,2.39420844492948,3.53053270846561,3.56188857444702,"public"
2.44905702157374,2.73127580061854,0.853013418032535,2.93957960964686,1.6136793949769,2.66846834144903,0.848830726752828,2.39420844492948,0.882633177116403,0.890472143611754,"public"
0.816352340524581,0.910425266872848,0.853013418032535,0.979859869882286,2.42051909246535,0.889489447149676,4.24415363376414,0.79806948164316,4.41316588558201,4.45236071805877,"public"
4.08176170262291,4.55212633436424,0.853013418032535,4.89929934941143,0.806839697488451,0.889489447149676,0.848830726752828,3.9903474082158,0.882633177116403,0.890472143611754,"public"
2.44905702157374,3.64170106749139,2.55904025409761,3.91943947952914,2.42051909246535,1.77897889429935,1.69766145350566,3.19227792657264,0.882633177116403,1.78094428722351,"public"
1.63270468104916,1.8208505337457,3.41205367213014,1.95971973976457,3.2273587899538,3.5579577885987,4.24415363376414,2.39420844492948,0.882633177116403,3.56188857444702,"public"
2.44905702157374,2.73127580061854,2.55904025409761,2.93957960964686,3.2273587899538,1.77897889429935,1.69766145350566,2.39420844492948,2.64789953134921,1.78094428722351,"public"
0.816352340524581,1.8208505337457,1.70602683606507,2.93957960964686,2.42051909246535,3.5579577885987,2.54649218025848,2.39420844492948,1.76526635423281,2.67141643083526,"public"
1.63270468104916,1.8208505337457,1.70602683606507,1.95971973976457,2.42051909246535,2.66846834144903,2.54649218025848,3.19227792657264,1.76526635423281,1.78094428722351,"public"
4.08176170262291,4.55212633436424,0.853013418032535,4.89929934941143,0.806839697488451,0.889489447149676,0.848830726752828,3.19227792657264,0.882633177116403,0.890472143611754,"public"
3.26540936209832,2.73127580061854,0.853013418032535,2.93957960964686,0.806839697488451,2.66846834144903,0.848830726752828,2.39420844492948,0.882633177116403,1.78094428722351,"public"
2.44905702157374,2.73127580061854,2.55904025409761,2.93957960964686,2.42051909246535,2.66846834144903,1.69766145350566,2.39420844492948,0.882633177116403,1.78094428722351,"public"
3.26540936209832,3.64170106749139,2.55904025409761,2.93957960964686,1.6136793949769,2.66846834144903,1.69766145350566,2.39420844492948,2.64789953134921,2.67141643083526,"public"
0.816352340524581,1.8208505337457,4.26506709016268,2.93957960964686,3.2273587899538,4.44744723574838,3.39532290701131,0.79806948164316,2.64789953134921,3.56188857444702,"public"
4.08176170262291,2.73127580061854,1.70602683606507,4.89929934941143,0.806839697488451,2.66846834144903,0.848830726752828,3.9903474082158,0.882633177116403,0.890472143611754,"public"
1.63270468104916,1.8208505337457,2.55904025409761,1.95971973976457,1.6136793949769,2.66846834144903,2.54649218025848,1.59613896328632,2.64789953134921,3.56188857444702,"public"
2.44905702157374,2.73127580061854,3.41205367213014,4.89929934941143,2.42051909246535,4.44744723574838,2.54649218025848,2.39420844492948,2.64789953134921,2.67141643083526,"public"
1.63270468104916,2.73127580061854,2.55904025409761,1.95971973976457,2.42051909246535,2.66846834144903,1.69766145350566,2.39420844492948,2.64789953134921,3.56188857444702,"public"
3.26540936209832,3.64170106749139,0.853013418032535,4.89929934941143,1.6136793949769,1.77897889429935,0.848830726752828,3.9903474082158,0.882633177116403,1.78094428722351,"public"
0.816352340524581,2.73127580061854,4.26506709016268,0.979859869882286,4.03419848744226,2.66846834144903,4.24415363376414,0.79806948164316,3.53053270846561,2.67141643083526,"public"
4.08176170262291,2.73127580061854,0.853013418032535,3.91943947952914,0.806839697488451,2.66846834144903,0.848830726752828,3.9903474082158,0.882633177116403,3.56188857444702,"public"
4.08176170262291,4.55212633436424,0.853013418032535,4.89929934941143,0.806839697488451,1.77897889429935,0.848830726752828,3.9903474082158,0.882633177116403,1.78094428722351,"public"
2.44905702157374,4.55212633436424,1.70602683606507,3.91943947952914,3.2273587899538,1.77897889429935,0.848830726752828,3.9903474082158,0.882633177116403,1.78094428722351,"public"
3.26540936209832,3.64170106749139,1.70602683606507,3.91943947952914,0.806839697488451,1.77897889429935,0.848830726752828,3.9903474082158,0.882633177116403,1.78094428722351,"public"
2.44905702157374,2.73127580061854,2.55904025409761,2.93957960964686,2.42051909246535,2.66846834144903,2.54649218025848,2.39420844492948,2.64789953134921,2.67141643083526,"public"
2.44905702157374,2.73127580061854,2.55904025409761,3.91943947952914,1.6136793949769,3.5579577885987,1.69766145350566,3.19227792657264,1.76526635423281,3.56188857444702,"public"
3.26540936209832,3.64170106749139,1.70602683606507,3.91943947952914,1.6136793949769,1.77897889429935,0.848830726752828,3.9903474082158,1.76526635423281,1.78094428722351,"public"
1.63270468104916,1.8208505337457,2.55904025409761,2.93957960964686,1.6136793949769,3.5579577885987,2.54649218025848,1.59613896328632,2.64789953134921,2.67141643083526,"public"
2.44905702157374,2.73127580061854,2.55904025409761,2.93957960964686,2.42051909246535,2.66846834144903,2.54649218025848,2.39420844492948,2.64789953134921,3.56188857444702,"public"
3.26540936209832,3.64170106749139,0.853013418032535,3.91943947952914,4.03419848744226,0.889489447149676,0.848830726752828,3.9903474082158,0.882633177116403,0.890472143611754,"public"
0.816352340524581,2.73127580061854,2.55904025409761,2.93957960964686,4.03419848744226,4.44744723574838,2.54649218025848,2.39420844492948,4.41316588558201,3.56188857444702,"public"
3.26540936209832,3.64170106749139,1.70602683606507,3.91943947952914,1.6136793949769,3.5579577885987,1.69766145350566,3.9903474082158,1.76526635423281,2.67141643083526,"public"
1.63270468104916,1.8208505337457,2.55904025409761,2.93957960964686,2.42051909246535,2.66846834144903,1.69766145350566,3.19227792657264,0.882633177116403,2.67141643083526,"public"
2.44905702157374,2.73127580061854,4.26506709016268,2.93957960964686,4.03419848744226,3.5579577885987,2.54649218025848,3.19227792657264,1.76526635423281,4.45236071805877,"public"
1.63270468104916,2.73127580061854,1.70602683606507,2.93957960964686,2.42051909246535,2.66846834144903,1.69766145350566,2.39420844492948,2.64789953134921,1.78094428722351,"public"
1.63270468104916,1.8208505337457,1.70602683606507,2.93957960964686,2.42051909246535,2.66846834144903,1.69766145350566,2.39420844492948,0.882633177116403,1.78094428722351,"public"
0.816352340524581,0.910425266872848,1.70602683606507,2.93957960964686,2.42051909246535,2.66846834144903,2.54649218025848,3.19227792657264,2.64789953134921,2.67141643083526,"public"
2.44905702157374,3.64170106749139,1.70602683606507,2.93957960964686,1.6136793949769,1.77897889429935,1.69766145350566,2.39420844492948,1.76526635423281,2.67141643083526,"public"
2.44905702157374,2.73127580061854,2.55904025409761,2.93957960964686,1.6136793949769,1.77897889429935,1.69766145350566,2.39420844492948,2.64789953134921,2.67141643083526,"public"
2.44905702157374,2.73127580061854,2.55904025409761,1.95971973976457,3.2273587899538,3.5579577885987,2.54649218025848,1.59613896328632,1.76526635423281,2.67141643083526,"public"
1.63270468104916,2.73127580061854,1.70602683606507,4.89929934941143,4.03419848744226,4.44744723574838,1.69766145350566,2.39420844492948,2.64789953134921,2.67141643083526,"public"
2.44905702157374,3.64170106749139,1.70602683606507,3.91943947952914,2.42051909246535,2.66846834144903,1.69766145350566,1.59613896328632,1.76526635423281,1.78094428722351,"public"
2.44905702157374,3.64170106749139,1.70602683606507,3.91943947952914,2.42051909246535,2.66846834144903,1.69766145350566,3.9903474082158,0.882633177116403,4.45236071805877,"public"
4.08176170262291,3.64170106749139,0.853013418032535,4.89929934941143,1.6136793949769,3.5579577885987,1.69766145350566,3.19227792657264,1.76526635423281,1.78094428722351,"public"
1.63270468104916,1.8208505337457,1.70602683606507,1.95971973976457,1.6136793949769,1.77897889429935,4.24415363376414,1.59613896328632,4.41316588558201,1.78094428722351,"public"
2.44905702157374,2.73127580061854,2.55904025409761,2.93957960964686,1.6136793949769,3.5579577885987,0.848830726752828,3.19227792657264,1.76526635423281,2.67141643083526,"public"
3.26540936209832,2.73127580061854,1.70602683606507,3.91943947952914,1.6136793949769,1.77897889429935,1.69766145350566,2.39420844492948,1.76526635423281,1.78094428722351,"public"
1.63270468104916,1.8208505337457,1.70602683606507,2.93957960964686,1.6136793949769,1.77897889429935,2.54649218025848,0.79806948164316,1.76526635423281,2.67141643083526,"public"
2.44905702157374,3.64170106749139,1.70602683606507,4.89929934941143,0.806839697488451,2.66846834144903,0.848830726752828,3.19227792657264,0.882633177116403,1.78094428722351,"public"
0.816352340524581,2.73127580061854,2.55904025409761,2.93957960964686,3.2273587899538,4.44744723574838,3.39532290701131,2.39420844492948,3.53053270846561,3.56188857444702,"public"
4.08176170262291,4.55212633436424,1.70602683606507,4.89929934941143,1.6136793949769,3.5579577885987,1.69766145350566,3.19227792657264,1.76526635423281,1.78094428722351,"public"
3.26540936209832,3.64170106749139,2.55904025409761,3.91943947952914,0.806839697488451,2.66846834144903,1.69766145350566,3.19227792657264,1.76526635423281,1.78094428722351,"public"
0.816352340524581,0.910425266872848,2.55904025409761,0.979859869882286,4.03419848744226,4.44744723574838,4.24415363376414,0.79806948164316,4.41316588558201,3.56188857444702,"public"
0.816352340524581,1.8208505337457,2.55904025409761,1.95971973976457,3.2273587899538,3.5579577885987,2.54649218025848,1.59613896328632,2.64789953134921,3.56188857444702,"public"
1.63270468104916,2.73127580061854,2.55904025409761,2.93957960964686,2.42051909246535,1.77897889429935,1.69766145350566,3.19227792657264,0.882633177116403,2.67141643083526,"public"
0.816352340524581,1.8208505337457,4.26506709016268,0.979859869882286,3.2273587899538,3.5579577885987,2.54649218025848,1.59613896328632,4.41316588558201,2.67141643083526,"public"
2.44905702157374,2.73127580061854,0.853013418032535,2.93957960964686,2.42051909246535,3.5579577885987,1.69766145350566,2.39420844492948,2.64789953134921,2.67141643083526,"public"
3.26540936209832,3.64170106749139,1.70602683606507,2.93957960964686,0.806839697488451,1.77897889429935,0.848830726752828,3.9903474082158,0.882633177116403,2.67141643083526,"public"
4.08176170262291,3.64170106749139,1.70602683606507,3.91943947952914,2.42051909246535,1.77897889429935,0.848830726752828,3.19227792657264,1.76526635423281,1.78094428722351,"public"
2.44905702157374,3.64170106749139,1.70602683606507,3.91943947952914,2.42051909246535,2.66846834144903,2.54649218025848,2.39420844492948,0.882633177116403,1.78094428722351,"public"
1.63270468104916,1.8208505337457,2.55904025409761,2.93957960964686,2.42051909246535,2.66846834144903,1.69766145350566,2.39420844492948,1.76526635423281,1.78094428722351,"public"
3.26540936209832,2.73127580061854,1.70602683606507,2.93957960964686,2.42051909246535,2.66846834144903,0.848830726752828,3.19227792657264,0.882633177116403,1.78094428722351,"public"
1.63270468104916,2.73127580061854,2.55904025409761,1.95971973976457,2.42051909246535,1.77897889429935,1.69766145350566,2.39420844492948,2.64789953134921,2.67141643083526,"public"
4.08176170262291,4.55212633436424,0.853013418032535,4.89929934941143,0.806839697488451,0.889489447149676,1.69766145350566,3.19227792657264,1.76526635423281,2.67141643083526,"public"
3.26540936209832,3.64170106749139,1.70602683606507,3.91943947952914,0.806839697488451,1.77897889429935,1.69766145350566,3.19227792657264,0.882633177116403,2.67141643083526,"public"
2.44905702157374,2.73127580061854,4.26506709016268,2.93957960964686,4.03419848744226,3.5579577885987,1.69766145350566,2.39420844492948,2.64789953134921,2.67141643083526,"public"
1.63270468104916,3.64170106749139,3.41205367213014,3.91943947952914,2.42051909246535,4.44744723574838,2.54649218025848,3.9903474082158,0.882633177116403,1.78094428722351,"public"
2.44905702157374,2.73127580061854,1.70602683606507,2.93957960964686,2.42051909246535,2.66846834144903,2.54649218025848,0.79806948164316,0.882633177116403,2.67141643083526,"public"
3.26540936209832,2.73127580061854,2.55904025409761,2.93957960964686,1.6136793949769,2.66846834144903,0.848830726752828,3.9903474082158,0.882633177116403,0.890472143611754,"public"
2.44905702157374,1.8208505337457,2.55904025409761,2.93957960964686,3.2273587899538,2.66846834144903,1.69766145350566,2.39420844492948,1.76526635423281,3.56188857444702,"public"
0.816352340524581,0.910425266872848,2.55904025409761,1.95971973976457,4.03419848744226,4.44744723574838,2.54649218025848,0.79806948164316,2.64789953134921,2.67141643083526,"public"
2.44905702157374,3.64170106749139,1.70602683606507,2.93957960964686,2.42051909246535,2.66846834144903,1.69766145350566,2.39420844492948,2.64789953134921,2.67141643083526,"public"
1.63270468104916,1.8208505337457,3.41205367213014,1.95971973976457,3.2273587899538,2.66846834144903,2.54649218025848,2.39420844492948,1.76526635423281,2.67141643083526,"public"
2.44905702157374,2.73127580061854,1.70602683606507,2.93957960964686,1.6136793949769,2.66846834144903,1.69766145350566,3.19227792657264,0.882633177116403,2.67141643083526,"public"
1.63270468104916,0.910425266872848,4.26506709016268,0.979859869882286,4.03419848744226,4.44744723574838,4.24415363376414,1.59613896328632,2.64789953134921,3.56188857444702,"public"
3.26540936209832,3.64170106749139,3.41205367213014,2.93957960964686,3.2273587899538,3.5579577885987,2.54649218025848,2.39420844492948,1.76526635423281,3.56188857444702,"public"
2.44905702157374,3.64170106749139,1.70602683606507,3.91943947952914,2.42051909246535,2.66846834144903,2.54649218025848,3.19227792657264,2.64789953134921,1.78094428722351,"public"
0.816352340524581,0.910425266872848,2.55904025409761,0.979859869882286,2.42051909246535,2.66846834144903,3.39532290701131,0.79806948164316,1.76526635423281,1.78094428722351,"public"
2.44905702157374,2.73127580061854,1.70602683606507,1.95971973976457,1.6136793949769,1.77897889429935,1.69766145350566,2.39420844492948,1.76526635423281,1.78094428722351,"public"
3.26540936209832,2.73127580061854,1.70602683606507,3.91943947952914,1.6136793949769,2.66846834144903,1.69766145350566,2.39420844492948,0.882633177116403,1.78094428722351,"public"
1.63270468104916,1.8208505337457,3.41205367213014,2.93957960964686,3.2273587899538,4.44744723574838,2.54649218025848,3.19227792657264,0.882633177116403,2.67141643083526,"public"
2.44905702157374,2.73127580061854,1.70602683606507,2.93957960964686,2.42051909246535,3.5579577885987,2.54649218025848,1.59613896328632,0.882633177116403,1.78094428722351,"public"
2.44905702157374,4.55212633436424,1.70602683606507,3.91943947952914,2.42051909246535,3.5579577885987,0.848830726752828,3.19227792657264,1.76526635423281,1.78094428722351,"public"
1.63270468104916,1.8208505337457,2.55904025409761,2.93957960964686,4.03419848744226,4.44744723574838,4.24415363376414,0.79806948164316,1.76526635423281,4.45236071805877,"public"
2.44905702157374,2.73127580061854,2.55904025409761,2.93957960964686,2.42051909246535,2.66846834144903,2.54649218025848,2.39420844492948,2.64789953134921,2.67141643083526,"public"
2.44905702157374,4.55212633436424,1.70602683606507,4.89929934941143,0.806839697488451,1.77897889429935,0.848830726752828,3.19227792657264,0.882633177116403,1.78094428722351,"public"
0.816352340524581,1.8208505337457,0.853013418032535,1.95971973976457,2.42051909246535,3.5579577885987,4.24415363376414,1.59613896328632,0.882633177116403,2.67141643083526,"public"
2.44905702157374,0.910425266872848,0.853013418032535,0.979859869882286,1.6136793949769,0.889489447149676,0.848830726752828,0.79806948164316,2.64789953134921,4.45236071805877,"public"
0.816352340524581,0.910425266872848,4.26506709016268,0.979859869882286,4.03419848744226,0.889489447149676,3.39532290701131,1.59613896328632,3.53053270846561,3.56188857444702,"public"
3.26540936209832,2.73127580061854,3.41205367213014,2.93957960964686,0.806839697488451,4.44744723574838,0.848830726752828,3.9903474082158,0.882633177116403,0.890472143611754,"public"
1.63270468104916,2.73127580061854,1.70602683606507,2.93957960964686,2.42051909246535,2.66846834144903,2.54649218025848,1.59613896328632,1.76526635423281,2.67141643083526,"public"
2.44905702157374,3.64170106749139,1.70602683606507,2.93957960964686,2.42051909246535,2.66846834144903,1.69766145350566,2.39420844492948,2.64789953134921,2.67141643083526,"public"
2.44905702157374,2.73127580061854,2.55904025409761,2.93957960964686,2.42051909246535,2.66846834144903,2.54649218025848,1.59613896328632,1.76526635423281,3.56188857444702,"public"
3.26540936209832,3.64170106749139,0.853013418032535,3.91943947952914,0.806839697488451,1.77897889429935,0.848830726752828,3.9903474082158,0.882633177116403,1.78094428722351,"public"
4.08176170262291,4.55212633436424,0.853013418032535,3.91943947952914,1.6136793949769,0.889489447149676,0.848830726752828,3.19227792657264,2.64789953134921,1.78094428722351,"public"
2.44905702157374,2.73127580061854,1.70602683606507,3.91943947952914,3.2273587899538,2.66846834144903,2.54649218025848,3.19227792657264,0.882633177116403,1.78094428722351,"public"
0.816352340524581,1.8208505337457,3.41205367213014,1.95971973976457,1.6136793949769,4.44744723574838,4.24415363376414,0.79806948164316,4.41316588558201,2.67141643083526,"public"
1.63270468104916,0.910425266872848,4.26506709016268,0.979859869882286,0.806839697488451,4.44744723574838,4.24415363376414,1.59613896328632,4.41316588558201,4.45236071805877,"public"
4.08176170262291,4.55212633436424,4.26506709016268,4.89929934941143,4.03419848744226,4.44744723574838,4.24415363376414,3.9903474082158,4.41316588558201,4.45236071805877,"public"
3.26540936209832,2.73127580061854,4.26506709016268,2.93957960964686,3.2273587899538,2.66846834144903,2.54649218025848,2.39420844492948,1.76526635423281,0.890472143611754,"public"
3.26540936209832,2.73127580061854,2.55904025409761,3.91943947952914,0.806839697488451,2.66846834144903,0.848830726752828,3.9903474082158,0.882633177116403,1.78094428722351,"public"
2.44905702157374,2.73127580061854,2.55904025409761,2.93957960964686,2.42051909246535,3.5579577885987,3.39532290701131,2.39420844492948,3.53053270846561,3.56188857444702,"public"
3.26540936209832,0.910425266872848,1.70602683606507,2.93957960964686,2.42051909246535,2.66846834144903,3.39532290701131,0.79806948164316,2.64789953134921,3.56188857444702,"public"
3.26540936209832,2.73127580061854,0.853013418032535,3.91943947952914,0.806839697488451,1.77897889429935,0.848830726752828,3.9903474082158,0.882633177116403,0.890472143611754,"public"
3.26540936209832,3.64170106749139,1.70602683606507,3.91943947952914,1.6136793949769,2.66846834144903,1.69766145350566,3.19227792657264,0.882633177116403,2.67141643083526,"public"
4.08176170262291,4.55212633436424,0.853013418032535,4.89929934941143,0.806839697488451,0.889489447149676,0.848830726752828,3.9903474082158,0.882633177116403,0.890472143611754,"public"
0.816352340524581,0.910425266872848,4.26506709016268,1.95971973976457,4.03419848744226,3.5579577885987,4.24415363376414,0.79806948164316,3.53053270846561,3.56188857444702,"public"
4.08176170262291,3.64170106749139,1.70602683606507,3.91943947952914,0.806839697488451,1.77897889429935,0.848830726752828,2.39420844492948,1.76526635423281,1.78094428722351,"public"
3.26540936209832,4.55212633436424,0.853013418032535,4.89929934941143,0.806839697488451,0.889489447149676,1.69766145350566,3.9903474082158,0.882633177116403,0.890472143611754,"public"
3.26540936209832,2.73127580061854,1.70602683606507,3.91943947952914,2.42051909246535,2.66846834144903,0.848830726752828,3.19227792657264,1.76526635423281,1.78094428722351,"public"
3.26540936209832,2.73127580061854,2.55904025409761,3.91943947952914,3.2273587899538,2.66846834144903,1.69766145350566,3.19227792657264,1.76526635423281,1.78094428722351,"public"
2.44905702157374,3.64170106749139,1.70602683606507,3.91943947952914,3.2273587899538,1.77897889429935,0.848830726752828,3.9903474082158,1.76526635423281,1.78094428722351,"public"
4.08176170262291,4.55212633436424,0.853013418032535,4.89929934941143,0.806839697488451,0.889489447149676,0.848830726752828,3.9903474082158,0.882633177116403,0.890472143611754,"public"
4.08176170262291,4.55212633436424,2.55904025409761,4.89929934941143,3.2273587899538,0.889489447149676,0.848830726752828,3.9903474082158,1.76526635423281,0.890472143611754,"public"
1.63270468104916,3.64170106749139,3.41205367213014,2.93957960964686,3.2273587899538,3.5579577885987,3.39532290701131,0.79806948164316,2.64789953134921,3.56188857444702,"public"
3.26540936209832,0.910425266872848,1.70602683606507,2.93957960964686,1.6136793949769,2.66846834144903,0.848830726752828,3.19227792657264,1.76526635423281,1.78094428722351,"public"
2.44905702157374,1.8208505337457,1.70602683606507,1.95971973976457,2.42051909246535,3.5579577885987,2.54649218025848,1.59613896328632,2.64789953134921,2.67141643083526,"public"
2.44905702157374,2.73127580061854,2.55904025409761,2.93957960964686,2.42051909246535,2.66846834144903,2.54649218025848,2.39420844492948,2.64789953134921,2.67141643083526,"public"
4.08176170262291,2.73127580061854,2.55904025409761,2.93957960964686,2.42051909246535,2.66846834144903,3.39532290701131,2.39420844492948,1.76526635423281,1.78094428722351,"public"
2.44905702157374,3.64170106749139,1.70602683606507,3.91943947952914,1.6136793949769,1.77897889429935,1.69766145350566,3.19227792657264,1.76526635423281,1.78094428722351,"public"
0.816352340524581,2.73127580061854,1.70602683606507,2.93957960964686,2.42051909246535,2.66846834144903,2.54649218025848,2.39420844492948,2.64789953134921,2.67141643083526,"public"
3.26540936209832,3.64170106749139,1.70602683606507,3.91943947952914,1.6136793949769,0.889489447149676,1.69766145350566,3.9903474082158,1.76526635423281,1.78094428722351,"public"
4.08176170262291,3.64170106749139,0.853013418032535,3.91943947952914,2.42051909246535,4.44744723574838,2.54649218025848,1.59613896328632,3.53053270846561,2.67141643083526,"public"
1.63270468104916,1.8208505337457,4.26506709016268,1.95971973976457,2.42051909246535,1.77897889429935,2.54649218025848,1.59613896328632,3.53053270846561,3.56188857444702,"public"
2.44905702157374,2.73127580061854,2.55904025409761,2.93957960964686,2.42051909246535,2.66846834144903,1.69766145350566,0.79806948164316,3.53053270846561,2.67141643083526,"public"
1.63270468104916,2.73127580061854,2.55904025409761,2.93957960964686,3.2273587899538,2.66846834144903,3.39532290701131,1.59613896328632,2.64789953134921,2.67141643083526,"public"
2.44905702157374,2.73127580061854,2.55904025409761,0.979859869882286,2.42051909246535,3.5579577885987,2.54649218025848,1.59613896328632,1.76526635423281,3.56188857444702,"public"
3.26540936209832,3.64170106749139,2.55904025409761,3.91943947952914,3.2273587899538,3.5579577885987,3.39532290701131,3.19227792657264,2.64789953134921,3.56188857444702,"public"
1.63270468104916,0.910425266872848,2.55904025409761,2.93957960964686,4.03419848744226,3.5579577885987,4.24415363376414,1.59613896328632,2.64789953134921,3.56188857444702,"public"
1.63270468104916,1.8208505337457,2.55904025409761,1.95971973976457,4.03419848744226,2.66846834144903,2.54649218025848,2.39420844492948,0.882633177116403,4.45236071805877,"public"
